2025-06-23 00:11:04,440 [INFO] Processing municipality: SELVA (07058)
2025-06-23 00:11:16,339 [INFO] Created 5,131 records
2025-06-23 00:11:16,340 [INFO] Inserted 5131 new parcels for SELVA.
2025-06-23 00:11:16,504 [INFO] Fetching units for 000100100DD99E (1/5131)
2025-06-23 00:11:32,617 [INFO] Fetching units for 000100100DE90A (2/5131)
2025-06-23 00:11:48,527 [INFO] Fetching units for 000100100DE90B (3/5131)
2025-06-23 00:12:04,481 [INFO] Fetching units for 000100200DE90A (4/5131)
2025-06-23 00:12:20,346 [INFO] Fetching units for 000100200DE90B (5/5131)
2025-06-23 00:12:36,292 [INFO] Fetching units for 000100300DD99G (6/5131)
2025-06-23 00:12:52,206 [INFO] Fetching units for 000100300DE90B (7/5131)
2025-06-23 00:13:08,124 [INFO] Fetching units for 000100400DD99G (8/5131)
2025-06-23 00:13:24,017 [INFO] Fetching units for 000100400DE90B (9/5131)
2025-06-23 00:13:39,949 [INFO] Fetching units for 000100500DD99G (10/5131)
2025-06-23 00:13:55,824 [INFO] Inserted 10 unit records.
2025-06-23 00:13:55,824 [INFO] Fetching units for 000100600DE99G (11/5131)
2025-06-23 00:14:11,669 [INFO] Fetching units for 000100700DE90B (12/5131)
2025-06-23 00:14:27,575 [INFO] Fetching units for 000100800DE90B (13/5131)
2025-06-23 00:14:43,558 [INFO] Fetching units for 000100800DE99G (14/5131)
2025-06-23 00:14:59,418 [INFO] Fetching units for 000101100DD99G (15/5131)
2025-06-23 00:15:15,357 [INFO] Fetching units for 000150300DD99E (16/5131)
2025-06-23 00:15:31,216 [INFO] Fetching units for 000200100DD99G (17/5131)
2025-06-23 00:15:47,215 [INFO] Fetching units for 000200100DE90A (18/5131)
2025-06-23 00:16:03,091 [INFO] Fetching units for 000200200DD99G (19/5131)
2025-06-23 00:16:18,929 [INFO] Fetching units for 000200200DE90A (20/5131)
2025-06-23 00:16:34,766 [INFO] Inserted 10 unit records.
2025-06-23 00:16:34,766 [INFO] Fetching units for 000200300DE90A (21/5131)
2025-06-23 00:16:50,804 [INFO] Fetching units for 000200400DD99G (22/5131)
2025-06-23 00:17:06,715 [INFO] Fetching units for 000200400DE90A (23/5131)
2025-06-23 00:17:22,546 [INFO] Fetching units for 000200500DD99G (24/5131)
2025-06-23 00:17:38,482 [INFO] Fetching units for 000200600DD99G (25/5131)
2025-06-23 00:21:05,644 [INFO] Fetching units for 000201700DD99G (38/5131)
2025-06-23 00:21:21,481 [INFO] Fetching units for 000201900DD99G (39/5131)
2025-06-23 00:21:37,297 [INFO] Fetching units for 000202300DD99G (40/5131)
2025-06-23 00:21:53,256 [INFO] Inserted 10 unit records.
2025-06-23 00:21:53,256 [INFO] Fetching units for 000202400DD99G (41/5131)
2025-06-23 00:22:09,636 [INFO] Fetching units for 000300100DD99G (42/5131)
2025-06-23 00:22:25,591 [INFO] Fetching units for 000300100DE90A (43/5131)
2025-06-23 00:22:41,448 [INFO] Fetching units for 000300200DE90A (44/5131)
2025-06-23 00:22:57,331 [INFO] Fetching units for 000300300DD99G (45/5131)
2025-06-23 00:23:13,241 [INFO] Fetching units for 000300300DE90A (46/5131)
2025-06-23 00:23:29,124 [INFO] Fetching units for 000300500DD99G (47/5131)
2025-06-23 00:23:44,947 [INFO] Fetching units for 000300600DD99G (48/5131)
2025-06-23 00:24:00,822 [INFO] Fetching units for 000300600DE90A (49/5131)
2025-06-23 00:24:16,740 [INFO] Fetching units for 000300700DE90A (50/5131)
2025-06-23 00:24:32,708 [INFO] Inserted 10 unit records.
2025-06-23 00:24:32,708 [INFO] Fetching units for 000300800DD99G (51/5131)
2025-06-23 00:24:48,510 [INFO] Fetching units for 000300900DD99G (52/5131)
2025-06-23 00:25:04,372 [INFO] Fetching units for 000300900DE90A (53/5131)
2025-06-23 00:25:20,406 [INFO] Fetching units for 000301000DD99G (54/5131)
2025-06-23 00:25:36,309 [INFO] Fetching units for 000301100DE90A (55/5131)
2025-06-23 00:25:52,439 [INFO] Fetching units for 000301200DE90A (56/5131)
2025-06-23 00:26:08,381 [INFO] Fetching units for 000301300DE90A (57/5131)
2025-06-23 00:26:24,322 [INFO] Fetching units for 000301400DD99G (58/5131)
2025-06-23 00:26:40,149 [INFO] Fetching units for 000301400DE90A (59/5131)
2025-06-23 00:26:56,106 [INFO] Fetching units for 000301600DD99G (60/5131)
2025-06-23 00:27:12,093 [INFO] Inserted 10 unit records.
2025-06-23 00:27:12,093 [INFO] Fetching units for 000301600DE90A (61/5131)
2025-06-23 00:27:28,154 [INFO] Fetching units for 000301700DD99G (62/5131)
2025-06-23 00:27:44,123 [INFO] Fetching units for 000302000DD99G (63/5131)
2025-06-23 00:28:00,026 [INFO] Fetching units for 000302100DD99G (64/5131)
2025-06-23 00:28:15,903 [INFO] Fetching units for 000302300DD99G (65/5131)
2025-06-23 00:28:31,965 [INFO] Fetching units for 000302800DD99G (66/5131)
2025-06-23 00:28:47,735 [INFO] Fetching units for 000302900DD99G (67/5131)
2025-06-23 00:29:03,669 [INFO] Fetching units for 000303100DD99G (68/5131)
2025-06-23 00:29:19,469 [INFO] Fetching units for 000303200DD99G (69/5131)
2025-06-23 00:29:35,403 [INFO] Fetching units for 000303300DD99G (70/5131)
2025-06-23 00:29:51,227 [INFO] Inserted 10 unit records.
2025-06-23 00:29:51,227 [INFO] Fetching units for 000303400DD99G (71/5131)
2025-06-23 00:30:07,107 [INFO] Fetching units for 000303600DD99G (72/5131)
2025-06-23 00:30:22,901 [INFO] Fetching units for 000303700DD99G (73/5131)
2025-06-23 00:30:38,873 [INFO] Fetching units for 000303800DD99G (74/5131)
2025-06-23 00:30:54,772 [INFO] Fetching units for 000304100DD99G (75/5131)
2025-06-23 00:31:10,646 [INFO] Fetching units for 000304200DD99G (76/5131)
2025-06-23 00:31:26,522 [INFO] Fetching units for 000304300DD99G (77/5131)
2025-06-23 00:31:42,420 [INFO] Fetching units for 000304400DD99G (78/5131)
2025-06-23 00:31:58,232 [INFO] Fetching units for 000304500DD99G (79/5131)
2025-06-23 00:32:14,166 [INFO] Fetching units for 000304600DD99G (80/5131)
2025-06-23 00:32:30,005 [INFO] Inserted 10 unit records.
2025-06-23 00:32:30,005 [INFO] Fetching units for 000304900DD99G (81/5131)
2025-06-23 00:32:45,948 [INFO] Fetching units for 000305100DD99G (82/5131)
2025-06-23 00:33:01,920 [INFO] Fetching units for 000400100DD89F (83/5131)
2025-06-23 00:33:17,877 [INFO] Fetching units for 000400100DD99G (84/5131)
2025-06-23 00:33:33,793 [INFO] Fetching units for 000400100DE90E (85/5131)
2025-06-23 00:33:49,749 [INFO] Fetching units for 000400300DD99G (86/5131)
2025-06-23 00:34:05,590 [INFO] Fetching units for 000400400DE90A (87/5131)
2025-06-23 00:34:21,419 [INFO] Fetching units for 000400500DE90A (88/5131)
2025-06-23 00:34:37,370 [INFO] Fetching units for 000400600DD99G (89/5131)
2025-06-23 00:34:53,388 [INFO] Fetching units for 000400700DD99G (90/5131)
2025-06-23 00:35:09,327 [INFO] Inserted 10 unit records.
2025-06-23 00:35:09,327 [INFO] Fetching units for 000400900DD99G (91/5131)
2025-06-23 00:35:25,235 [INFO] Fetching units for 000401100DD99G (92/5131)
2025-06-23 00:35:41,075 [INFO] Fetching units for 000401300DD99G (93/5131)
2025-06-23 00:35:57,074 [INFO] Fetching units for 000401700DD99G (94/5131)
2025-06-23 00:36:12,883 [INFO] Fetching units for 000401800DD99G (95/5131)
2025-06-23 00:36:28,669 [INFO] Fetching units for 000401900DD99G (96/5131)
2025-06-23 00:36:44,574 [INFO] Fetching units for 000402000DD99G (97/5131)
2025-06-23 00:37:00,573 [INFO] Fetching units for 000402400DD99G (98/5131)
2025-06-23 00:37:16,575 [INFO] Fetching units for 000500100DE90A (99/5131)
2025-06-23 00:37:32,449 [INFO] Fetching units for 000500200DD99G (100/5131)
2025-06-23 00:37:48,348 [INFO] Inserted 10 unit records.
2025-06-23 00:37:48,348 [INFO] Fetching units for 000500300DD99G (101/5131)
2025-06-23 00:38:04,427 [INFO] Fetching units for 000500300DE90A (102/5131)
2025-06-23 00:38:20,325 [INFO] Fetching units for 000500400DD99G (103/5131)
2025-06-23 00:38:36,362 [INFO] Fetching units for 000500500DE90A (104/5131)
2025-06-23 00:38:52,324 [INFO] Fetching units for 000500700DE90A (105/5131)
2025-06-23 00:39:08,336 [INFO] Fetching units for 000500800DE90A (106/5131)
2025-06-23 00:39:24,207 [INFO] Fetching units for 000501100DE90A (107/5131)
2025-06-23 00:39:40,200 [INFO] Fetching units for 000501200DE90A (108/5131)
2025-06-23 00:39:56,182 [INFO] Fetching units for 000501400DE90A (109/5131)
2025-06-23 00:40:12,301 [INFO] Fetching units for 000501600DE90A (110/5131)
2025-06-23 00:40:28,278 [INFO] Inserted 10 unit records.
2025-06-23 00:40:28,278 [INFO] Fetching units for 000501800DE90A (111/5131)
2025-06-23 00:40:44,143 [INFO] Fetching units for 000501900DE90A (112/5131)
2025-06-23 00:41:00,137 [INFO] Fetching units for 000502000DE90A (113/5131)
2025-06-23 00:41:16,183 [INFO] Fetching units for 000600100DD99G (114/5131)
2025-06-23 00:41:32,060 [INFO] Fetching units for 000600100DE90A (115/5131)
2025-06-23 00:41:47,863 [INFO] Fetching units for 000600100DE90B (116/5131)
2025-06-23 00:42:03,780 [INFO] Fetching units for 000600100DE99G (117/5131)
2025-06-23 00:42:19,780 [INFO] Fetching units for 000600200DE90A (118/5131)
2025-06-23 00:42:35,700 [INFO] Fetching units for 000600400DE90B (119/5131)
2025-06-23 00:42:51,652 [INFO] Fetching units for 000600500DE90B (120/5131)
2025-06-23 00:43:07,611 [INFO] Inserted 10 unit records.
2025-06-23 00:43:07,611 [INFO] Fetching units for 000600600DE90B (121/5131)
2025-06-23 00:43:23,656 [INFO] Fetching units for 000600800DE90B (122/5131)
2025-06-23 00:43:39,481 [INFO] Fetching units for 000601000DE90B (123/5131)
2025-06-23 00:43:55,402 [INFO] Fetching units for 000601200DE90B (124/5131)
2025-06-23 00:44:11,321 [INFO] Fetching units for 000700100DD99G (125/5131)
2025-06-23 00:44:27,348 [INFO] Fetching units for 000700100DE90A (126/5131)
2025-06-23 00:44:43,454 [INFO] Fetching units for 000700200DE90A (127/5131)
2025-06-23 00:44:59,382 [INFO] Fetching units for 000700300DE90A (128/5131)
2025-06-23 00:45:15,248 [INFO] Fetching units for 000700400DD99G (129/5131)
2025-06-23 00:45:31,372 [INFO] Fetching units for 000700500DD99G (130/5131)
2025-06-23 00:45:47,228 [INFO] Inserted 10 unit records.
2025-06-23 00:45:47,228 [INFO] Fetching units for 000700500DE90A (131/5131)
2025-06-23 00:46:03,136 [INFO] Fetching units for 000700700DD99G (132/5131)
2025-06-23 00:46:19,090 [INFO] Fetching units for 000700700DE90A (133/5131)
2025-06-23 00:46:35,091 [INFO] Fetching units for 000700800DE90A (134/5131)
2025-06-23 00:46:51,093 [INFO] Fetching units for 000701100DD99G (135/5131)
2025-06-23 00:47:06,979 [INFO] Fetching units for 000701100DE90A (136/5131)
2025-06-23 00:47:23,097 [INFO] Fetching units for 000701200DD99G (137/5131)
2025-06-23 00:47:39,060 [INFO] Fetching units for 000701200DE90A (138/5131)
2025-06-23 00:47:55,013 [INFO] Fetching units for 000701300DD99G (139/5131)
2025-06-23 00:48:10,855 [INFO] Fetching units for 000701400DD99G (140/5131)
2025-06-23 00:48:26,714 [INFO] Inserted 10 unit records.
2025-06-23 00:48:26,714 [INFO] Fetching units for 000701700DE90A (141/5131)
2025-06-23 00:48:42,657 [INFO] Fetching units for 000701900DE90A (142/5131)
2025-06-23 00:48:58,537 [INFO] Fetching units for 000702000DE90A (143/5131)
2025-06-23 00:49:14,436 [INFO] Fetching units for 000702200DD99G (144/5131)
2025-06-23 00:49:30,356 [INFO] Fetching units for 000703300DD99G (145/5131)
2025-06-23 00:49:46,364 [INFO] Fetching units for 000800100DD99G (146/5131)
2025-06-23 00:50:02,700 [INFO] Fetching units for 000800100DE90A (147/5131)
2025-06-23 00:50:18,553 [INFO] Fetching units for 000800300DE90A (148/5131)
2025-06-23 00:50:34,371 [INFO] Fetching units for 000800500DE90A (149/5131)
2025-06-23 00:50:50,312 [INFO] Fetching units for 000800600DD99G (150/5131)
2025-06-23 00:51:06,200 [INFO] Inserted 10 unit records.
2025-06-23 00:51:06,200 [INFO] Fetching units for 000800700DD99G (151/5131)
2025-06-23 00:51:21,996 [INFO] Fetching units for 000800800DE90A (152/5131)
2025-06-23 00:51:37,998 [INFO] Fetching units for 000800900DD99G (153/5131)
2025-06-23 00:51:53,981 [INFO] Fetching units for 000801100DE90A (154/5131)
2025-06-23 00:52:09,872 [INFO] Fetching units for 000801200DD99G (155/5131)
2025-06-23 00:52:25,699 [INFO] Fetching units for 000801200DE90A (156/5131)
2025-06-23 00:52:41,718 [INFO] Fetching units for 000801300DD99G (157/5131)
2025-06-23 00:52:57,763 [INFO] Fetching units for 000801400DE90A (158/5131)
2025-06-23 00:53:13,653 [INFO] Fetching units for 000801500DD99G (159/5131)
2025-06-23 00:53:29,496 [INFO] Fetching units for 000801600DD99G (160/5131)
2025-06-23 00:53:45,402 [INFO] Inserted 10 unit records.
2025-06-23 00:53:45,402 [INFO] Fetching units for 000801600DE90A (161/5131)
2025-06-23 00:54:01,434 [INFO] Fetching units for 000801700DD99G (162/5131)
2025-06-23 00:54:17,330 [INFO] Fetching units for 000801800DE90A (163/5131)
2025-06-23 00:54:33,262 [INFO] Fetching units for 000802100DD99G (164/5131)
2025-06-23 00:54:49,165 [INFO] Fetching units for 000802100DE90A (165/5131)
2025-06-23 00:55:05,207 [INFO] Fetching units for 000802200DD99G (166/5131)
2025-06-23 00:55:21,088 [INFO] Fetching units for 000802200DE90A (167/5131)
2025-06-23 00:55:37,122 [INFO] Fetching units for 000802300DD99G (168/5131)
2025-06-23 00:55:52,976 [INFO] Fetching units for 000802300DE90A (169/5131)
2025-06-23 00:56:09,153 [INFO] Fetching units for 000802400DE90A (170/5131)
2025-06-23 00:56:24,951 [INFO] Inserted 10 unit records.
2025-06-23 00:56:24,951 [INFO] Fetching units for 000802600DD99G (171/5131)
2025-06-23 00:56:40,888 [INFO] Fetching units for 000802700DD99G (172/5131)
2025-06-23 00:56:56,935 [INFO] Fetching units for 000803100DD99G (173/5131)
2025-06-23 00:57:12,949 [INFO] Fetching units for 000803300DD99G (174/5131)
2025-06-23 00:57:28,778 [INFO] Fetching units for 000803400DD99G (175/5131)
2025-06-23 00:57:44,592 [INFO] Fetching units for 000900100DD99G (176/5131)
2025-06-23 00:58:00,475 [INFO] Fetching units for 000900200DD99G (177/5131)
2025-06-23 00:58:16,559 [INFO] Fetching units for 000900200DE90A (178/5131)
2025-06-23 00:58:32,455 [INFO] Fetching units for 000900300DD99G (179/5131)
2025-06-23 00:58:48,403 [INFO] Fetching units for 000900300DE90A (180/5131)
2025-06-23 00:59:04,200 [INFO] Inserted 10 unit records.
2025-06-23 00:59:04,200 [INFO] Fetching units for 000900500DD99G (181/5131)
2025-06-23 00:59:20,158 [INFO] Fetching units for 000900500DE90A (182/5131)
2025-06-23 00:59:35,965 [INFO] Fetching units for 000900600DD99G (183/5131)
2025-06-23 00:59:51,887 [INFO] Fetching units for 000900700DD99G (184/5131)
2025-06-23 01:00:07,842 [INFO] Fetching units for 000900800DD99G (185/5131)
2025-06-23 01:00:23,854 [INFO] Fetching units for 000900800DE90A (186/5131)
2025-06-23 01:00:39,653 [INFO] Fetching units for 000900900DD99G (187/5131)
2025-06-23 01:00:55,559 [INFO] Fetching units for 000901200DD99G (188/5131)
2025-06-23 01:01:11,463 [INFO] Fetching units for 000901300DD99G (189/5131)
2025-06-23 01:01:27,460 [INFO] Fetching units for 000901400DE90A (190/5131)
2025-06-23 01:01:43,403 [INFO] Inserted 10 unit records.
2025-06-23 01:01:43,403 [INFO] Fetching units for 000901500DD99G (191/5131)
2025-06-23 01:01:59,457 [INFO] Fetching units for 000901600DD99G (192/5131)
2025-06-23 01:02:15,365 [INFO] Fetching units for 000901600DE90A (193/5131)
2025-06-23 01:02:31,249 [INFO] Fetching units for 000901700DE90A (194/5131)
2025-06-23 01:02:47,183 [INFO] Fetching units for 000901800DD99G (195/5131)
2025-06-23 01:03:03,076 [INFO] Fetching units for 000902000DD99G (196/5131)
2025-06-23 01:03:19,356 [INFO] Fetching units for 000902300DD99G (197/5131)
2025-06-23 01:03:35,278 [INFO] Fetching units for 000902600DD99G (198/5131)
2025-06-23 01:03:51,122 [INFO] Fetching units for 001000100DD99G (199/5131)
2025-06-23 01:04:06,995 [INFO] Fetching units for 001000100DE90A (200/5131)
2025-06-23 01:04:22,818 [INFO] Inserted 10 unit records.
2025-06-23 01:04:22,818 [INFO] Fetching units for 001000200DD99G (201/5131)
2025-06-23 01:04:38,856 [INFO] Fetching units for 001000200DE90A (202/5131)
2025-06-23 01:04:54,666 [INFO] Fetching units for 001000300DD99G (203/5131)
2025-06-23 01:05:10,569 [INFO] Fetching units for 001000300DE90A (204/5131)
2025-06-23 01:05:26,419 [INFO] Fetching units for 001000400DE90A (205/5131)
2025-06-23 01:05:42,432 [INFO] Fetching units for 001000500DE90A (206/5131)
2025-06-23 01:05:58,228 [INFO] Fetching units for 001000700DD99G (207/5131)
2025-06-23 01:06:14,138 [INFO] Fetching units for 001000700DE90A (208/5131)
2025-06-23 01:06:30,074 [INFO] Fetching units for 001000800DD99G (209/5131)
2025-06-23 01:06:46,109 [INFO] Fetching units for 001000900DD99G (210/5131)
2025-06-23 01:07:01,978 [INFO] Inserted 10 unit records.
2025-06-23 01:07:01,978 [INFO] Fetching units for 001001100DD99G (211/5131)
2025-06-23 01:07:17,835 [INFO] Fetching units for 001001300DD99G (212/5131)
2025-06-23 01:07:33,746 [INFO] Fetching units for 001001400DD99G (213/5131)
2025-06-23 01:07:49,951 [INFO] Fetching units for 001100100DE90A (214/5131)
2025-06-23 01:08:05,976 [INFO] Fetching units for 001100200DD99G (215/5131)
2025-06-23 01:08:21,764 [INFO] Fetching units for 001100200DE90A (216/5131)
2025-06-23 01:08:37,677 [INFO] Fetching units for 001100200DE90B (217/5131)
2025-06-23 01:08:53,550 [INFO] Fetching units for 001100300DD99G (218/5131)
2025-06-23 01:09:09,375 [INFO] Fetching units for 001100300DE90B (219/5131)
2025-06-23 01:09:25,293 [INFO] Fetching units for 001100500DD99G (220/5131)
2025-06-23 01:09:41,226 [INFO] Inserted 10 unit records.
2025-06-23 01:09:41,226 [INFO] Fetching units for 001100500DE90B (221/5131)
2025-06-23 01:09:57,135 [INFO] Fetching units for 001100600DE90A (222/5131)
2025-06-23 01:10:12,989 [INFO] Fetching units for 001100600DE90B (223/5131)
2025-06-23 01:10:28,776 [INFO] Fetching units for 001100700DD99G (224/5131)
2025-06-23 01:10:44,696 [INFO] Fetching units for 001100700DE90A (225/5131)
2025-06-23 01:11:00,636 [INFO] Fetching units for 001100800DD99G (226/5131)
2025-06-23 01:11:16,482 [INFO] Fetching units for 001100800DE90A (227/5131)
2025-06-23 01:11:32,325 [INFO] Fetching units for 001100800DE90B (228/5131)
2025-06-23 01:11:48,730 [INFO] Fetching units for 001100900DD99G (229/5131)
2025-06-23 01:12:04,715 [INFO] Fetching units for 001100900DE90A (230/5131)
2025-06-23 01:12:20,627 [INFO] Inserted 10 unit records.
2025-06-23 01:12:20,627 [INFO] Fetching units for 001101000DE90A (231/5131)
2025-06-23 01:12:36,456 [INFO] Fetching units for 001101100DD99G (232/5131)
2025-06-23 01:12:52,337 [INFO] Fetching units for 001101300DD99G (233/5131)
2025-06-23 01:13:08,340 [INFO] Fetching units for 001101300DE90A (234/5131)
2025-06-23 01:13:24,163 [INFO] Fetching units for 001101400DD99G (235/5131)
2025-06-23 01:13:39,992 [INFO] Fetching units for 001101500DD99G (236/5131)
2025-06-23 01:13:55,858 [INFO] Fetching units for 001101500DE90A (237/5131)
2025-06-23 01:14:11,810 [INFO] Fetching units for 001101700DD99G (238/5131)
2025-06-23 01:14:27,774 [INFO] Fetching units for 001102000DD99G (239/5131)
2025-06-23 01:14:43,669 [INFO] Fetching units for 001102200DD99G (240/5131)
2025-06-23 01:14:59,481 [INFO] Inserted 10 unit records.
2025-06-23 01:14:59,481 [INFO] Fetching units for 001102300DD99G (241/5131)
2025-06-23 01:15:15,357 [INFO] Fetching units for 001102400DD99G (242/5131)
2025-06-23 01:15:31,263 [INFO] Fetching units for 001102500DD99G (243/5131)
2025-06-23 01:15:47,344 [INFO] Fetching units for 001102700DD99G (244/5131)
2025-06-23 01:16:03,330 [INFO] Fetching units for 001102900DE99G (245/5131)
2025-06-23 01:16:19,288 [INFO] Fetching units for 001103000DD99G (246/5131)
2025-06-23 01:16:35,122 [INFO] Fetching units for 001103100DE99G (247/5131)
2025-06-23 01:16:50,919 [INFO] Fetching units for 001103200DE99G (248/5131)
2025-06-23 01:17:06,715 [INFO] Fetching units for 001104700DD99G (249/5131)
2025-06-23 01:17:22,630 [INFO] Fetching units for 001104900DD99G (250/5131)
2025-06-23 01:17:38,529 [INFO] Inserted 10 unit records.
2025-06-23 01:17:38,529 [INFO] Fetching units for 001151600DE99G (251/5131)
2025-06-23 01:17:54,309 [INFO] Fetching units for 001200200DD99G (252/5131)
2025-06-23 01:18:10,178 [INFO] Fetching units for 001200200DE90A (253/5131)
2025-06-23 01:18:26,065 [INFO] Fetching units for 001200200DE90B (254/5131)
2025-06-23 01:18:41,919 [INFO] Fetching units for 001200300DE90B (255/5131)
2025-06-23 01:18:57,712 [INFO] Fetching units for 001200400DE90A (256/5131)
2025-06-23 01:19:49,998 [INFO] Fetching units for 001200400DE90B (257/5131)
2025-06-23 01:20:05,867 [INFO] Fetching units for 001200500DD99G (258/5131)
2025-06-23 01:20:21,703 [INFO] Fetching units for 001200500DE90B (259/5131)
2025-06-23 01:20:37,610 [INFO] Fetching units for 001200600DE90B (260/5131)
2025-06-23 01:20:53,428 [INFO] Fetching units for 001200700DD99G (261/5131)
2025-06-23 01:21:09,262 [INFO] Inserted 10 unit records.
2025-06-23 01:21:09,262 [INFO] Fetching units for 001200800DD99G (262/5131)
2025-06-23 01:21:25,137 [INFO] Fetching units for 001200800DE90B (263/5131)
2025-06-23 01:21:41,122 [INFO] Fetching units for 001201000DD99G (264/5131)
2025-06-23 01:21:56,963 [INFO] Fetching units for 001201100DD99G (265/5131)
2025-06-23 01:22:12,837 [INFO] Fetching units for 001201200DD99G (266/5131)
2025-06-23 01:22:28,751 [INFO] Fetching units for 001201300DD99G (267/5131)
2025-06-23 01:22:44,667 [INFO] Fetching units for 001201400DD99G (268/5131)
2025-06-23 01:23:00,434 [INFO] Fetching units for 001201400DE99G (269/5131)
2025-06-23 01:23:16,275 [INFO] Fetching units for 001201500DD99G (270/5131)
2025-06-23 01:23:32,106 [INFO] Fetching units for 001201700DE99G (271/5131)
2025-06-23 01:23:48,093 [INFO] Inserted 10 unit records.
2025-06-23 01:23:48,093 [INFO] Fetching units for 001201800DD99G (272/5131)
2025-06-23 01:24:03,938 [INFO] Fetching units for 001300100DE90A (273/5131)
2025-06-23 01:24:19,777 [INFO] Fetching units for 001300400DD99G (274/5131)
2025-06-23 01:24:35,575 [INFO] Fetching units for 001300400DE90A (275/5131)
2025-06-23 01:24:51,518 [INFO] Fetching units for 001300500DD99G (276/5131)
2025-06-23 01:25:07,372 [INFO] Fetching units for 001300500DE90A (277/5131)
2025-06-23 01:25:23,153 [INFO] Fetching units for 001300600DD99G (278/5131)
2025-06-23 01:25:38,996 [INFO] Fetching units for 001300600DE90A (279/5131)
2025-06-23 01:25:54,997 [INFO] Fetching units for 001300700DD99G (280/5131)
2025-06-23 01:26:10,856 [INFO] Fetching units for 001300700DE90A (281/5131)
2025-06-23 01:27:03,255 [INFO] Fetching units for 001300800DD99G (282/5131)
2025-06-23 01:27:19,257 [INFO] Inserted 10 unit records.
2025-06-23 01:27:19,257 [INFO] Fetching units for 001300900DD99G (283/5131)
2025-06-23 01:27:35,122 [INFO] Fetching units for 001301000DD99G (284/5131)
2025-06-23 01:27:51,084 [INFO] Fetching units for 001301000DE90A (285/5131)
2025-06-23 01:28:06,890 [INFO] Fetching units for 001301100DD99G (286/5131)
2025-06-23 01:28:23,001 [INFO] Fetching units for 001301100DE90A (287/5131)
2025-06-23 01:28:38,930 [INFO] Fetching units for 001301200DD99G (288/5131)
2025-06-23 01:28:54,808 [INFO] Fetching units for 001301300DE90A (289/5131)
2025-06-23 01:29:10,653 [INFO] Fetching units for 001301400DD99G (290/5131)
2025-06-23 01:29:26,934 [INFO] Fetching units for 001301600DE90A (291/5131)
2025-06-23 01:29:43,106 [INFO] Fetching units for 001301900DD99G (292/5131)
2025-06-23 01:29:59,378 [INFO] Inserted 10 unit records.
2025-06-23 01:29:59,378 [INFO] Fetching units for 001302000DD99G (293/5131)
2025-06-23 01:30:15,229 [INFO] Fetching units for 001302100DD99G (294/5131)
2025-06-23 01:30:31,200 [INFO] Fetching units for 001302200DD99G (295/5131)
2025-06-23 01:30:47,672 [INFO] Fetching units for 001302300DD99G (296/5131)
2025-06-23 01:31:03,574 [INFO] Fetching units for 001302400DD99G (297/5131)
2025-06-23 01:31:19,450 [INFO] Fetching units for 001302500DD99G (298/5131)
2025-06-23 01:31:35,419 [INFO] Fetching units for 001302700DD99G (299/5131)
2025-06-23 01:31:51,403 [INFO] Fetching units for 001303000DD99G (300/5131)
2025-06-23 01:32:07,289 [INFO] Fetching units for 001303100DD99G (301/5131)
2025-06-23 01:32:23,161 [INFO] Fetching units for 001303200DD99G (302/5131)
2025-06-23 01:32:39,098 [INFO] Inserted 10 unit records.
2025-06-23 01:32:39,098 [INFO] Fetching units for 001303300DD99G (303/5131)
2025-06-23 01:32:55,920 [INFO] Fetching units for 001303500DD99G (304/5131)
2025-06-23 01:33:11,746 [INFO] Fetching units for 001303700DD99G (305/5131)
2025-06-23 01:33:27,620 [INFO] Fetching units for 001304000DD99G (306/5131)
2025-06-23 01:33:43,626 [INFO] Fetching units for 001304100DD99G (307/5131)
2025-06-23 01:33:59,450 [INFO] Fetching units for 001304200DD99G (308/5131)
2025-06-23 01:34:15,324 [INFO] Fetching units for 001400100DD99G (309/5131)
2025-06-23 01:34:31,153 [INFO] Fetching units for 001400100DE90A (310/5131)
2025-06-23 01:34:47,104 [INFO] Fetching units for 001400200DE90C (311/5131)
2025-06-23 01:35:03,012 [INFO] Fetching units for 001400300DD99G (312/5131)
2025-06-23 01:35:18,935 [INFO] Inserted 10 unit records.
2025-06-23 01:35:18,935 [INFO] Fetching units for 001400300DE90A (313/5131)
2025-06-23 01:35:34,778 [INFO] Fetching units for 001400400DD99G (314/5131)
2025-06-23 01:35:50,777 [INFO] Fetching units for 001400400DE90A (315/5131)
2025-06-23 01:36:06,624 [INFO] Fetching units for 001400500DD99G (316/5131)
2025-06-23 01:36:22,496 [INFO] Fetching units for 001400500DE90A (317/5131)
2025-06-23 01:36:38,320 [INFO] Fetching units for 001400600DD99G (318/5131)
2025-06-23 01:36:54,295 [INFO] Fetching units for 001400800DE90A (319/5131)
2025-06-23 01:37:10,199 [INFO] Fetching units for 001400900DE90A (320/5131)
2025-06-23 01:37:26,137 [INFO] Fetching units for 001401000DE90A (321/5131)
2025-06-23 01:37:42,095 [INFO] Fetching units for 001401100DE90A (322/5131)
2025-06-23 01:37:58,091 [INFO] Inserted 10 unit records.
2025-06-23 01:37:58,091 [INFO] Fetching units for 001401400DE90A (323/5131)
2025-06-23 01:38:13,875 [INFO] Fetching units for 001450700DD99G (324/5131)
2025-06-23 01:38:29,746 [INFO] Fetching units for 001450800DD99G (325/5131)
2025-06-23 01:38:45,700 [INFO] Fetching units for 001500200DE90A (326/5131)
2025-06-23 01:39:01,634 [INFO] Fetching units for 001500300DD89H (327/5131)
2025-06-23 01:39:17,547 [INFO] Fetching units for 001500300DE90A (328/5131)
2025-06-23 01:39:33,403 [INFO] Fetching units for 001500400DE90A (329/5131)
2025-06-23 01:39:49,227 [INFO] Fetching units for 001500500DE90A (330/5131)
2025-06-23 01:40:05,186 [INFO] Fetching units for 001500600DD89H (331/5131)
2025-06-23 01:40:21,059 [INFO] Fetching units for 001500600DE90A (332/5131)
2025-06-23 01:40:36,999 [INFO] Inserted 10 unit records.
2025-06-23 01:40:36,999 [INFO] Fetching units for 001500700DD89H (333/5131)
2025-06-23 01:40:52,779 [INFO] Fetching units for 001500700DE90A (334/5131)
2025-06-23 01:41:08,730 [INFO] Fetching units for 001500900DE89H (335/5131)
2025-06-23 01:41:24,574 [INFO] Fetching units for 001500900DE90A (336/5131)
2025-06-23 01:41:40,419 [INFO] Fetching units for 001501000DE90A (337/5131)
2025-06-23 01:41:56,241 [INFO] Fetching units for 001501200DE90A (338/5131)
2025-06-23 01:42:12,138 [INFO] Fetching units for 001501500DE90A (339/5131)
2025-06-23 01:42:27,996 [INFO] Fetching units for 001501600DE90A (340/5131)
2025-06-23 01:42:43,839 [INFO] Fetching units for 001501700DE90A (341/5131)
2025-06-23 01:42:59,652 [INFO] Fetching units for 001501900DE90A (342/5131)
2025-06-23 01:43:15,701 [INFO] Inserted 10 unit records.
2025-06-23 01:43:15,701 [INFO] Fetching units for 001600100DE90A (343/5131)
2025-06-23 01:43:31,579 [INFO] Fetching units for 001600200DE90A (344/5131)
2025-06-23 01:43:47,436 [INFO] Fetching units for 001600200DE90B (345/5131)
2025-06-23 01:44:03,262 [INFO] Fetching units for 001600300DE90A (346/5131)
2025-06-23 01:44:19,208 [INFO] Fetching units for 001600400DE90B (347/5131)
2025-06-23 01:44:35,075 [INFO] Fetching units for 001600600DD99G (348/5131)
2025-06-23 01:44:50,966 [INFO] Fetching units for 001601000DD99G (349/5131)
2025-06-23 01:45:06,845 [INFO] Fetching units for 001601100DD99G (350/5131)
2025-06-23 01:45:22,824 [INFO] Fetching units for 001601200DD99G (351/5131)
2025-06-23 01:45:38,636 [INFO] Fetching units for 001601400DD99G (352/5131)
2025-06-23 01:45:54,498 [INFO] Inserted 10 unit records.
2025-06-23 01:45:54,498 [INFO] Fetching units for 001601600DD99G (353/5131)
2025-06-23 01:46:10,272 [INFO] Fetching units for 001700100DD99G (354/5131)
2025-06-23 01:46:26,214 [INFO] Fetching units for 001700100DE90B (355/5131)
2025-06-23 01:46:42,097 [INFO] Fetching units for 001700100DE90C (356/5131)
2025-06-23 01:46:57,964 [INFO] Fetching units for 001700100DE90E (357/5131)
2025-06-23 01:47:13,841 [INFO] Fetching units for 001700200DD99G (358/5131)
2025-06-23 01:47:29,746 [INFO] Fetching units for 001700200DE90C (359/5131)
2025-06-23 01:47:45,544 [INFO] Fetching units for 001700400DD99G (360/5131)
2025-06-23 01:48:01,406 [INFO] Fetching units for 001700400DE90B (361/5131)
2025-06-23 01:48:17,232 [INFO] Fetching units for 001700600DE90A (362/5131)
2025-06-23 01:48:33,230 [INFO] Inserted 10 unit records.
2025-06-23 01:48:33,230 [INFO] Fetching units for 001700600DE90B (363/5131)
2025-06-23 01:48:49,001 [INFO] Fetching units for 001700700DE90A (364/5131)
2025-06-23 01:49:04,971 [INFO] Fetching units for 001700800DE90B (365/5131)
2025-06-23 01:49:20,742 [INFO] Fetching units for 001701000DE90A (366/5131)
2025-06-23 01:49:36,918 [INFO] Fetching units for 001701000DE90B (367/5131)
2025-06-23 01:49:52,758 [INFO] Fetching units for 001701100DE90B (368/5131)
2025-06-23 01:50:08,591 [INFO] Fetching units for 001701200DE90B (369/5131)
2025-06-23 01:50:24,623 [INFO] Fetching units for 001701300DE90B (370/5131)
2025-06-23 01:50:40,606 [INFO] Fetching units for 001701400DE90B (371/5131)
2025-06-23 01:50:56,483 [INFO] Fetching units for 001701700DE90B (372/5131)
2025-06-23 01:51:12,325 [INFO] Inserted 10 unit records.
2025-06-23 01:51:12,325 [INFO] Fetching units for 001800100DD99G (373/5131)
2025-06-23 01:51:28,288 [INFO] Fetching units for 001800100DE90A (374/5131)
2025-06-23 01:51:44,224 [INFO] Fetching units for 001800200DD99G (375/5131)
2025-06-23 01:52:00,224 [INFO] Fetching units for 001800200DE90A (376/5131)
2025-06-23 01:52:16,075 [INFO] Fetching units for 001800200DE90C (377/5131)
2025-06-23 01:52:31,902 [INFO] Fetching units for 001800300DE90A (378/5131)
2025-06-23 01:52:47,826 [INFO] Fetching units for 001800500DE90A (379/5131)
2025-06-23 01:53:03,669 [INFO] Fetching units for 001800600DE90A (380/5131)
2025-06-23 01:53:19,505 [INFO] Fetching units for 001800700DE90A (381/5131)
2025-06-23 01:53:35,481 [INFO] Fetching units for 001800800DE90A (382/5131)
2025-06-23 01:53:51,425 [INFO] Inserted 10 unit records.
2025-06-23 01:53:51,425 [INFO] Fetching units for 001801100DE90A (383/5131)
2025-06-23 01:54:07,309 [INFO] Fetching units for 001801200DE90A (384/5131)
2025-06-23 01:54:23,108 [INFO] Fetching units for 001801500DE90A (385/5131)
2025-06-23 01:54:38,960 [INFO] Fetching units for 001801600DE90A (386/5131)
2025-06-23 01:54:54,965 [INFO] Fetching units for 001802000DE90A (387/5131)
2025-06-23 01:55:10,820 [INFO] Fetching units for 001802200DE90A (388/5131)
2025-06-23 01:55:26,707 [INFO] Fetching units for 001802300DE90A (389/5131)
2025-06-23 01:55:42,603 [INFO] Fetching units for 001802400DE90A (390/5131)
2025-06-23 01:55:58,632 [INFO] Fetching units for 001850400DD99G (391/5131)
2025-06-23 01:56:14,484 [INFO] Fetching units for 001900200DE90A (392/5131)
2025-06-23 01:56:30,356 [INFO] Inserted 10 unit records.
2025-06-23 01:56:30,356 [INFO] Fetching units for 001900300DE90A (393/5131)
2025-06-23 01:56:46,170 [INFO] Fetching units for 001900300DE90C (394/5131)
2025-06-23 01:57:02,123 [INFO] Fetching units for 001900400DE90C (395/5131)
2025-06-23 01:57:17,939 [INFO] Fetching units for 001900500DE90A (396/5131)
2025-06-23 01:57:33,887 [INFO] Fetching units for 001900500DE90C (397/5131)
2025-06-23 01:57:49,724 [INFO] Fetching units for 001900600DE90A (398/5131)
2025-06-23 01:58:05,700 [INFO] Fetching units for 001900600DE90C (399/5131)
2025-06-23 01:58:21,622 [INFO] Fetching units for 001900800DE90A (400/5131)
2025-06-23 01:58:37,419 [INFO] Fetching units for 001900900DE90A (401/5131)
2025-06-23 01:58:53,220 [INFO] Fetching units for 001901000DE90A (402/5131)
2025-06-23 01:59:09,136 [INFO] Inserted 10 unit records.
2025-06-23 01:59:09,136 [INFO] Fetching units for 001901100DE90A (403/5131)
2025-06-23 01:59:24,933 [INFO] Fetching units for 001901300DE90A (404/5131)
2025-06-23 01:59:40,795 [INFO] Fetching units for 001901900DE90A (405/5131)
2025-06-23 01:59:56,719 [INFO] Fetching units for 001902000DE90A (406/5131)
2025-06-23 02:00:12,841 [INFO] Fetching units for 001902100DE90A (407/5131)
2025-06-23 02:00:28,730 [INFO] Fetching units for 002000100DD89H (408/5131)
2025-06-23 02:00:44,687 [INFO] Fetching units for 002000200DE90C (409/5131)
2025-06-23 02:01:00,590 [INFO] Fetching units for 002000300DD89H (410/5131)
2025-06-23 02:01:16,486 [INFO] Fetching units for 002000300DE90A (411/5131)
2025-06-23 02:01:32,462 [INFO] Fetching units for 002000400DD89H (412/5131)
2025-06-23 02:01:48,475 [INFO] Inserted 10 unit records.
2025-06-23 02:01:48,475 [INFO] Fetching units for 002000400DE90A (413/5131)
2025-06-23 02:02:04,356 [INFO] Fetching units for 002000400DE90C (414/5131)
2025-06-23 02:02:20,309 [INFO] Fetching units for 002000500DD89H (415/5131)
2025-06-23 02:02:36,289 [INFO] Fetching units for 002000600DD89H (416/5131)
2025-06-23 02:02:52,119 [INFO] Fetching units for 002000600DE90A (417/5131)
2025-06-23 02:03:07,960 [INFO] Fetching units for 002000600DE90C (418/5131)
2025-06-23 02:03:23,857 [INFO] Fetching units for 002000700DE90A (419/5131)
2025-06-23 02:03:39,653 [INFO] Fetching units for 002000800DE90A (420/5131)
2025-06-23 02:03:55,528 [INFO] Fetching units for 002001000DE90A (421/5131)
2025-06-23 02:04:11,434 [INFO] Fetching units for 002001000DE90C (422/5131)
2025-06-23 02:04:27,419 [INFO] Inserted 10 unit records.
2025-06-23 02:04:27,420 [INFO] Fetching units for 002001100DE90A (423/5131)
2025-06-23 02:04:43,324 [INFO] Fetching units for 002001200DE90A (424/5131)
2025-06-23 02:04:59,089 [INFO] Fetching units for 002001200DE90C (425/5131)
2025-06-23 02:05:14,950 [INFO] Fetching units for 002001300DE90A (426/5131)
2025-06-23 02:05:30,825 [INFO] Fetching units for 002001400DE90A (427/5131)
2025-06-23 02:05:46,684 [INFO] Fetching units for 002001500DE90A (428/5131)
2025-06-23 02:06:02,540 [INFO] Fetching units for 002001700DE90A (429/5131)
2025-06-23 02:06:18,456 [INFO] Fetching units for 002002000DE90A (430/5131)
2025-06-23 02:06:34,451 [INFO] Fetching units for 002100100DD99G (431/5131)
2025-06-23 02:06:50,293 [INFO] Fetching units for 002100100DE90B (432/5131)
2025-06-23 02:07:06,169 [INFO] Inserted 10 unit records.
2025-06-23 02:07:06,169 [INFO] Fetching units for 002100100DE90D (433/5131)
2025-06-23 02:07:21,977 [INFO] Fetching units for 002100200DE90A (434/5131)
2025-06-23 02:07:37,869 [INFO] Fetching units for 002100200DE90B (435/5131)
2025-06-23 02:07:53,730 [INFO] Fetching units for 002100200DE90D (436/5131)
2025-06-23 02:08:09,544 [INFO] Fetching units for 002100300DE90A (437/5131)
2025-06-23 02:08:25,418 [INFO] Fetching units for 002100400DD99G (438/5131)
2025-06-23 02:08:41,403 [INFO] Fetching units for 002100400DE90A (439/5131)
2025-06-23 02:08:57,270 [INFO] Fetching units for 002100500DD99G (440/5131)
2025-06-23 02:09:13,122 [INFO] Fetching units for 002100500DE90A (441/5131)
2025-06-23 02:09:28,997 [INFO] Fetching units for 002100600DD99G (442/5131)
2025-06-23 02:09:45,004 [INFO] Inserted 10 unit records.
2025-06-23 02:09:45,004 [INFO] Fetching units for 002100600DE90A (443/5131)
2025-06-23 02:10:00,760 [INFO] Fetching units for 002100700DD99G (444/5131)
2025-06-23 02:10:16,644 [INFO] Fetching units for 002100700DE90A (445/5131)
2025-06-23 02:10:32,561 [INFO] Fetching units for 002100800DE90A (446/5131)
2025-06-23 02:10:48,515 [INFO] Fetching units for 002100900DD99G (447/5131)
2025-06-23 02:11:04,294 [INFO] Fetching units for 002101000DD99G (448/5131)
2025-06-23 02:11:20,106 [INFO] Fetching units for 002101100DD99G (449/5131)
2025-06-23 02:11:35,979 [INFO] Fetching units for 002101200DD99G (450/5131)
2025-06-23 02:11:51,935 [INFO] Fetching units for 002101800DE90A (451/5131)
2025-06-23 02:12:07,837 [INFO] Fetching units for 002102000DE90A (452/5131)
2025-06-23 02:12:23,668 [INFO] Inserted 10 unit records.
2025-06-23 02:12:23,668 [INFO] Fetching units for 002200100DE90C (453/5131)
2025-06-23 02:12:39,592 [INFO] Fetching units for 002200200DE90A (454/5131)
2025-06-23 02:12:55,610 [INFO] Fetching units for 002200200DE90C (455/5131)
2025-06-23 02:13:14,794 [INFO] Fetching units for 002200300DE90A (456/5131)
2025-06-23 02:13:30,825 [INFO] Fetching units for 002200300DE90C (457/5131)
2025-06-23 02:13:46,668 [INFO] Fetching units for 002200400DE90A (458/5131)
2025-06-23 02:14:02,565 [INFO] Fetching units for 002200400DE90B (459/5131)
2025-06-23 02:14:18,381 [INFO] Fetching units for 002200500DE90C (460/5131)
2025-06-23 02:14:34,231 [INFO] Fetching units for 002200600DE90A (461/5131)
2025-06-23 02:14:50,085 [INFO] Fetching units for 002200900DE90A (462/5131)
2025-06-23 02:15:06,090 [INFO] Inserted 10 unit records.
2025-06-23 02:15:06,090 [INFO] Fetching units for 002201000DE90A (463/5131)
2025-06-23 02:15:22,073 [INFO] Fetching units for 002201100DE90A (464/5131)
2025-06-23 02:15:38,075 [INFO] Fetching units for 002201300DE90A (465/5131)
2025-06-23 02:15:53,917 [INFO] Fetching units for 002201400DE90A (466/5131)
2025-06-23 02:16:09,888 [INFO] Fetching units for 002201500DE90A (467/5131)
2025-06-23 02:16:25,756 [INFO] Fetching units for 002201900DE90A (468/5131)
2025-06-23 02:16:41,582 [INFO] Fetching units for 002202000DE90A (469/5131)
2025-06-23 02:16:57,416 [INFO] Fetching units for 002300200DE90A (470/5131)
2025-06-23 02:17:13,366 [INFO] Fetching units for 002300200DE90C (471/5131)
2025-06-23 02:17:29,281 [INFO] Fetching units for 002300300DE90A (472/5131)
2025-06-23 02:17:45,160 [INFO] Inserted 10 unit records.
2025-06-23 02:17:45,161 [INFO] Fetching units for 002300400DE90A (473/5131)
2025-06-23 02:18:00,965 [INFO] Fetching units for 002300400DE90C (474/5131)
2025-06-23 02:18:16,919 [INFO] Fetching units for 002300500DE90A (475/5131)
2025-06-23 02:18:32,727 [INFO] Fetching units for 002300500DE90C (476/5131)
2025-06-23 02:18:48,591 [INFO] Fetching units for 002300600DE90C (477/5131)
2025-06-23 02:19:04,465 [INFO] Fetching units for 002300700DE90A (478/5131)
2025-06-23 02:19:20,372 [INFO] Fetching units for 002300700DE90C (479/5131)
2025-06-23 02:19:36,215 [INFO] Fetching units for 002300900DE90A (480/5131)
2025-06-23 02:19:52,052 [INFO] Fetching units for 002301000DE90A (481/5131)
2025-06-23 02:20:07,995 [INFO] Fetching units for 002301100DE90C (482/5131)
2025-06-23 02:20:23,950 [INFO] Inserted 10 unit records.
2025-06-23 02:20:23,950 [INFO] Fetching units for 002301200DE90A (483/5131)
2025-06-23 02:20:39,903 [INFO] Fetching units for 002301200DE90C (484/5131)
2025-06-23 02:20:55,762 [INFO] Fetching units for 002301400DE90C (485/5131)
2025-06-23 02:21:11,574 [INFO] Fetching units for 002301500DE90A (486/5131)
2025-06-23 02:21:27,481 [INFO] Fetching units for 002301500DE90C (487/5131)
2025-06-23 02:21:43,296 [INFO] Fetching units for 002301800DE90A (488/5131)
2025-06-23 02:21:59,154 [INFO] Fetching units for 002301900DE90A (489/5131)
2025-06-23 02:22:15,059 [INFO] Fetching units for 002302000DE90A (490/5131)
2025-06-23 02:22:31,087 [INFO] Fetching units for 002302100DE90A (491/5131)
2025-06-23 02:22:46,894 [INFO] Fetching units for 002302700DE90A (492/5131)
2025-06-23 02:23:02,728 [INFO] Inserted 10 unit records.
2025-06-23 02:23:02,728 [INFO] Fetching units for 002302800DE90A (493/5131)
2025-06-23 02:23:18,590 [INFO] Fetching units for 002302900DE90A (494/5131)
2025-06-23 02:23:34,496 [INFO] Fetching units for 002303300DE90A (495/5131)
2025-06-23 02:24:27,092 [INFO] Fetching units for 002303700DE90A (496/5131)
2025-06-23 02:24:43,012 [INFO] Fetching units for 002303800DE90A (497/5131)
2025-06-23 02:24:58,902 [INFO] Fetching units for 002303900DE90A (498/5131)
2025-06-23 02:25:14,715 [INFO] Fetching units for 002304300DE90A (499/5131)
2025-06-23 02:25:30,621 [INFO] Fetching units for 002304400DE90A (500/5131)
2025-06-23 02:25:46,653 [INFO] Fetching units for 002304800DE90A (501/5131)
2025-06-23 02:26:02,542 [INFO] Fetching units for 002304900DE90A (502/5131)
2025-06-23 02:26:18,386 [INFO] Fetching units for 002305000DE90A (503/5131)
2025-06-23 02:26:34,653 [INFO] Inserted 10 unit records.
2025-06-23 02:26:34,653 [INFO] Fetching units for 002305100DE90A (504/5131)
2025-06-23 02:26:50,621 [INFO] Fetching units for 002305200DE90A (505/5131)
2025-06-23 02:27:06,465 [INFO] Fetching units for 002305300DE90A (506/5131)
2025-06-23 02:27:22,373 [INFO] Fetching units for 002305600DE90A (507/5131)
2025-06-23 02:27:38,218 [INFO] Fetching units for 002400200DE90A (508/5131)
2025-06-23 02:27:54,138 [INFO] Fetching units for 002400200DE90C (509/5131)
2025-06-23 02:28:46,315 [INFO] Fetching units for 002400300DE90A (510/5131)
2025-06-23 02:29:02,412 [INFO] Fetching units for 002400300DE90C (511/5131)
2025-06-23 02:29:18,216 [INFO] Fetching units for 002400400DD89H (512/5131)
2025-06-23 02:29:34,056 [INFO] Fetching units for 002400400DE90A (513/5131)
2025-06-23 02:29:49,880 [INFO] Fetching units for 002400500DD89H (514/5131)
2025-06-23 02:30:05,824 [INFO] Inserted 10 unit records.
2025-06-23 02:30:05,824 [INFO] Fetching units for 002400500DE90A (515/5131)
2025-06-23 02:30:21,871 [INFO] Fetching units for 002400500DE90C (516/5131)
2025-06-23 02:30:37,632 [INFO] Fetching units for 002400600DD89H (517/5131)
2025-06-23 02:30:53,592 [INFO] Fetching units for 002400600DE90A (518/5131)
2025-06-23 02:31:09,481 [INFO] Fetching units for 002400700DD89H (519/5131)
2025-06-23 02:31:25,333 [INFO] Fetching units for 002400700DE90A (520/5131)
2025-06-23 02:31:41,138 [INFO] Fetching units for 002400900DE90A (521/5131)
2025-06-23 02:31:56,981 [INFO] Fetching units for 002401000DD89H (522/5131)
2025-06-23 02:32:12,923 [INFO] Fetching units for 002401000DE90A (523/5131)
2025-06-23 02:32:28,881 [INFO] Fetching units for 002401100DD89H (524/5131)
2025-06-23 02:32:44,873 [INFO] Inserted 10 unit records.
2025-06-23 02:32:44,875 [INFO] Fetching units for 002401200DE90A (525/5131)
2025-06-23 02:33:00,722 [INFO] Fetching units for 002401300DE90A (526/5131)
2025-06-23 02:33:16,642 [INFO] Fetching units for 002401400DE90A (527/5131)
2025-06-23 02:33:32,508 [INFO] Fetching units for 002401500DE90A (528/5131)
2025-06-23 02:33:48,361 [INFO] Fetching units for 002401600DE90A (529/5131)
2025-06-23 02:34:04,356 [INFO] Fetching units for 002500100DD89H (530/5131)
2025-06-23 02:34:20,296 [INFO] Fetching units for 002500100DE90A (531/5131)
2025-06-23 02:34:36,123 [INFO] Fetching units for 002500200DE90C (532/5131)
2025-06-23 02:34:52,094 [INFO] Fetching units for 002500300DD89H (533/5131)
2025-06-23 02:35:07,916 [INFO] Fetching units for 002500300DE90A (534/5131)
2025-06-23 02:35:23,858 [INFO] Inserted 10 unit records.
2025-06-23 02:35:23,858 [INFO] Fetching units for 002500300DE90C (535/5131)
2025-06-23 02:35:39,699 [INFO] Fetching units for 002500400DD89H (536/5131)
2025-06-23 02:35:55,669 [INFO] Fetching units for 002500400DE90A (537/5131)
2025-06-23 02:36:11,431 [INFO] Fetching units for 002500400DE90C (538/5131)
2025-06-23 02:36:27,410 [INFO] Fetching units for 002500600DE90A (539/5131)
2025-06-23 02:36:43,311 [INFO] Fetching units for 002500800DE90A (540/5131)
2025-06-23 02:36:59,200 [INFO] Fetching units for 002500900DE90A (541/5131)
2025-06-23 02:37:15,029 [INFO] Fetching units for 002500900DE90C (542/5131)
2025-06-23 02:37:30,931 [INFO] Fetching units for 002501000DE90A (543/5131)
2025-06-23 02:37:46,804 [INFO] Fetching units for 002501000DE90C (544/5131)
2025-06-23 02:38:02,678 [INFO] Inserted 10 unit records.
2025-06-23 02:38:02,678 [INFO] Fetching units for 002501100DD89H (545/5131)
2025-06-23 02:38:18,591 [INFO] Fetching units for 002501100DE90C (546/5131)
2025-06-23 02:38:34,512 [INFO] Fetching units for 002501200DE90A (547/5131)
2025-06-23 02:38:50,371 [INFO] Fetching units for 002501300DD89H (548/5131)
2025-06-23 02:39:06,247 [INFO] Fetching units for 002501300DE90A (549/5131)
2025-06-23 02:39:22,067 [INFO] Fetching units for 002501400DD89H (550/5131)
2025-06-23 02:39:38,028 [INFO] Fetching units for 002501400DE90A (551/5131)
2025-06-23 02:39:53,867 [INFO] Fetching units for 002501500DD89H (552/5131)
2025-06-23 02:40:09,735 [INFO] Fetching units for 002501500DE90A (553/5131)
2025-06-23 02:40:25,575 [INFO] Fetching units for 002501500DE90C (554/5131)
2025-06-23 02:40:41,529 [INFO] Inserted 10 unit records.
2025-06-23 02:40:41,529 [INFO] Fetching units for 002501600DD89H (555/5131)
2025-06-23 02:40:57,339 [INFO] Fetching units for 002501600DE90C (556/5131)
2025-06-23 02:41:13,246 [INFO] Fetching units for 002501700DD89H (557/5131)
2025-06-23 02:41:29,170 [INFO] Fetching units for 002501900DD89H (558/5131)
2025-06-23 02:41:45,125 [INFO] Fetching units for 002502000DD89H (559/5131)
2025-06-23 02:42:00,935 [INFO] Fetching units for 002502100DD89H (560/5131)
2025-06-23 02:42:16,683 [INFO] Fetching units for 002502200DD89H (561/5131)
2025-06-23 02:42:32,449 [INFO] Fetching units for 002502300DD89H (562/5131)
2025-06-23 02:42:48,374 [INFO] Fetching units for 002502400DD89H (563/5131)
2025-06-23 02:43:04,262 [INFO] Fetching units for 002502500DE90C (564/5131)
2025-06-23 02:43:20,136 [INFO] Inserted 10 unit records.
2025-06-23 02:43:20,136 [INFO] Fetching units for 1997101DD9919N (565/5131)
2025-06-23 02:43:36,092 [INFO] Fetching units for 1998101DD9919N (566/5131)
2025-06-23 02:43:52,159 [INFO] Fetching units for 07058A00100001 (567/5131)
2025-06-23 02:44:08,137 [INFO] Fetching units for 07058A00100002 (568/5131)
2025-06-23 02:44:23,997 [INFO] Fetching units for 07058A00100003 (569/5131)
2025-06-23 02:44:39,809 [INFO] Fetching units for 07058A00100004 (570/5131)
2025-06-23 02:44:55,810 [INFO] Fetching units for 07058A00100006 (571/5131)
2025-06-23 02:45:11,747 [INFO] Fetching units for 07058A00100007 (572/5131)
2025-06-23 02:45:27,584 [INFO] Inserted 10 unit records.
2025-06-23 02:45:27,584 [INFO] Fetching units for 07058A00100008 (573/5131)
2025-06-23 02:45:43,496 [INFO] Fetching units for 07058A00100009 (574/5131)
2025-06-23 02:45:59,387 [INFO] Fetching units for 07058A00100010 (575/5131)
2025-06-23 02:46:15,263 [INFO] Fetching units for 07058A00100011 (576/5131)
2025-06-23 02:46:31,046 [INFO] Fetching units for 07058A00100012 (577/5131)
2025-06-23 02:46:46,975 [INFO] Fetching units for 07058A00100013 (578/5131)
2025-06-23 02:47:02,959 [INFO] Fetching units for 07058A00100014 (579/5131)
2025-06-23 02:47:18,763 [INFO] Fetching units for 07058A00100015 (580/5131)
2025-06-23 02:47:34,606 [INFO] Fetching units for 07058A00100016 (581/5131)
2025-06-23 02:47:50,674 [INFO] Inserted 10 unit records.
2025-06-23 02:47:50,674 [INFO] Fetching units for 07058A00100017 (582/5131)
2025-06-23 02:48:06,543 [INFO] Fetching units for 07058A00100018 (583/5131)
2025-06-23 02:48:22,440 [INFO] Fetching units for 07058A00100019 (584/5131)
2025-06-23 02:48:38,246 [INFO] Fetching units for 07058A00100020 (585/5131)
2025-06-23 02:48:54,028 [INFO] Fetching units for 07058A00100021 (586/5131)
2025-06-23 02:49:09,934 [INFO] Fetching units for 07058A00100022 (587/5131)
2025-06-23 02:49:25,888 [INFO] Fetching units for 07058A00100023 (588/5131)
2025-06-23 02:49:41,750 [INFO] Inserted 10 unit records.
2025-06-23 02:49:41,750 [INFO] Fetching units for 07058A00100024 (589/5131)
2025-06-23 02:49:57,604 [INFO] Fetching units for 07058A00100025 (590/5131)
2025-06-23 02:50:13,668 [INFO] Fetching units for 07058A00100026 (591/5131)
2025-06-23 02:50:29,708 [INFO] Fetching units for 07058A00100027 (592/5131)
2025-06-23 02:50:45,719 [INFO] Fetching units for 07058A00100028 (593/5131)
2025-06-23 02:51:01,464 [INFO] Fetching units for 07058A00100029 (594/5131)
2025-06-23 02:51:17,328 [INFO] Fetching units for 07058A00100030 (595/5131)
2025-06-23 02:51:33,125 [INFO] Fetching units for 07058A00100031 (596/5131)
2025-06-23 02:51:48,979 [INFO] Inserted 10 unit records.
2025-06-23 02:51:48,979 [INFO] Fetching units for 07058A00100032 (597/5131)
2025-06-23 02:52:04,965 [INFO] Fetching units for 07058A00100033 (598/5131)
2025-06-23 02:52:20,764 [INFO] Fetching units for 07058A00100034 (599/5131)
2025-06-23 02:52:36,638 [INFO] Fetching units for 07058A00100035 (600/5131)
2025-06-23 02:52:52,427 [INFO] Fetching units for 07058A00100036 (601/5131)
2025-06-23 02:53:08,216 [INFO] Fetching units for 07058A00100037 (602/5131)
2025-06-23 02:53:24,214 [INFO] Fetching units for 07058A00100038 (603/5131)
2025-06-23 02:53:40,043 [INFO] Fetching units for 07058A00100039 (604/5131)
2025-06-23 02:53:55,981 [INFO] Inserted 10 unit records.
2025-06-23 02:53:55,981 [INFO] Fetching units for 07058A00100040 (605/5131)
2025-06-23 02:54:11,793 [INFO] Fetching units for 07058A00100041 (606/5131)
2025-06-23 02:54:27,732 [INFO] Fetching units for 07058A00100042 (607/5131)
2025-06-23 02:54:43,466 [INFO] Fetching units for 07058A00100043 (608/5131)
2025-06-23 02:54:59,184 [INFO] Fetching units for 07058A00100045 (609/5131)
2025-06-23 02:55:15,168 [INFO] Fetching units for 07058A00100046 (610/5131)
2025-06-23 02:55:31,154 [INFO] Fetching units for 07058A00100047 (611/5131)
2025-06-23 02:55:47,021 [INFO] Inserted 10 unit records.
2025-06-23 02:55:47,021 [INFO] Fetching units for 07058A00100048 (612/5131)
2025-06-23 02:56:02,954 [INFO] Fetching units for 07058A00100049 (613/5131)
2025-06-23 02:56:18,822 [INFO] Fetching units for 07058A00100050 (614/5131)
2025-06-23 02:56:34,826 [INFO] Fetching units for 07058A00100051 (615/5131)
2025-06-23 02:56:50,596 [INFO] Fetching units for 07058A00100052 (616/5131)
2025-06-23 02:57:06,349 [INFO] Fetching units for 07058A00100053 (617/5131)
2025-06-23 02:57:22,187 [INFO] Fetching units for 07058A00100054 (618/5131)
2025-06-23 02:57:38,042 [INFO] Fetching units for 07058A00100055 (619/5131)
2025-06-23 02:57:53,919 [INFO] Fetching units for 07058A00100057 (620/5131)
2025-06-23 02:58:09,856 [INFO] Inserted 10 unit records.
2025-06-23 02:58:09,856 [INFO] Fetching units for 07058A00100058 (621/5131)
2025-06-23 02:58:25,669 [INFO] Fetching units for 07058A00100060 (622/5131)
2025-06-23 02:58:41,559 [INFO] Fetching units for 07058A00100061 (623/5131)
2025-06-23 02:58:57,401 [INFO] Fetching units for 07058A00100062 (624/5131)
2025-06-23 02:59:13,164 [INFO] Fetching units for 07058A00100063 (625/5131)
2025-06-23 02:59:28,965 [INFO] Fetching units for 07058A00100064 (626/5131)
2025-06-23 02:59:44,804 [INFO] Fetching units for 07058A00100065 (627/5131)
2025-06-23 03:00:00,589 [INFO] Fetching units for 07058A00100066 (628/5131)
2025-06-23 03:00:16,559 [INFO] Inserted 10 unit records.
2025-06-23 03:00:16,559 [INFO] Fetching units for 07058A00100067 (629/5131)
2025-06-23 03:00:32,511 [INFO] Fetching units for 07058A00100068 (630/5131)
2025-06-23 03:00:48,437 [INFO] Fetching units for 07058A00100069 (631/5131)
2025-06-23 03:01:04,263 [INFO] Fetching units for 07058A00100070 (632/5131)
2025-06-23 03:01:20,092 [INFO] Fetching units for 07058A00100071 (633/5131)
2025-06-23 03:01:35,955 [INFO] Fetching units for 07058A00100072 (634/5131)
2025-06-23 03:01:51,934 [INFO] Fetching units for 07058A00100074 (635/5131)
2025-06-23 03:02:07,716 [INFO] Fetching units for 07058A00100075 (636/5131)
2025-06-23 03:02:23,544 [INFO] Inserted 10 unit records.
2025-06-23 03:02:23,544 [INFO] Fetching units for 07058A00100076 (637/5131)
2025-06-23 03:02:39,373 [INFO] Fetching units for 07058A00100077 (638/5131)
2025-06-23 03:02:55,332 [INFO] Fetching units for 07058A00100078 (639/5131)
2025-06-23 03:03:11,104 [INFO] Fetching units for 07058A00100079 (640/5131)
2025-06-23 03:03:26,935 [INFO] Fetching units for 07058A00100080 (641/5131)
2025-06-23 03:03:42,743 [INFO] Fetching units for 07058A00100081 (642/5131)
2025-06-23 03:03:58,583 [INFO] Fetching units for 07058A00100082 (643/5131)
2025-06-23 03:04:14,399 [INFO] Fetching units for 07058A00100083 (644/5131)
2025-06-23 03:04:30,237 [INFO] Fetching units for 07058A00100084 (645/5131)
2025-06-23 03:04:46,022 [INFO] Inserted 10 unit records.
2025-06-23 03:04:46,022 [INFO] Fetching units for 07058A00100085 (646/5131)
2025-06-23 03:05:01,872 [INFO] Fetching units for 07058A00100086 (647/5131)
2025-06-23 03:05:17,691 [INFO] Fetching units for 07058A00100087 (648/5131)
2025-06-23 03:05:33,466 [INFO] Fetching units for 07058A00100088 (649/5131)
2025-06-23 03:05:49,239 [INFO] Fetching units for 07058A00100089 (650/5131)
2025-06-23 03:06:05,173 [INFO] Fetching units for 07058A00100090 (651/5131)
2025-06-23 03:06:20,981 [INFO] Fetching units for 07058A00100091 (652/5131)
2025-06-23 03:06:36,880 [INFO] Fetching units for 07058A00100092 (653/5131)
2025-06-23 03:06:52,700 [INFO] Fetching units for 07058A00100093 (654/5131)
2025-06-23 03:07:08,607 [INFO] Fetching units for 07058A00100094 (655/5131)
2025-06-23 03:07:24,403 [INFO] Inserted 10 unit records.
2025-06-23 03:07:24,403 [INFO] Fetching units for 07058A00100095 (656/5131)
2025-06-23 03:07:40,217 [INFO] Fetching units for 07058A00100096 (657/5131)
2025-06-23 03:07:56,033 [INFO] Fetching units for 07058A00100097 (658/5131)
2025-06-23 03:08:11,869 [INFO] Fetching units for 07058A00100098 (659/5131)
2025-06-23 03:08:27,683 [INFO] Fetching units for 07058A00100099 (660/5131)
2025-06-23 03:08:43,512 [INFO] Fetching units for 07058A00100100 (661/5131)
2025-06-23 03:08:59,399 [INFO] Fetching units for 07058A00100101 (662/5131)
2025-06-23 03:09:15,301 [INFO] Fetching units for 07058A00100102 (663/5131)
2025-06-23 03:09:31,089 [INFO] Fetching units for 07058A00100103 (664/5131)
2025-06-23 03:09:46,887 [INFO] Fetching units for 07058A00100104 (665/5131)
2025-06-23 03:10:02,657 [INFO] Inserted 10 unit records.
2025-06-23 03:10:02,657 [INFO] Fetching units for 07058A00100105 (666/5131)
2025-06-23 03:10:18,548 [INFO] Fetching units for 07058A00100106 (667/5131)
2025-06-23 03:10:34,354 [INFO] Fetching units for 07058A00100108 (668/5131)
2025-06-23 03:10:50,200 [INFO] Fetching units for 07058A00100109 (669/5131)
2025-06-23 03:11:06,010 [INFO] Fetching units for 07058A00100110 (670/5131)
2025-06-23 03:11:21,920 [INFO] Fetching units for 07058A00200001 (671/5131)
2025-06-23 03:11:37,794 [INFO] Fetching units for 07058A00200002 (672/5131)
2025-06-23 03:11:53,818 [INFO] Fetching units for 07058A00200003 (673/5131)
2025-06-23 03:12:09,639 [INFO] Fetching units for 07058A00200004 (674/5131)
2025-06-23 03:12:25,513 [INFO] Inserted 10 unit records.
2025-06-23 03:12:25,513 [INFO] Fetching units for 07058A00200005 (675/5131)
2025-06-23 03:12:41,387 [INFO] Fetching units for 07058A00200006 (676/5131)
2025-06-23 03:12:57,216 [INFO] Fetching units for 07058A00200007 (677/5131)
2025-06-23 03:13:12,970 [INFO] Fetching units for 07058A00200008 (678/5131)
2025-06-23 03:13:32,295 [INFO] Fetching units for 07058A00200009 (679/5131)
2025-06-23 03:13:48,044 [INFO] Fetching units for 07058A00200013 (680/5131)
2025-06-23 03:14:03,862 [INFO] Fetching units for 07058A00200014 (681/5131)
2025-06-23 03:14:19,699 [INFO] Fetching units for 07058A00200015 (682/5131)
2025-06-23 03:14:35,592 [INFO] Fetching units for 07058A00200016 (683/5131)
2025-06-23 03:14:51,389 [INFO] Inserted 11 unit records.
2025-06-23 03:14:51,389 [INFO] Fetching units for 07058A00200017 (684/5131)
2025-06-23 03:15:07,156 [INFO] Fetching units for 07058A00200018 (685/5131)
2025-06-23 03:15:22,941 [INFO] Fetching units for 07058A00200019 (686/5131)
2025-06-23 03:15:38,803 [INFO] Fetching units for 07058A00200020 (687/5131)
2025-06-23 03:15:54,605 [INFO] Fetching units for 07058A00200021 (688/5131)
2025-06-23 03:16:10,436 [INFO] Fetching units for 07058A00200022 (689/5131)
2025-06-23 03:16:26,215 [INFO] Fetching units for 07058A00200023 (690/5131)
2025-06-23 03:16:42,090 [INFO] Fetching units for 07058A00200024 (691/5131)
2025-06-23 03:16:57,853 [INFO] Fetching units for 07058A00200025 (692/5131)
2025-06-23 03:17:13,579 [INFO] Inserted 11 unit records.
2025-06-23 03:17:13,579 [INFO] Fetching units for 07058A00200026 (693/5131)
2025-06-23 03:17:29,356 [INFO] Fetching units for 07058A00200027 (694/5131)
2025-06-23 03:17:45,216 [INFO] Fetching units for 07058A00200028 (695/5131)
2025-06-23 03:18:01,055 [INFO] Fetching units for 07058A00200029 (696/5131)
2025-06-23 03:18:16,809 [INFO] Fetching units for 07058A00200030 (697/5131)
2025-06-23 03:18:32,649 [INFO] Fetching units for 07058A00200031 (698/5131)
2025-06-23 03:19:25,044 [INFO] Fetching units for 07058A00200032 (699/5131)
2025-06-23 03:19:40,810 [INFO] Fetching units for 07058A00200033 (700/5131)
2025-06-23 03:19:56,731 [INFO] Fetching units for 07058A00200034 (701/5131)
2025-06-23 03:20:12,545 [INFO] Fetching units for 07058A00200035 (702/5131)
2025-06-23 03:20:28,364 [INFO] Inserted 10 unit records.
2025-06-23 03:20:28,364 [INFO] Fetching units for 07058A00200036 (703/5131)
2025-06-23 03:20:44,098 [INFO] Fetching units for 07058A00200037 (704/5131)
2025-06-23 03:20:59,971 [INFO] Fetching units for 07058A00200038 (705/5131)
2025-06-23 03:21:15,727 [INFO] Fetching units for 07058A00200039 (706/5131)
2025-06-23 03:21:31,514 [INFO] Fetching units for 07058A00200040 (707/5131)
2025-06-23 03:21:47,261 [INFO] Fetching units for 07058A00200041 (708/5131)
2025-06-23 03:22:03,154 [INFO] Fetching units for 07058A00200042 (709/5131)
2025-06-23 03:22:19,007 [INFO] Inserted 10 unit records.
2025-06-23 03:22:19,007 [INFO] Fetching units for 07058A00200043 (710/5131)
2025-06-23 03:22:34,798 [INFO] Fetching units for 07058A00200044 (711/5131)
2025-06-23 03:22:50,552 [INFO] Fetching units for 07058A00200045 (712/5131)
2025-06-23 03:23:06,419 [INFO] Fetching units for 07058A00200046 (713/5131)
2025-06-23 03:23:22,189 [INFO] Fetching units for 07058A00200047 (714/5131)
2025-06-23 03:23:37,961 [INFO] Fetching units for 07058A00200048 (715/5131)
2025-06-23 03:23:53,789 [INFO] Fetching units for 07058A00200049 (716/5131)
2025-06-23 03:24:09,651 [INFO] Fetching units for 07058A00200051 (717/5131)
2025-06-23 03:24:25,558 [INFO] Inserted 10 unit records.
2025-06-23 03:24:25,558 [INFO] Fetching units for 07058A00200052 (718/5131)
2025-06-23 03:24:41,315 [INFO] Fetching units for 07058A00200053 (719/5131)
2025-06-23 03:24:57,072 [INFO] Fetching units for 07058A00200054 (720/5131)
2025-06-23 03:25:12,958 [INFO] Fetching units for 07058A00200055 (721/5131)
2025-06-23 03:25:28,819 [INFO] Fetching units for 07058A00200056 (722/5131)
2025-06-23 03:26:21,020 [INFO] Fetching units for 07058A00300001 (723/5131)
2025-06-23 03:26:36,826 [INFO] Fetching units for 07058A00300002 (724/5131)
2025-06-23 03:26:52,686 [INFO] Fetching units for 07058A00300003 (725/5131)
2025-06-23 03:27:08,518 [INFO] Fetching units for 07058A00300004 (726/5131)
2025-06-23 03:27:24,262 [INFO] Inserted 11 unit records.
2025-06-23 03:27:24,262 [INFO] Fetching units for 07058A00300005 (727/5131)
2025-06-23 03:27:40,134 [INFO] Fetching units for 07058A00300006 (728/5131)
2025-06-23 03:27:55,944 [INFO] Fetching units for 07058A00300007 (729/5131)
2025-06-23 03:28:11,631 [INFO] Fetching units for 07058A00300008 (730/5131)
2025-06-23 03:28:27,430 [INFO] Fetching units for 07058A00300009 (731/5131)
2025-06-23 03:28:43,311 [INFO] Fetching units for 07058A00300010 (732/5131)
2025-06-23 03:28:59,100 [INFO] Fetching units for 07058A00300011 (733/5131)
2025-06-23 03:29:14,854 [INFO] Inserted 10 unit records.
2025-06-23 03:29:14,854 [INFO] Fetching units for 07058A00300012 (734/5131)
2025-06-23 03:29:30,648 [INFO] Fetching units for 07058A00300013 (735/5131)
2025-06-23 03:29:46,616 [INFO] Fetching units for 07058A00300014 (736/5131)
2025-06-23 03:30:02,376 [INFO] Fetching units for 07058A00300016 (737/5131)
2025-06-23 03:30:18,263 [INFO] Fetching units for 07058A00300017 (738/5131)
2025-06-23 03:30:34,053 [INFO] Fetching units for 07058A00300018 (739/5131)
2025-06-23 03:30:50,013 [INFO] Fetching units for 07058A00300019 (740/5131)
2025-06-23 03:31:05,801 [INFO] Fetching units for 07058A00300020 (741/5131)
2025-06-23 03:31:21,565 [INFO] Inserted 11 unit records.
2025-06-23 03:31:21,565 [INFO] Fetching units for 07058A00300021 (742/5131)
2025-06-23 03:31:37,378 [INFO] Fetching units for 07058A00300022 (743/5131)
2025-06-23 03:31:53,321 [INFO] Fetching units for 07058A00300026 (744/5131)
2025-06-23 03:32:09,054 [INFO] Fetching units for 07058A00300027 (745/5131)
2025-06-23 03:32:24,855 [INFO] Fetching units for 07058A00300028 (746/5131)
2025-06-23 03:32:40,637 [INFO] Fetching units for 07058A00300029 (747/5131)
2025-06-23 03:32:56,524 [INFO] Fetching units for 07058A00300030 (748/5131)
2025-06-23 03:33:12,317 [INFO] Fetching units for 07058A00300031 (749/5131)
2025-06-23 03:33:28,137 [INFO] Inserted 10 unit records.
2025-06-23 03:33:28,137 [INFO] Fetching units for 07058A00300032 (750/5131)
2025-06-23 03:33:43,913 [INFO] Fetching units for 07058A00300033 (751/5131)
2025-06-23 03:33:59,874 [INFO] Fetching units for 07058A00300034 (752/5131)
2025-06-23 03:34:15,645 [INFO] Fetching units for 07058A00300035 (753/5131)
2025-06-23 03:34:31,477 [INFO] Fetching units for 07058A00300036 (754/5131)
2025-06-23 03:34:47,249 [INFO] Fetching units for 07058A00300037 (755/5131)
2025-06-23 03:35:03,075 [INFO] Fetching units for 07058A00300038 (756/5131)
2025-06-23 03:35:18,881 [INFO] Fetching units for 07058A00300039 (757/5131)
2025-06-23 03:35:34,678 [INFO] Fetching units for 07058A00300040 (758/5131)
2025-06-23 03:35:50,502 [INFO] Inserted 10 unit records.
2025-06-23 03:35:50,502 [INFO] Fetching units for 07058A00300043 (759/5131)
2025-06-23 03:36:06,397 [INFO] Fetching units for 07058A00300045 (760/5131)
2025-06-23 03:36:22,151 [INFO] Fetching units for 07058A00300046 (761/5131)
2025-06-23 03:36:37,942 [INFO] Fetching units for 07058A00300049 (762/5131)
2025-06-23 03:36:53,673 [INFO] Fetching units for 07058A00300050 (763/5131)
2025-06-23 03:37:09,478 [INFO] Fetching units for 07058A00300051 (764/5131)
2025-06-23 03:37:25,249 [INFO] Fetching units for 07058A00300052 (765/5131)
2025-06-23 03:37:41,077 [INFO] Fetching units for 07058A00300053 (766/5131)
2025-06-23 03:37:56,930 [INFO] Fetching units for 07058A00300054 (767/5131)
2025-06-23 03:38:12,852 [INFO] Inserted 10 unit records.
2025-06-23 03:38:12,852 [INFO] Fetching units for 07058A00300055 (768/5131)
2025-06-23 03:38:28,618 [INFO] Fetching units for 07058A00300059 (769/5131)
2025-06-23 03:38:44,367 [INFO] Fetching units for 07058A00300060 (770/5131)
2025-06-23 03:39:00,173 [INFO] Fetching units for 07058A00300061 (771/5131)
2025-06-23 03:39:16,000 [INFO] Fetching units for 07058A00300063 (772/5131)
2025-06-23 03:39:31,840 [INFO] Fetching units for 07058A00300064 (773/5131)
2025-06-23 03:39:47,662 [INFO] Fetching units for 07058A00400001 (774/5131)
2025-06-23 03:40:03,411 [INFO] Fetching units for 07058A00400002 (775/5131)
2025-06-23 03:40:19,293 [INFO] Fetching units for 07058A00400004 (776/5131)
2025-06-23 03:40:35,129 [INFO] Inserted 10 unit records.
2025-06-23 03:40:35,129 [INFO] Fetching units for 07058A00400005 (777/5131)
2025-06-23 03:40:50,910 [INFO] Fetching units for 07058A00400006 (778/5131)
2025-06-23 03:41:06,954 [INFO] Fetching units for 07058A00400007 (779/5131)
2025-06-23 03:41:22,799 [INFO] Fetching units for 07058A00400008 (780/5131)
2025-06-23 03:41:38,534 [INFO] Fetching units for 07058A00400009 (781/5131)
2025-06-23 03:41:54,218 [INFO] Fetching units for 07058A00400010 (782/5131)
2025-06-23 03:42:09,967 [INFO] Fetching units for 07058A00400011 (783/5131)
2025-06-23 03:42:25,869 [INFO] Fetching units for 07058A00400012 (784/5131)
2025-06-23 03:42:41,706 [INFO] Inserted 10 unit records.
2025-06-23 03:42:41,706 [INFO] Fetching units for 07058A00400013 (785/5131)
2025-06-23 03:42:57,436 [INFO] Fetching units for 07058A00400015 (786/5131)
2025-06-23 03:43:13,172 [INFO] Fetching units for 07058A00400017 (787/5131)
2025-06-23 03:43:29,003 [INFO] Fetching units for 07058A00400018 (788/5131)
2025-06-23 03:43:44,817 [INFO] Fetching units for 07058A00400019 (789/5131)
2025-06-23 03:44:00,617 [INFO] Fetching units for 07058A00400020 (790/5131)
2025-06-23 03:44:16,460 [INFO] Fetching units for 07058A00400021 (791/5131)
2025-06-23 03:44:32,343 [INFO] Inserted 10 unit records.
2025-06-23 03:44:32,343 [INFO] Fetching units for 07058A00400022 (792/5131)
2025-06-23 03:44:48,139 [INFO] Fetching units for 07058A00400023 (793/5131)
2025-06-23 03:45:03,861 [INFO] Fetching units for 07058A00400024 (794/5131)
2025-06-23 03:45:19,577 [INFO] Fetching units for 07058A00400025 (795/5131)
2025-06-23 03:45:35,434 [INFO] Fetching units for 07058A00400026 (796/5131)
2025-06-23 03:45:51,233 [INFO] Fetching units for 07058A00400027 (797/5131)
2025-06-23 03:46:07,058 [INFO] Fetching units for 07058A00400028 (798/5131)
2025-06-23 03:46:22,821 [INFO] Inserted 10 unit records.
2025-06-23 03:46:22,821 [INFO] Fetching units for 07058A00400029 (799/5131)
2025-06-23 03:46:38,664 [INFO] Fetching units for 07058A00400030 (800/5131)
2025-06-23 03:46:54,440 [INFO] Fetching units for 07058A00400031 (801/5131)
2025-06-23 03:47:10,193 [INFO] Fetching units for 07058A00400032 (802/5131)
2025-06-23 03:47:26,162 [INFO] Fetching units for 07058A00400033 (803/5131)
2025-06-23 03:47:42,010 [INFO] Fetching units for 07058A00400034 (804/5131)
2025-06-23 03:47:57,848 [INFO] Fetching units for 07058A00400035 (805/5131)
2025-06-23 03:48:13,723 [INFO] Fetching units for 07058A00400036 (806/5131)
2025-06-23 03:48:29,519 [INFO] Fetching units for 07058A00400037 (807/5131)
2025-06-23 03:48:45,455 [INFO] Inserted 10 unit records.
2025-06-23 03:48:45,455 [INFO] Fetching units for 07058A00400038 (808/5131)
2025-06-23 03:49:01,214 [INFO] Fetching units for 07058A00400039 (809/5131)
2025-06-23 03:49:17,048 [INFO] Fetching units for 07058A00400040 (810/5131)
2025-06-23 03:49:32,837 [INFO] Fetching units for 07058A00400042 (811/5131)
2025-06-23 03:49:48,695 [INFO] Fetching units for 07058A00400043 (812/5131)
2025-06-23 03:50:04,559 [INFO] Fetching units for 07058A00400044 (813/5131)
2025-06-23 03:50:20,332 [INFO] Fetching units for 07058A00400045 (814/5131)
2025-06-23 03:50:36,179 [INFO] Fetching units for 07058A00400046 (815/5131)
2025-06-23 03:50:52,097 [INFO] Inserted 10 unit records.
2025-06-23 03:50:52,097 [INFO] Fetching units for 07058A00400047 (816/5131)
2025-06-23 03:51:07,893 [INFO] Fetching units for 07058A00400048 (817/5131)
2025-06-23 03:51:23,667 [INFO] Fetching units for 07058A00400049 (818/5131)
2025-06-23 03:51:39,449 [INFO] Fetching units for 07058A00400050 (819/5131)
2025-06-23 03:51:55,276 [INFO] Fetching units for 07058A00400051 (820/5131)
2025-06-23 03:52:11,098 [INFO] Fetching units for 07058A00400052 (821/5131)
2025-06-23 03:52:26,891 [INFO] Fetching units for 07058A00400053 (822/5131)
2025-06-23 03:52:42,643 [INFO] Fetching units for 07058A00400054 (823/5131)
2025-06-23 03:52:58,532 [INFO] Fetching units for 07058A00400055 (824/5131)
2025-06-23 03:53:14,326 [INFO] Fetching units for 07058A00500001 (825/5131)
2025-06-23 03:53:30,172 [INFO] Inserted 10 unit records.
2025-06-23 03:53:30,172 [INFO] Fetching units for 07058A00500002 (826/5131)
2025-06-23 03:53:46,030 [INFO] Fetching units for 07058A00500003 (827/5131)
2025-06-23 03:54:01,900 [INFO] Fetching units for 07058A00500004 (828/5131)
2025-06-23 03:54:17,719 [INFO] Fetching units for 07058A00500005 (829/5131)
2025-06-23 03:54:33,534 [INFO] Fetching units for 07058A00500006 (830/5131)
2025-06-23 03:54:49,311 [INFO] Fetching units for 07058A00500007 (831/5131)
2025-06-23 03:55:05,113 [INFO] Fetching units for 07058A00500008 (832/5131)
2025-06-23 03:55:20,996 [INFO] Fetching units for 07058A00500009 (833/5131)
2025-06-23 03:55:36,751 [INFO] Inserted 11 unit records.
2025-06-23 03:55:36,751 [INFO] Fetching units for 07058A00500010 (834/5131)
2025-06-23 03:55:52,552 [INFO] Fetching units for 07058A00500011 (835/5131)
2025-06-23 03:56:08,421 [INFO] Fetching units for 07058A00500012 (836/5131)
2025-06-23 03:56:24,223 [INFO] Fetching units for 07058A00500013 (837/5131)
2025-06-23 03:56:39,957 [INFO] Fetching units for 07058A00500014 (838/5131)
2025-06-23 03:56:55,757 [INFO] Fetching units for 07058A00500015 (839/5131)
2025-06-23 03:57:11,682 [INFO] Fetching units for 07058A00500016 (840/5131)
2025-06-23 03:57:27,445 [INFO] Fetching units for 07058A00500017 (841/5131)
2025-06-23 03:57:43,218 [INFO] Fetching units for 07058A00500018 (842/5131)
2025-06-23 03:57:58,991 [INFO] Inserted 11 unit records.
2025-06-23 03:57:58,991 [INFO] Fetching units for 07058A00500019 (843/5131)
2025-06-23 03:58:14,892 [INFO] Fetching units for 07058A00500020 (844/5131)
2025-06-23 03:58:30,684 [INFO] Fetching units for 07058A00500021 (845/5131)
2025-06-23 03:58:46,592 [INFO] Fetching units for 07058A00500022 (846/5131)
2025-06-23 03:59:02,385 [INFO] Fetching units for 07058A00500024 (847/5131)
2025-06-23 03:59:18,455 [INFO] Fetching units for 07058A00500025 (848/5131)
2025-06-23 03:59:34,228 [INFO] Fetching units for 07058A00500026 (849/5131)
2025-06-23 03:59:50,038 [INFO] Fetching units for 07058A00500027 (850/5131)
2025-06-23 04:00:05,894 [INFO] Inserted 10 unit records.
2025-06-23 04:00:05,894 [INFO] Fetching units for 07058A00500028 (851/5131)
2025-06-23 04:00:21,796 [INFO] Fetching units for 07058A00500029 (852/5131)
2025-06-23 04:00:37,560 [INFO] Fetching units for 07058A00500030 (853/5131)
2025-06-23 04:00:53,315 [INFO] Fetching units for 07058A00500031 (854/5131)
2025-06-23 04:01:09,230 [INFO] Fetching units for 07058A00500032 (855/5131)
2025-06-23 04:01:25,162 [INFO] Fetching units for 07058A00500033 (856/5131)
2025-06-23 04:01:40,992 [INFO] Fetching units for 07058A00500034 (857/5131)
2025-06-23 04:01:56,751 [INFO] Fetching units for 07058A00500035 (858/5131)
2025-06-23 04:02:12,500 [INFO] Inserted 11 unit records.
2025-06-23 04:02:12,500 [INFO] Fetching units for 07058A00500036 (859/5131)
2025-06-23 04:02:28,327 [INFO] Fetching units for 07058A00500037 (860/5131)
2025-06-23 04:02:44,088 [INFO] Fetching units for 07058A00500038 (861/5131)
2025-06-23 04:02:59,891 [INFO] Fetching units for 07058A00500039 (862/5131)
2025-06-23 04:03:15,692 [INFO] Fetching units for 07058A00500040 (863/5131)
2025-06-23 04:03:31,538 [INFO] Fetching units for 07058A00500041 (864/5131)
2025-06-23 04:03:47,375 [INFO] Fetching units for 07058A00500042 (865/5131)
2025-06-23 04:04:03,076 [INFO] Inserted 10 unit records.
2025-06-23 04:04:03,076 [INFO] Fetching units for 07058A00500043 (866/5131)
2025-06-23 04:04:18,866 [INFO] Fetching units for 07058A00600001 (867/5131)
2025-06-23 04:04:34,719 [INFO] Fetching units for 07058A00600002 (868/5131)
2025-06-23 04:04:50,483 [INFO] Fetching units for 07058A00600003 (869/5131)
2025-06-23 04:05:06,270 [INFO] Fetching units for 07058A00600004 (870/5131)
2025-06-23 04:05:22,093 [INFO] Fetching units for 07058A00600005 (871/5131)
2025-06-23 04:05:37,988 [INFO] Fetching units for 07058A00600006 (872/5131)
2025-06-23 04:05:53,772 [INFO] Fetching units for 07058A00600007 (873/5131)
2025-06-23 04:06:09,512 [INFO] Inserted 10 unit records.
2025-06-23 04:06:09,512 [INFO] Fetching units for 07058A00600008 (874/5131)
2025-06-23 04:06:25,564 [INFO] Fetching units for 07058A00600009 (875/5131)
2025-06-23 04:06:41,385 [INFO] Fetching units for 07058A00600010 (876/5131)
2025-06-23 04:06:57,165 [INFO] Fetching units for 07058A00600012 (877/5131)
2025-06-23 04:07:13,027 [INFO] Fetching units for 07058A00600013 (878/5131)
2025-06-23 04:07:28,821 [INFO] Fetching units for 07058A00600014 (879/5131)
2025-06-23 04:07:44,733 [INFO] Fetching units for 07058A00600015 (880/5131)
2025-06-23 04:08:00,472 [INFO] Fetching units for 07058A00600016 (881/5131)
2025-06-23 04:08:16,240 [INFO] Inserted 10 unit records.
2025-06-23 04:08:16,240 [INFO] Fetching units for 07058A00600017 (882/5131)
2025-06-23 04:08:32,011 [INFO] Fetching units for 07058A00600018 (883/5131)
2025-06-23 04:08:47,903 [INFO] Fetching units for 07058A00600019 (884/5131)
2025-06-23 04:09:03,739 [INFO] Fetching units for 07058A00600020 (885/5131)
2025-06-23 04:09:19,556 [INFO] Fetching units for 07058A00600021 (886/5131)
2025-06-23 04:09:35,371 [INFO] Fetching units for 07058A00600022 (887/5131)
2025-06-23 04:09:51,164 [INFO] Fetching units for 07058A00600023 (888/5131)
2025-06-23 04:10:06,857 [INFO] Fetching units for 07058A00600024 (889/5131)
2025-06-23 04:10:22,614 [INFO] Inserted 10 unit records.
2025-06-23 04:10:22,614 [INFO] Fetching units for 07058A00600025 (890/5131)
2025-06-23 04:10:38,362 [INFO] Fetching units for 07058A00600026 (891/5131)
2025-06-23 04:10:54,278 [INFO] Fetching units for 07058A00600027 (892/5131)
2025-06-23 04:11:10,058 [INFO] Fetching units for 07058A00600028 (893/5131)
2025-06-23 04:11:25,829 [INFO] Fetching units for 07058A00600029 (894/5131)
2025-06-23 04:11:41,616 [INFO] Fetching units for 07058A00600030 (895/5131)
2025-06-23 04:11:57,564 [INFO] Fetching units for 07058A00600031 (896/5131)
2025-06-23 04:12:13,345 [INFO] Fetching units for 07058A00600032 (897/5131)
2025-06-23 04:12:29,106 [INFO] Fetching units for 07058A00600033 (898/5131)
2025-06-23 04:12:44,897 [INFO] Inserted 10 unit records.
2025-06-23 04:12:44,897 [INFO] Fetching units for 07058A00600034 (899/5131)
2025-06-23 04:13:00,761 [INFO] Fetching units for 07058A00600036 (900/5131)
2025-06-23 04:13:16,530 [INFO] Fetching units for 07058A00600037 (901/5131)
2025-06-23 04:13:32,309 [INFO] Fetching units for 07058A00600038 (902/5131)
2025-06-23 04:13:48,075 [INFO] Fetching units for 07058A00600039 (903/5131)
2025-06-23 04:14:03,925 [INFO] Fetching units for 07058A00600040 (904/5131)
2025-06-23 04:14:19,680 [INFO] Fetching units for 07058A00600041 (905/5131)
2025-06-23 04:14:35,459 [INFO] Fetching units for 07058A00600042 (906/5131)
2025-06-23 04:14:51,208 [INFO] Inserted 11 unit records.
2025-06-23 04:14:51,208 [INFO] Fetching units for 07058A00600043 (907/5131)
2025-06-23 04:15:07,125 [INFO] Fetching units for 07058A00600044 (908/5131)
2025-06-23 04:15:22,893 [INFO] Fetching units for 07058A00600045 (909/5131)
2025-06-23 04:15:38,598 [INFO] Fetching units for 07058A00600046 (910/5131)
2025-06-23 04:15:54,450 [INFO] Fetching units for 07058A00600047 (911/5131)
2025-06-23 04:16:10,361 [INFO] Fetching units for 07058A00600048 (912/5131)
2025-06-23 04:16:26,162 [INFO] Fetching units for 07058A00600049 (913/5131)
2025-06-23 04:16:41,962 [INFO] Fetching units for 07058A00600050 (914/5131)
2025-06-23 04:16:57,729 [INFO] Fetching units for 07058A00600051 (915/5131)
2025-06-23 04:17:13,614 [INFO] Inserted 10 unit records.
2025-06-23 04:17:13,614 [INFO] Fetching units for 07058A00600052 (916/5131)
2025-06-23 04:17:29,368 [INFO] Fetching units for 07058A00600053 (917/5131)
2025-06-23 04:17:45,170 [INFO] Fetching units for 07058A00600054 (918/5131)
2025-06-23 04:18:00,961 [INFO] Fetching units for 07058A00600055 (919/5131)
2025-06-23 04:18:16,846 [INFO] Fetching units for 07058A00600056 (920/5131)
2025-06-23 04:18:32,620 [INFO] Fetching units for 07058A00600057 (921/5131)
2025-06-23 04:18:48,346 [INFO] Fetching units for 07058A00600058 (922/5131)
2025-06-23 04:19:04,094 [INFO] Fetching units for 07058A00600059 (923/5131)
2025-06-23 04:19:19,940 [INFO] Inserted 10 unit records.
2025-06-23 04:19:19,940 [INFO] Fetching units for 07058A00600060 (924/5131)
2025-06-23 04:19:35,750 [INFO] Fetching units for 07058A00600061 (925/5131)
2025-06-23 04:19:51,498 [INFO] Fetching units for 07058A00600062 (926/5131)
2025-06-23 04:20:07,317 [INFO] Fetching units for 07058A00600063 (927/5131)
2025-06-23 04:20:23,185 [INFO] Fetching units for 07058A00600064 (928/5131)
2025-06-23 04:20:38,976 [INFO] Fetching units for 07058A00600065 (929/5131)
2025-06-23 04:20:54,731 [INFO] Fetching units for 07058A00600066 (930/5131)
2025-06-23 04:21:10,619 [INFO] Fetching units for 07058A00600067 (931/5131)
2025-06-23 04:21:26,530 [INFO] Fetching units for 07058A00600068 (932/5131)
2025-06-23 04:21:42,319 [INFO] Inserted 10 unit records.
2025-06-23 04:21:42,319 [INFO] Fetching units for 07058A00600069 (933/5131)
2025-06-23 04:21:58,092 [INFO] Fetching units for 07058A00600070 (934/5131)
2025-06-23 04:22:13,865 [INFO] Fetching units for 07058A00600071 (935/5131)
2025-06-23 04:22:29,705 [INFO] Fetching units for 07058A00600072 (936/5131)
2025-06-23 04:22:45,468 [INFO] Fetching units for 07058A00600073 (937/5131)
2025-06-23 04:23:01,225 [INFO] Fetching units for 07058A00600074 (938/5131)
2025-06-23 04:23:17,016 [INFO] Fetching units for 07058A00600075 (939/5131)
2025-06-23 04:23:32,949 [INFO] Fetching units for 07058A00600076 (940/5131)
2025-06-23 04:23:48,724 [INFO] Fetching units for 07058A00600077 (941/5131)
2025-06-23 04:24:04,453 [INFO] Inserted 10 unit records.
2025-06-23 04:24:04,453 [INFO] Fetching units for 07058A00600078 (942/5131)
2025-06-23 04:24:20,218 [INFO] Fetching units for 07058A00600079 (943/5131)
2025-06-23 04:24:36,043 [INFO] Fetching units for 07058A00600080 (944/5131)
2025-06-23 04:24:51,797 [INFO] Fetching units for 07058A00600081 (945/5131)
2025-06-23 04:25:07,638 [INFO] Fetching units for 07058A00600082 (946/5131)
2025-06-23 04:25:23,423 [INFO] Fetching units for 07058A00600083 (947/5131)
2025-06-23 04:25:39,310 [INFO] Fetching units for 07058A00600084 (948/5131)
2025-06-23 04:25:55,052 [INFO] Fetching units for 07058A00600085 (949/5131)
2025-06-23 04:26:10,863 [INFO] Inserted 10 unit records.
2025-06-23 04:26:10,863 [INFO] Fetching units for 07058A00600086 (950/5131)
2025-06-23 04:26:26,639 [INFO] Fetching units for 07058A00600087 (951/5131)
2025-06-23 04:26:42,488 [INFO] Fetching units for 07058A00600088 (952/5131)
2025-06-23 04:26:58,250 [INFO] Fetching units for 07058A00600090 (953/5131)
2025-06-23 04:27:14,024 [INFO] Fetching units for 07058A00600091 (954/5131)
2025-06-23 04:27:29,767 [INFO] Fetching units for 07058A00600092 (955/5131)
2025-06-23 04:27:45,703 [INFO] Inserted 10 unit records.
2025-06-23 04:27:45,703 [INFO] Fetching units for 07058A00600093 (956/5131)
2025-06-23 04:28:01,450 [INFO] Fetching units for 07058A00600094 (957/5131)
2025-06-23 04:28:17,288 [INFO] Fetching units for 07058A00600095 (958/5131)
2025-06-23 04:28:33,075 [INFO] Fetching units for 07058A00600096 (959/5131)
2025-06-23 04:28:48,995 [INFO] Fetching units for 07058A00600097 (960/5131)
2025-06-23 04:29:04,809 [INFO] Fetching units for 07058A00600098 (961/5131)
2025-06-23 04:29:20,553 [INFO] Fetching units for 07058A00600099 (962/5131)
2025-06-23 04:29:36,284 [INFO] Fetching units for 07058A00600100 (963/5131)
2025-06-23 04:29:52,139 [INFO] Fetching units for 07058A00600101 (964/5131)
2025-06-23 04:30:07,918 [INFO] Inserted 10 unit records.
2025-06-23 04:30:07,918 [INFO] Fetching units for 07058A00600102 (965/5131)
2025-06-23 04:30:23,718 [INFO] Fetching units for 07058A00600103 (966/5131)
2025-06-23 04:30:39,481 [INFO] Fetching units for 07058A00600104 (967/5131)
2025-06-23 04:30:55,321 [INFO] Fetching units for 07058A00600106 (968/5131)
2025-06-23 04:31:11,081 [INFO] Fetching units for 07058A00600107 (969/5131)
2025-06-23 04:31:26,843 [INFO] Fetching units for 07058A00600108 (970/5131)
2025-06-23 04:31:42,606 [INFO] Fetching units for 07058A00600109 (971/5131)
2025-06-23 04:31:58,503 [INFO] Fetching units for 07058A00600111 (972/5131)
2025-06-23 04:32:14,321 [INFO] Fetching units for 07058A00600112 (973/5131)
2025-06-23 04:32:30,099 [INFO] Inserted 10 unit records.
2025-06-23 04:32:30,099 [INFO] Fetching units for 07058A00600113 (974/5131)
2025-06-23 04:32:45,909 [INFO] Fetching units for 07058A00600115 (975/5131)
2025-06-23 04:33:01,820 [INFO] Fetching units for 07058A00600116 (976/5131)
2025-06-23 04:33:17,533 [INFO] Fetching units for 07058A00600119 (977/5131)
2025-06-23 04:33:33,267 [INFO] Fetching units for 07058A00600120 (978/5131)
2025-06-23 04:33:49,008 [INFO] Fetching units for 07058A00600121 (979/5131)
2025-06-23 04:34:04,952 [INFO] Fetching units for 07058A00600122 (980/5131)
2025-06-23 04:34:20,692 [INFO] Fetching units for 07058A00600123 (981/5131)
2025-06-23 04:34:36,468 [INFO] Inserted 10 unit records.
2025-06-23 04:34:36,468 [INFO] Fetching units for 07058A00600124 (982/5131)
2025-06-23 04:34:52,327 [INFO] Fetching units for 07058A00600125 (983/5131)
2025-06-23 04:35:08,181 [INFO] Fetching units for 07058A00600126 (984/5131)
2025-06-23 04:35:23,945 [INFO] Fetching units for 07058A00600127 (985/5131)
2025-06-23 04:35:39,762 [INFO] Fetching units for 07058A00600128 (986/5131)
2025-06-23 04:35:55,536 [INFO] Fetching units for 07058A00600129 (987/5131)
2025-06-23 04:36:11,458 [INFO] Fetching units for 07058A00600130 (988/5131)
2025-06-23 04:36:27,320 [INFO] Fetching units for 07058A00700001 (989/5131)
2025-06-23 04:36:43,091 [INFO] Fetching units for 07058A00700002 (990/5131)
2025-06-23 04:36:58,883 [INFO] Inserted 10 unit records.
2025-06-23 04:36:58,883 [INFO] Fetching units for 07058A00700003 (991/5131)
2025-06-23 04:37:15,065 [INFO] Fetching units for 07058A00700004 (992/5131)
2025-06-23 04:37:30,836 [INFO] Fetching units for 07058A00700005 (993/5131)
2025-06-23 04:37:46,588 [INFO] Fetching units for 07058A00800001 (994/5131)
2025-06-23 04:38:02,369 [INFO] Fetching units for 07058A00800002 (995/5131)
2025-06-23 04:38:18,311 [INFO] Fetching units for 07058A00800003 (996/5131)
2025-06-23 04:38:34,130 [INFO] Fetching units for 07058A00800004 (997/5131)
2025-06-23 04:38:50,021 [INFO] Fetching units for 07058A00800005 (998/5131)
2025-06-23 04:39:05,920 [INFO] Inserted 10 unit records.
2025-06-23 04:39:05,920 [INFO] Fetching units for 07058A00800006 (999/5131)
2025-06-23 04:39:21,802 [INFO] Fetching units for 07058A00800007 (1000/5131)
2025-06-23 04:39:37,660 [INFO] Fetching units for 07058A00800008 (1001/5131)
2025-06-23 04:39:53,439 [INFO] Fetching units for 07058A00800009 (1002/5131)
2025-06-23 04:40:09,215 [INFO] Fetching units for 07058A00800011 (1003/5131)
2025-06-23 04:40:25,052 [INFO] Fetching units for 07058A00800012 (1004/5131)
2025-06-23 04:40:40,875 [INFO] Fetching units for 07058A00800013 (1005/5131)
2025-06-23 04:40:56,652 [INFO] Fetching units for 07058A00800014 (1006/5131)
2025-06-23 04:41:12,500 [INFO] Inserted 10 unit records.
2025-06-23 04:41:12,500 [INFO] Fetching units for 07058A00800015 (1007/5131)
2025-06-23 04:41:28,297 [INFO] Fetching units for 07058A00800016 (1008/5131)
2025-06-23 04:41:44,051 [INFO] Fetching units for 07058A00800017 (1009/5131)
2025-06-23 04:41:59,903 [INFO] Fetching units for 07058A00800020 (1010/5131)
2025-06-23 04:42:15,692 [INFO] Fetching units for 07058A00800021 (1011/5131)
2025-06-23 04:42:31,624 [INFO] Fetching units for 07058A00800022 (1012/5131)
2025-06-23 04:42:47,461 [INFO] Fetching units for 07058A00800023 (1013/5131)
2025-06-23 04:43:03,187 [INFO] Fetching units for 07058A00800024 (1014/5131)
2025-06-23 04:43:19,039 [INFO] Inserted 10 unit records.
2025-06-23 04:43:19,039 [INFO] Fetching units for 07058A00800025 (1015/5131)
2025-06-23 04:43:34,929 [INFO] Fetching units for 07058A00800026 (1016/5131)
2025-06-23 04:43:50,753 [INFO] Fetching units for 07058A00800027 (1017/5131)
2025-06-23 04:44:06,583 [INFO] Fetching units for 07058A00800029 (1018/5131)
2025-06-23 04:44:22,408 [INFO] Fetching units for 07058A00800031 (1019/5131)
2025-06-23 04:44:38,283 [INFO] Fetching units for 07058A00800032 (1020/5131)
2025-06-23 04:44:54,070 [INFO] Fetching units for 07058A00800034 (1021/5131)
2025-06-23 04:45:09,824 [INFO] Inserted 10 unit records.
2025-06-23 04:45:09,824 [INFO] Fetching units for 07058A00800035 (1022/5131)
2025-06-23 04:45:25,768 [INFO] Fetching units for 07058A00800037 (1023/5131)
2025-06-23 04:45:41,688 [INFO] Fetching units for 07058A00800038 (1024/5131)
2025-06-23 04:45:57,465 [INFO] Fetching units for 07058A00800039 (1025/5131)
2025-06-23 04:46:13,279 [INFO] Fetching units for 07058A00800040 (1026/5131)
2025-06-23 04:46:29,038 [INFO] Fetching units for 07058A00800041 (1027/5131)
2025-06-23 04:46:45,000 [INFO] Fetching units for 07058A00800042 (1028/5131)
2025-06-23 04:47:00,793 [INFO] Fetching units for 07058A00800043 (1029/5131)
2025-06-23 04:47:16,546 [INFO] Inserted 11 unit records.
2025-06-23 04:47:16,546 [INFO] Fetching units for 07058A00800044 (1030/5131)
2025-06-23 04:47:32,248 [INFO] Fetching units for 07058A00800045 (1031/5131)
2025-06-23 04:47:48,091 [INFO] Fetching units for 07058A00800047 (1032/5131)
2025-06-23 04:48:03,979 [INFO] Fetching units for 07058A00800048 (1033/5131)
2025-06-23 04:48:19,732 [INFO] Fetching units for 07058A00800049 (1034/5131)
2025-06-23 04:48:35,500 [INFO] Fetching units for 07058A00800050 (1035/5131)
2025-06-23 04:48:51,356 [INFO] Fetching units for 07058A00800051 (1036/5131)
2025-06-23 04:49:07,223 [INFO] Fetching units for 07058A00800052 (1037/5131)
2025-06-23 04:49:23,059 [INFO] Inserted 10 unit records.
2025-06-23 04:49:23,059 [INFO] Fetching units for 07058A00800053 (1038/5131)
2025-06-23 04:49:38,838 [INFO] Fetching units for 07058A00800054 (1039/5131)
2025-06-23 04:49:54,880 [INFO] Fetching units for 07058A00800055 (1040/5131)
2025-06-23 04:50:10,644 [INFO] Fetching units for 07058A00800056 (1041/5131)
2025-06-23 04:50:26,377 [INFO] Fetching units for 07058A00800057 (1042/5131)
2025-06-23 04:50:42,149 [INFO] Fetching units for 07058A00800058 (1043/5131)
2025-06-23 04:50:58,060 [INFO] Fetching units for 07058A00800063 (1044/5131)
2025-06-23 04:51:13,772 [INFO] Fetching units for 07058A00800064 (1045/5131)
2025-06-23 04:51:29,558 [INFO] Inserted 10 unit records.
2025-06-23 04:51:29,558 [INFO] Fetching units for 07058A00800065 (1046/5131)
2025-06-23 04:51:45,293 [INFO] Fetching units for 07058A00800066 (1047/5131)
2025-06-23 04:52:01,163 [INFO] Fetching units for 07058A00800067 (1048/5131)
2025-06-23 04:52:16,931 [INFO] Fetching units for 07058A00800068 (1049/5131)
2025-06-23 04:52:32,670 [INFO] Fetching units for 07058A00800071 (1050/5131)
2025-06-23 04:52:48,394 [INFO] Fetching units for 07058A00800073 (1051/5131)
2025-06-23 04:53:04,285 [INFO] Fetching units for 07058A00800075 (1052/5131)
2025-06-23 04:53:20,096 [INFO] Inserted 10 unit records.
2025-06-23 04:53:20,096 [INFO] Fetching units for 07058A00800076 (1053/5131)
2025-06-23 04:53:35,878 [INFO] Fetching units for 07058A00800077 (1054/5131)
2025-06-23 04:53:51,679 [INFO] Fetching units for 07058A00800078 (1055/5131)
2025-06-23 04:54:07,516 [INFO] Fetching units for 07058A00800079 (1056/5131)
2025-06-23 04:54:23,279 [INFO] Fetching units for 07058A00800080 (1057/5131)
2025-06-23 04:54:39,061 [INFO] Fetching units for 07058A00800081 (1058/5131)
2025-06-23 04:54:54,879 [INFO] Fetching units for 07058A00800083 (1059/5131)
2025-06-23 04:55:10,724 [INFO] Fetching units for 07058A00800084 (1060/5131)
2025-06-23 04:55:26,551 [INFO] Fetching units for 07058A00800085 (1061/5131)
2025-06-23 04:55:42,334 [INFO] Inserted 10 unit records.
2025-06-23 04:55:42,334 [INFO] Fetching units for 07058A00800086 (1062/5131)
2025-06-23 04:55:58,126 [INFO] Fetching units for 07058A00800087 (1063/5131)
2025-06-23 04:56:14,005 [INFO] Fetching units for 07058A00800088 (1064/5131)
2025-06-23 04:56:29,759 [INFO] Fetching units for 07058A00800091 (1065/5131)
2025-06-23 04:56:45,599 [INFO] Fetching units for 07058A00800092 (1066/5131)
2025-06-23 04:57:01,378 [INFO] Fetching units for 07058A00800093 (1067/5131)
2025-06-23 04:57:17,301 [INFO] Fetching units for 07058A00800094 (1068/5131)
2025-06-23 04:57:33,093 [INFO] Fetching units for 07058A00800096 (1069/5131)
2025-06-23 04:57:48,932 [INFO] Fetching units for 07058A00800097 (1070/5131)
2025-06-23 04:58:04,664 [INFO] Inserted 10 unit records.
2025-06-23 04:58:04,664 [INFO] Fetching units for 07058A00800098 (1071/5131)
2025-06-23 04:58:20,543 [INFO] Fetching units for 07058A00800099 (1072/5131)
2025-06-23 04:58:36,277 [INFO] Fetching units for 07058A00800100 (1073/5131)
2025-06-23 04:58:54,054 [INFO] Fetching units for 07058A00800101 (1074/5131)
2025-06-23 04:59:09,846 [INFO] Fetching units for 07058A00800102 (1075/5131)
2025-06-23 04:59:25,682 [INFO] Fetching units for 07058A00800103 (1076/5131)
2025-06-23 04:59:41,485 [INFO] Fetching units for 07058A00800104 (1077/5131)
2025-06-23 04:59:57,363 [INFO] Inserted 10 unit records.
2025-06-23 04:59:57,364 [INFO] Fetching units for 07058A00800105 (1078/5131)
2025-06-23 05:00:13,139 [INFO] Fetching units for 07058A00800106 (1079/5131)
2025-06-23 05:00:28,986 [INFO] Fetching units for 07058A00800107 (1080/5131)
2025-06-23 05:00:44,815 [INFO] Fetching units for 07058A00800108 (1081/5131)
2025-06-23 05:01:00,639 [INFO] Fetching units for 07058A00800109 (1082/5131)
2025-06-23 05:01:16,581 [INFO] Fetching units for 07058A00800110 (1083/5131)
2025-06-23 05:01:32,540 [INFO] Fetching units for 07058A00800111 (1084/5131)
2025-06-23 05:01:48,457 [INFO] Inserted 10 unit records.
2025-06-23 05:01:48,457 [INFO] Fetching units for 07058A00800112 (1085/5131)
2025-06-23 05:02:04,323 [INFO] Fetching units for 07058A00800113 (1086/5131)
2025-06-23 05:02:20,108 [INFO] Fetching units for 07058A00800114 (1087/5131)
2025-06-23 05:02:35,980 [INFO] Fetching units for 07058A00800115 (1088/5131)
2025-06-23 05:02:51,775 [INFO] Fetching units for 07058A00800116 (1089/5131)
2025-06-23 05:03:07,720 [INFO] Fetching units for 07058A00800117 (1090/5131)
2025-06-23 05:03:23,646 [INFO] Fetching units for 07058A00800118 (1091/5131)
2025-06-23 05:03:39,543 [INFO] Inserted 11 unit records.
2025-06-23 05:03:39,543 [INFO] Fetching units for 07058A00800119 (1092/5131)
2025-06-23 05:03:55,356 [INFO] Fetching units for 07058A00800120 (1093/5131)
2025-06-23 05:04:11,208 [INFO] Fetching units for 07058A00800121 (1094/5131)
2025-06-23 05:04:27,088 [INFO] Fetching units for 07058A00800122 (1095/5131)
2025-06-23 05:04:43,216 [INFO] Fetching units for 07058A00800123 (1096/5131)
2025-06-23 05:04:59,177 [INFO] Fetching units for 07058A00800124 (1097/5131)
2025-06-23 05:05:15,010 [INFO] Fetching units for 07058A00800125 (1098/5131)
2025-06-23 05:05:30,809 [INFO] Fetching units for 07058A00800126 (1099/5131)
2025-06-23 05:05:46,802 [INFO] Inserted 10 unit records.
2025-06-23 05:05:46,802 [INFO] Fetching units for 07058A00800127 (1100/5131)
2025-06-23 05:06:02,762 [INFO] Fetching units for 07058A00800128 (1101/5131)
2025-06-23 05:06:18,531 [INFO] Fetching units for 07058A00800129 (1102/5131)
2025-06-23 05:06:34,389 [INFO] Fetching units for 07058A00800130 (1103/5131)
2025-06-23 05:06:50,354 [INFO] Fetching units for 07058A00800131 (1104/5131)
2025-06-23 05:07:06,137 [INFO] Fetching units for 07058A00800132 (1105/5131)
2025-06-23 05:07:21,975 [INFO] Fetching units for 07058A00800133 (1106/5131)
2025-06-23 05:07:37,799 [INFO] Fetching units for 07058A00800135 (1107/5131)
2025-06-23 05:07:53,761 [INFO] Inserted 10 unit records.
2025-06-23 05:07:53,761 [INFO] Fetching units for 07058A00800136 (1108/5131)
2025-06-23 05:08:09,595 [INFO] Fetching units for 07058A00800137 (1109/5131)
2025-06-23 05:08:25,437 [INFO] Fetching units for 07058A00800138 (1110/5131)
2025-06-23 05:08:41,435 [INFO] Fetching units for 07058A00800139 (1111/5131)
2025-06-23 05:08:57,473 [INFO] Fetching units for 07058A00800140 (1112/5131)
2025-06-23 05:09:13,278 [INFO] Fetching units for 07058A00800141 (1113/5131)
2025-06-23 05:09:29,070 [INFO] Fetching units for 07058A00800142 (1114/5131)
2025-06-23 05:09:44,909 [INFO] Inserted 10 unit records.
2025-06-23 05:09:44,909 [INFO] Fetching units for 07058A00800143 (1115/5131)
2025-06-23 05:10:00,984 [INFO] Fetching units for 07058A00800144 (1116/5131)
2025-06-23 05:10:16,881 [INFO] Fetching units for 07058A00800145 (1117/5131)
2025-06-23 05:10:32,711 [INFO] Fetching units for 07058A00800146 (1118/5131)
2025-06-23 05:10:48,518 [INFO] Fetching units for 07058A00800147 (1119/5131)
2025-06-23 05:11:04,446 [INFO] Fetching units for 07058A00800149 (1120/5131)
2025-06-23 05:11:20,277 [INFO] Fetching units for 07058A00800150 (1121/5131)
2025-06-23 05:11:36,220 [INFO] Fetching units for 07058A00800151 (1122/5131)
2025-06-23 05:11:51,983 [INFO] Inserted 10 unit records.
2025-06-23 05:11:51,983 [INFO] Fetching units for 07058A00800152 (1123/5131)
2025-06-23 05:12:07,890 [INFO] Fetching units for 07058A00800153 (1124/5131)
2025-06-23 05:12:23,642 [INFO] Fetching units for 07058A00800154 (1125/5131)
2025-06-23 05:12:39,466 [INFO] Fetching units for 07058A00800155 (1126/5131)
2025-06-23 05:12:55,305 [INFO] Fetching units for 07058A00800156 (1127/5131)
2025-06-23 05:13:11,230 [INFO] Fetching units for 07058A00800157 (1128/5131)
2025-06-23 05:13:27,073 [INFO] Fetching units for 07058A00800158 (1129/5131)
2025-06-23 05:13:43,075 [INFO] Fetching units for 07058A00800159 (1130/5131)
2025-06-23 05:13:58,910 [INFO] Inserted 11 unit records.
2025-06-23 05:13:58,910 [INFO] Fetching units for 07058A00800160 (1131/5131)
2025-06-23 05:14:14,835 [INFO] Fetching units for 07058A00800161 (1132/5131)
2025-06-23 05:14:30,614 [INFO] Fetching units for 07058A00800162 (1133/5131)
2025-06-23 05:14:46,367 [INFO] Fetching units for 07058A00800163 (1134/5131)
2025-06-23 05:15:02,231 [INFO] Fetching units for 07058A00800164 (1135/5131)
2025-06-23 05:15:18,186 [INFO] Fetching units for 07058A00800165 (1136/5131)
2025-06-23 05:15:34,011 [INFO] Fetching units for 07058A00800166 (1137/5131)
2025-06-23 05:15:49,868 [INFO] Inserted 10 unit records.
2025-06-23 05:15:49,868 [INFO] Fetching units for 07058A00800167 (1138/5131)
2025-06-23 05:16:05,638 [INFO] Fetching units for 07058A00800169 (1139/5131)
2025-06-23 05:16:21,541 [INFO] Fetching units for 07058A00800171 (1140/5131)
2025-06-23 05:16:37,547 [INFO] Fetching units for 07058A00800172 (1141/5131)
2025-06-23 05:16:53,327 [INFO] Fetching units for 07058A00800173 (1142/5131)
2025-06-23 05:17:09,198 [INFO] Fetching units for 07058A00800174 (1143/5131)
2025-06-23 05:17:25,156 [INFO] Fetching units for 07058A00800175 (1144/5131)
2025-06-23 05:17:40,950 [INFO] Fetching units for 07058A00800176 (1145/5131)
2025-06-23 05:17:56,757 [INFO] Inserted 10 unit records.
2025-06-23 05:17:56,757 [INFO] Fetching units for 07058A00900001 (1146/5131)
2025-06-23 05:18:12,626 [INFO] Fetching units for 07058A00900002 (1147/5131)
2025-06-23 05:18:28,583 [INFO] Fetching units for 07058A00900003 (1148/5131)
2025-06-23 05:18:44,462 [INFO] Fetching units for 07058A00900004 (1149/5131)
2025-06-23 05:19:00,284 [INFO] Fetching units for 07058A00900005 (1150/5131)
2025-06-23 05:19:16,180 [INFO] Fetching units for 07058A00900006 (1151/5131)
2025-06-23 05:19:32,262 [INFO] Fetching units for 07058A00900007 (1152/5131)
2025-06-23 05:19:48,013 [INFO] Fetching units for 07058A00900008 (1153/5131)
2025-06-23 05:20:03,799 [INFO] Fetching units for 07058A00900009 (1154/5131)
2025-06-23 05:20:19,664 [INFO] Inserted 10 unit records.
2025-06-23 05:20:19,664 [INFO] Fetching units for 07058A00900010 (1155/5131)
2025-06-23 05:20:35,594 [INFO] Fetching units for 07058A00900011 (1156/5131)
2025-06-23 05:20:51,454 [INFO] Fetching units for 07058A00900012 (1157/5131)
2025-06-23 05:21:07,247 [INFO] Fetching units for 07058A00900013 (1158/5131)
2025-06-23 05:21:59,566 [INFO] Fetching units for 07058A00900015 (1159/5131)
2025-06-23 05:22:15,378 [INFO] Fetching units for 07058A00900016 (1160/5131)
2025-06-23 05:22:31,311 [INFO] Fetching units for 07058A00900017 (1161/5131)
2025-06-23 05:22:47,318 [INFO] Fetching units for 07058A00900018 (1162/5131)
2025-06-23 05:23:03,137 [INFO] Fetching units for 07058A00900019 (1163/5131)
2025-06-23 05:23:19,054 [INFO] Fetching units for 07058A00900021 (1164/5131)
2025-06-23 05:23:34,801 [INFO] Inserted 10 unit records.
2025-06-23 05:23:34,801 [INFO] Fetching units for 07058A00900022 (1165/5131)
2025-06-23 05:23:50,710 [INFO] Fetching units for 07058A00900023 (1166/5131)
2025-06-23 05:24:06,546 [INFO] Fetching units for 07058A00900024 (1167/5131)
2025-06-23 05:24:22,324 [INFO] Fetching units for 07058A00900025 (1168/5131)
2025-06-23 05:24:38,155 [INFO] Fetching units for 07058A00900026 (1169/5131)
2025-06-23 05:24:54,134 [INFO] Fetching units for 07058A00900027 (1170/5131)
2025-06-23 05:25:09,970 [INFO] Inserted 10 unit records.
2025-06-23 05:25:09,970 [INFO] Fetching units for 07058A00900028 (1171/5131)
2025-06-23 05:25:25,804 [INFO] Fetching units for 07058A00900029 (1172/5131)
2025-06-23 05:25:41,579 [INFO] Fetching units for 07058A00900030 (1173/5131)
2025-06-23 05:25:57,517 [INFO] Fetching units for 07058A00900031 (1174/5131)
2025-06-23 05:26:13,391 [INFO] Fetching units for 07058A00900032 (1175/5131)
2025-06-23 05:26:29,216 [INFO] Fetching units for 07058A00900033 (1176/5131)
2025-06-23 05:26:45,091 [INFO] Fetching units for 07058A00900034 (1177/5131)
2025-06-23 05:27:01,023 [INFO] Fetching units for 07058A00900036 (1178/5131)
2025-06-23 05:27:16,805 [INFO] Inserted 11 unit records.
2025-06-23 05:27:16,805 [INFO] Fetching units for 07058A00900037 (1179/5131)
2025-06-23 05:27:32,692 [INFO] Fetching units for 07058A00900041 (1180/5131)
2025-06-23 05:27:48,616 [INFO] Fetching units for 07058A00900042 (1181/5131)
2025-06-23 05:28:04,523 [INFO] Fetching units for 07058A00900043 (1182/5131)
2025-06-23 05:28:20,349 [INFO] Fetching units for 07058A00900044 (1183/5131)
2025-06-23 05:28:36,217 [INFO] Fetching units for 07058A00900045 (1184/5131)
2025-06-23 05:28:56,104 [INFO] Fetching units for 07058A00900046 (1185/5131)
2025-06-23 05:29:12,096 [INFO] Fetching units for 07058A00900047 (1186/5131)
2025-06-23 05:29:27,916 [INFO] Fetching units for 07058A00900048 (1187/5131)
2025-06-23 05:29:43,753 [INFO] Fetching units for 07058A00900049 (1188/5131)
2025-06-23 05:29:59,596 [INFO] Inserted 10 unit records.
2025-06-23 05:29:59,596 [INFO] Fetching units for 07058A00900050 (1189/5131)
2025-06-23 05:30:15,675 [INFO] Fetching units for 07058A00900051 (1190/5131)
2025-06-23 05:30:31,604 [INFO] Fetching units for 07058A00900052 (1191/5131)
2025-06-23 05:30:47,644 [INFO] Fetching units for 07058A00900053 (1192/5131)
2025-06-23 05:31:03,470 [INFO] Fetching units for 07058A00900054 (1193/5131)
2025-06-23 05:31:19,447 [INFO] Fetching units for 07058A00900055 (1194/5131)
2025-06-23 05:31:35,309 [INFO] Fetching units for 07058A00900056 (1195/5131)
2025-06-23 05:31:51,283 [INFO] Fetching units for 07058A00900057 (1196/5131)
2025-06-23 05:32:07,083 [INFO] Fetching units for 07058A00900058 (1197/5131)
2025-06-23 05:32:23,077 [INFO] Inserted 10 unit records.
2025-06-23 05:32:23,077 [INFO] Fetching units for 07058A00900059 (1198/5131)
2025-06-23 05:32:38,914 [INFO] Fetching units for 07058A00900060 (1199/5131)
2025-06-23 05:32:54,799 [INFO] Fetching units for 07058A00900061 (1200/5131)
2025-06-23 05:33:10,630 [INFO] Fetching units for 07058A00900062 (1201/5131)
2025-06-23 05:33:26,588 [INFO] Fetching units for 07058A00900063 (1202/5131)
2025-06-23 05:33:42,460 [INFO] Fetching units for 07058A00900064 (1203/5131)
2025-06-23 05:33:58,454 [INFO] Fetching units for 07058A00900065 (1204/5131)
2025-06-23 05:34:14,306 [INFO] Fetching units for 07058A00900066 (1205/5131)
2025-06-23 05:34:30,166 [INFO] Fetching units for 07058A00900067 (1206/5131)
2025-06-23 05:34:45,933 [INFO] Inserted 10 unit records.
2025-06-23 05:34:45,940 [INFO] Fetching units for 07058A00900068 (1207/5131)
2025-06-23 05:35:01,782 [INFO] Fetching units for 07058A00900069 (1208/5131)
2025-06-23 05:35:17,666 [INFO] Fetching units for 07058A00900070 (1209/5131)
2025-06-23 05:35:33,691 [INFO] Fetching units for 07058A00900071 (1210/5131)
2025-06-23 05:35:49,570 [INFO] Fetching units for 07058A00900072 (1211/5131)
2025-06-23 05:36:05,449 [INFO] Fetching units for 07058A00900073 (1212/5131)
2025-06-23 05:36:21,320 [INFO] Fetching units for 07058A00900074 (1213/5131)
2025-06-23 05:36:37,407 [INFO] Fetching units for 07058A00900075 (1214/5131)
2025-06-23 05:36:53,202 [INFO] Fetching units for 07058A00900076 (1215/5131)
2025-06-23 05:37:09,164 [INFO] Inserted 10 unit records.
2025-06-23 05:37:09,164 [INFO] Fetching units for 07058A00900077 (1216/5131)
2025-06-23 05:37:25,050 [INFO] Fetching units for 07058A00900078 (1217/5131)
2025-06-23 05:37:41,022 [INFO] Fetching units for 07058A00900079 (1218/5131)
2025-06-23 05:37:56,877 [INFO] Fetching units for 07058A00900080 (1219/5131)
2025-06-23 05:38:12,688 [INFO] Fetching units for 07058A00900081 (1220/5131)
2025-06-23 05:38:28,504 [INFO] Fetching units for 07058A00900082 (1221/5131)
2025-06-23 05:38:44,517 [INFO] Fetching units for 07058A00900083 (1222/5131)
2025-06-23 05:39:00,511 [INFO] Fetching units for 07058A00900084 (1223/5131)
2025-06-23 05:39:16,382 [INFO] Fetching units for 07058A00900085 (1224/5131)
2025-06-23 05:39:32,601 [INFO] Inserted 10 unit records.
2025-06-23 05:39:32,601 [INFO] Fetching units for 07058A00900086 (1225/5131)
2025-06-23 05:39:48,489 [INFO] Fetching units for 07058A00900087 (1226/5131)
2025-06-23 05:40:04,351 [INFO] Fetching units for 07058A00900088 (1227/5131)
2025-06-23 05:40:20,154 [INFO] Fetching units for 07058A00900089 (1228/5131)
2025-06-23 05:40:35,985 [INFO] Fetching units for 07058A00900090 (1229/5131)
2025-06-23 05:40:51,907 [INFO] Fetching units for 07058A00900091 (1230/5131)
2025-06-23 05:41:07,852 [INFO] Fetching units for 07058A00900092 (1231/5131)
2025-06-23 05:41:23,724 [INFO] Fetching units for 07058A00900093 (1232/5131)
2025-06-23 05:41:39,609 [INFO] Inserted 10 unit records.
2025-06-23 05:41:39,609 [INFO] Fetching units for 07058A00900094 (1233/5131)
2025-06-23 05:41:55,551 [INFO] Fetching units for 07058A00900095 (1234/5131)
2025-06-23 05:42:11,436 [INFO] Fetching units for 07058A00900096 (1235/5131)
2025-06-23 05:42:27,349 [INFO] Fetching units for 07058A00900097 (1236/5131)
2025-06-23 05:42:43,219 [INFO] Fetching units for 07058A00900098 (1237/5131)
2025-06-23 05:42:59,170 [INFO] Fetching units for 07058A00900099 (1238/5131)
2025-06-23 05:43:15,001 [INFO] Fetching units for 07058A00900100 (1239/5131)
2025-06-23 05:43:30,896 [INFO] Fetching units for 07058A00900101 (1240/5131)
2025-06-23 05:43:46,709 [INFO] Fetching units for 07058A00900102 (1241/5131)
2025-06-23 05:44:02,598 [INFO] Inserted 10 unit records.
2025-06-23 05:44:02,598 [INFO] Fetching units for 07058A00900103 (1242/5131)
2025-06-23 05:44:18,479 [INFO] Fetching units for 07058A00900104 (1243/5131)
2025-06-23 05:44:34,385 [INFO] Fetching units for 07058A00900105 (1244/5131)
2025-06-23 05:44:50,172 [INFO] Fetching units for 07058A00900106 (1245/5131)
2025-06-23 05:45:06,004 [INFO] Fetching units for 07058A00900107 (1246/5131)
2025-06-23 05:45:21,815 [INFO] Fetching units for 07058A00900108 (1247/5131)
2025-06-23 05:45:37,672 [INFO] Fetching units for 07058A00900109 (1248/5131)
2025-06-23 05:45:53,426 [INFO] Fetching units for 07058A00900110 (1249/5131)
2025-06-23 05:46:09,321 [INFO] Fetching units for 07058A00900111 (1250/5131)
2025-06-23 05:46:25,227 [INFO] Inserted 10 unit records.
2025-06-23 05:46:25,227 [INFO] Fetching units for 07058A00900112 (1251/5131)
2025-06-23 05:46:41,038 [INFO] Fetching units for 07058A00900113 (1252/5131)
2025-06-23 05:46:56,842 [INFO] Fetching units for 07058A00900114 (1253/5131)
2025-06-23 05:47:12,757 [INFO] Fetching units for 07058A00900115 (1254/5131)
2025-06-23 05:47:28,597 [INFO] Fetching units for 07058A00900116 (1255/5131)
2025-06-23 05:47:44,407 [INFO] Fetching units for 07058A00900117 (1256/5131)
2025-06-23 05:48:00,186 [INFO] Fetching units for 07058A00900118 (1257/5131)
2025-06-23 05:48:16,149 [INFO] Fetching units for 07058A00900119 (1258/5131)
2025-06-23 05:48:32,022 [INFO] Fetching units for 07058A00900120 (1259/5131)
2025-06-23 05:48:47,890 [INFO] Inserted 10 unit records.
2025-06-23 05:48:47,890 [INFO] Fetching units for 07058A00900121 (1260/5131)
2025-06-23 05:49:03,767 [INFO] Fetching units for 07058A00900122 (1261/5131)
2025-06-23 05:49:19,712 [INFO] Fetching units for 07058A00900123 (1262/5131)
2025-06-23 05:50:12,167 [INFO] Fetching units for 07058A00900124 (1263/5131)
2025-06-23 05:50:28,140 [INFO] Fetching units for 07058A00900125 (1264/5131)
2025-06-23 05:50:43,979 [INFO] Fetching units for 07058A00900126 (1265/5131)
2025-06-23 05:50:59,828 [INFO] Fetching units for 07058A00900127 (1266/5131)
2025-06-23 05:51:15,645 [INFO] Fetching units for 07058A00900128 (1267/5131)
2025-06-23 05:51:31,557 [INFO] Fetching units for 07058A00900129 (1268/5131)
2025-06-23 05:51:47,326 [INFO] Inserted 10 unit records.
2025-06-23 05:51:47,326 [INFO] Fetching units for 07058A00900130 (1269/5131)
2025-06-23 05:52:03,170 [INFO] Fetching units for 07058A00900131 (1270/5131)
2025-06-23 05:52:19,001 [INFO] Fetching units for 07058A00900132 (1271/5131)
2025-06-23 05:52:35,237 [INFO] Fetching units for 07058A00900133 (1272/5131)
2025-06-23 05:52:51,057 [INFO] Fetching units for 07058A00900134 (1273/5131)
2025-06-23 05:53:07,021 [INFO] Fetching units for 07058A00900135 (1274/5131)
2025-06-23 05:53:22,968 [INFO] Fetching units for 07058A00900136 (1275/5131)
2025-06-23 05:53:38,946 [INFO] Fetching units for 07058A00900137 (1276/5131)
2025-06-23 05:53:54,706 [INFO] Fetching units for 07058A00900138 (1277/5131)
2025-06-23 05:54:10,422 [INFO] Inserted 10 unit records.
2025-06-23 05:54:10,422 [INFO] Fetching units for 07058A00900139 (1278/5131)
2025-06-23 05:54:26,283 [INFO] Fetching units for 07058A00900140 (1279/5131)
2025-06-23 05:54:42,223 [INFO] Fetching units for 07058A00900141 (1280/5131)
2025-06-23 05:54:58,107 [INFO] Fetching units for 07058A00900142 (1281/5131)
2025-06-23 05:55:14,005 [INFO] Fetching units for 07058A00900143 (1282/5131)
2025-06-23 05:55:29,859 [INFO] Fetching units for 07058A00900144 (1283/5131)
2025-06-23 05:55:45,835 [INFO] Fetching units for 07058A00900147 (1284/5131)
2025-06-23 05:56:01,548 [INFO] Fetching units for 07058A00900148 (1285/5131)
2025-06-23 05:56:17,389 [INFO] Inserted 10 unit records.
2025-06-23 05:56:17,389 [INFO] Fetching units for 07058A00900149 (1286/5131)
2025-06-23 05:56:33,346 [INFO] Fetching units for 07058A00900150 (1287/5131)
2025-06-23 05:56:49,289 [INFO] Fetching units for 07058A00900151 (1288/5131)
2025-06-23 05:57:05,236 [INFO] Fetching units for 07058A00900152 (1289/5131)
2025-06-23 05:57:21,024 [INFO] Fetching units for 07058A00900153 (1290/5131)
2025-06-23 05:57:36,786 [INFO] Fetching units for 07058A00900154 (1291/5131)
2025-06-23 05:57:52,665 [INFO] Fetching units for 07058A00900155 (1292/5131)
2025-06-23 05:58:08,548 [INFO] Fetching units for 07058A00900156 (1293/5131)
2025-06-23 05:58:24,459 [INFO] Fetching units for 07058A00900157 (1294/5131)
2025-06-23 05:58:40,298 [INFO] Inserted 10 unit records.
2025-06-23 05:58:40,298 [INFO] Fetching units for 07058A00900158 (1295/5131)
2025-06-23 05:58:56,263 [INFO] Fetching units for 07058A00900159 (1296/5131)
2025-06-23 05:59:12,188 [INFO] Fetching units for 07058A00900160 (1297/5131)
2025-06-23 05:59:28,092 [INFO] Fetching units for 07058A00900161 (1298/5131)
2025-06-23 05:59:43,944 [INFO] Fetching units for 07058A00900162 (1299/5131)
2025-06-23 05:59:59,817 [INFO] Fetching units for 07058A00900163 (1300/5131)
2025-06-23 06:00:15,606 [INFO] Fetching units for 07058A00900164 (1301/5131)
2025-06-23 06:00:31,421 [INFO] Inserted 10 unit records.
2025-06-23 06:00:31,421 [INFO] Fetching units for 07058A00900165 (1302/5131)
2025-06-23 06:00:47,375 [INFO] Fetching units for 07058A00900166 (1303/5131)
2025-06-23 06:01:03,421 [INFO] Fetching units for 07058A00900167 (1304/5131)
2025-06-23 06:01:19,288 [INFO] Fetching units for 07058A00900168 (1305/5131)
2025-06-23 06:01:35,184 [INFO] Fetching units for 07058A00900169 (1306/5131)
2025-06-23 06:01:51,048 [INFO] Fetching units for 07058A00900176 (1307/5131)
2025-06-23 06:02:07,097 [INFO] Fetching units for 07058A00900177 (1308/5131)
2025-06-23 06:02:22,959 [INFO] Fetching units for 07058A00900178 (1309/5131)
2025-06-23 06:02:38,774 [INFO] Fetching units for 07058A00900179 (1310/5131)
2025-06-23 06:02:54,583 [INFO] Inserted 10 unit records.
2025-06-23 06:02:54,583 [INFO] Fetching units for 07058A00900180 (1311/5131)
2025-06-23 06:03:10,522 [INFO] Fetching units for 07058A00900181 (1312/5131)
2025-06-23 06:03:26,345 [INFO] Fetching units for 07058A00900182 (1313/5131)
2025-06-23 06:03:42,129 [INFO] Fetching units for 07058A00900184 (1314/5131)
2025-06-23 06:03:57,947 [INFO] Fetching units for 07058A00900185 (1315/5131)
2025-06-23 06:04:13,896 [INFO] Fetching units for 07058A00900194 (1316/5131)
2025-06-23 06:04:29,755 [INFO] Fetching units for 07058A00900195 (1317/5131)
2025-06-23 06:04:45,549 [INFO] Inserted 11 unit records.
2025-06-23 06:04:45,549 [INFO] Fetching units for 07058A00900196 (1318/5131)
2025-06-23 06:05:01,387 [INFO] Fetching units for 07058A00900197 (1319/5131)
2025-06-23 06:05:17,431 [INFO] Fetching units for 07058A00900198 (1320/5131)
2025-06-23 06:05:33,269 [INFO] Fetching units for 07058A00900199 (1321/5131)
2025-06-23 06:06:25,569 [INFO] Fetching units for 07058A01000001 (1322/5131)
2025-06-23 06:06:41,466 [INFO] Fetching units for 07058A01000002 (1323/5131)
2025-06-23 06:06:57,272 [INFO] Fetching units for 07058A01000003 (1324/5131)
2025-06-23 06:07:13,109 [INFO] Fetching units for 07058A01000004 (1325/5131)
2025-06-23 06:07:29,002 [INFO] Inserted 10 unit records.
2025-06-23 06:07:29,002 [INFO] Fetching units for 07058A01000005 (1326/5131)
2025-06-23 06:07:45,033 [INFO] Fetching units for 07058A01000006 (1327/5131)
2025-06-23 06:08:00,885 [INFO] Fetching units for 07058A01000007 (1328/5131)
2025-06-23 06:08:16,732 [INFO] Fetching units for 07058A01000008 (1329/5131)
2025-06-23 06:08:32,582 [INFO] Fetching units for 07058A01000009 (1330/5131)
2025-06-23 06:08:48,693 [INFO] Fetching units for 07058A01000010 (1331/5131)
2025-06-23 06:09:04,481 [INFO] Fetching units for 07058A01000011 (1332/5131)
2025-06-23 06:09:20,218 [INFO] Inserted 10 unit records.
2025-06-23 06:09:20,218 [INFO] Fetching units for 07058A01000012 (1333/5131)
2025-06-23 06:09:35,998 [INFO] Fetching units for 07058A01000016 (1334/5131)
2025-06-23 06:09:51,813 [INFO] Fetching units for 07058A01000017 (1335/5131)
2025-06-23 06:10:07,579 [INFO] Fetching units for 07058A01000018 (1336/5131)
2025-06-23 06:10:23,451 [INFO] Fetching units for 07058A01000019 (1337/5131)
2025-06-23 06:10:39,285 [INFO] Fetching units for 07058A01000020 (1338/5131)
2025-06-23 06:10:55,336 [INFO] Fetching units for 07058A01000021 (1339/5131)
2025-06-23 06:11:11,188 [INFO] Inserted 10 unit records.
2025-06-23 06:11:11,188 [INFO] Fetching units for 07058A01000022 (1340/5131)
2025-06-23 06:11:27,017 [INFO] Fetching units for 07058A01000023 (1341/5131)
2025-06-23 06:11:42,869 [INFO] Fetching units for 07058A01000024 (1342/5131)
2025-06-23 06:11:58,775 [INFO] Fetching units for 07058A01000025 (1343/5131)
2025-06-23 06:12:14,532 [INFO] Fetching units for 07058A01000026 (1344/5131)
2025-06-23 06:12:30,364 [INFO] Fetching units for 07058A01000027 (1345/5131)
2025-06-23 06:12:46,123 [INFO] Fetching units for 07058A01000028 (1346/5131)
2025-06-23 06:13:02,040 [INFO] Fetching units for 07058A01000029 (1347/5131)
2025-06-23 06:13:17,907 [INFO] Inserted 10 unit records.
2025-06-23 06:13:17,908 [INFO] Fetching units for 07058A01000030 (1348/5131)
2025-06-23 06:13:33,674 [INFO] Fetching units for 07058A01000031 (1349/5131)
2025-06-23 06:13:49,503 [INFO] Fetching units for 07058A01000032 (1350/5131)
2025-06-23 06:14:05,393 [INFO] Fetching units for 07058A01000033 (1351/5131)
2025-06-23 06:14:21,197 [INFO] Fetching units for 07058A01000034 (1352/5131)
2025-06-23 06:14:37,080 [INFO] Fetching units for 07058A01000037 (1353/5131)
2025-06-23 06:14:53,061 [INFO] Fetching units for 07058A01000038 (1354/5131)
2025-06-23 06:15:08,941 [INFO] Fetching units for 07058A01000039 (1355/5131)
2025-06-23 06:15:24,716 [INFO] Inserted 10 unit records.
2025-06-23 06:15:24,716 [INFO] Fetching units for 07058A01000040 (1356/5131)
2025-06-23 06:15:40,470 [INFO] Fetching units for 07058A01000041 (1357/5131)
2025-06-23 06:15:56,267 [INFO] Fetching units for 07058A01000042 (1358/5131)
2025-06-23 06:16:12,145 [INFO] Fetching units for 07058A01000043 (1359/5131)
2025-06-23 06:16:27,937 [INFO] Fetching units for 07058A01000044 (1360/5131)
2025-06-23 06:16:43,894 [INFO] Fetching units for 07058A01000046 (1361/5131)
2025-06-23 06:16:59,692 [INFO] Fetching units for 07058A01000047 (1362/5131)
2025-06-23 06:17:15,595 [INFO] Inserted 11 unit records.
2025-06-23 06:17:15,595 [INFO] Fetching units for 07058A01000048 (1363/5131)
2025-06-23 06:17:31,400 [INFO] Fetching units for 07058A01000049 (1364/5131)
2025-06-23 06:17:47,162 [INFO] Fetching units for 07058A01000051 (1365/5131)
2025-06-23 06:18:03,029 [INFO] Fetching units for 07058A01000052 (1366/5131)
2025-06-23 06:18:19,098 [INFO] Fetching units for 07058A01000053 (1367/5131)
2025-06-23 06:18:35,045 [INFO] Fetching units for 07058A01000054 (1368/5131)
2025-06-23 06:18:51,024 [INFO] Fetching units for 07058A01000055 (1369/5131)
2025-06-23 06:19:06,849 [INFO] Fetching units for 07058A01000056 (1370/5131)
2025-06-23 06:19:22,844 [INFO] Inserted 11 unit records.
2025-06-23 06:19:22,845 [INFO] Fetching units for 07058A01000057 (1371/5131)
2025-06-23 06:19:38,598 [INFO] Fetching units for 07058A01000058 (1372/5131)
2025-06-23 06:19:54,324 [INFO] Fetching units for 07058A01000059 (1373/5131)
2025-06-23 06:20:10,176 [INFO] Fetching units for 07058A01000060 (1374/5131)
2025-06-23 06:20:26,102 [INFO] Fetching units for 07058A01000061 (1375/5131)
2025-06-23 06:20:42,021 [INFO] Fetching units for 07058A01000062 (1376/5131)
2025-06-23 06:20:57,883 [INFO] Fetching units for 07058A01000063 (1377/5131)
2025-06-23 06:21:13,655 [INFO] Inserted 10 unit records.
2025-06-23 06:21:13,655 [INFO] Fetching units for 07058A01000064 (1378/5131)
2025-06-23 06:21:29,585 [INFO] Fetching units for 07058A01000065 (1379/5131)
2025-06-23 06:21:45,358 [INFO] Fetching units for 07058A01000066 (1380/5131)
2025-06-23 06:22:01,140 [INFO] Fetching units for 07058A01000067 (1381/5131)
2025-06-23 06:22:16,953 [INFO] Fetching units for 07058A01000068 (1382/5131)
2025-06-23 06:22:32,961 [INFO] Fetching units for 07058A01000069 (1383/5131)
2025-06-23 06:22:48,724 [INFO] Fetching units for 07058A01000070 (1384/5131)
2025-06-23 06:23:04,576 [INFO] Inserted 10 unit records.
2025-06-23 06:23:04,576 [INFO] Fetching units for 07058A01000071 (1385/5131)
2025-06-23 06:23:20,569 [INFO] Fetching units for 07058A01000072 (1386/5131)
2025-06-23 06:23:36,483 [INFO] Fetching units for 07058A01000073 (1387/5131)
2025-06-23 06:23:52,303 [INFO] Fetching units for 07058A01000074 (1388/5131)
2025-06-23 06:24:08,092 [INFO] Fetching units for 07058A01000075 (1389/5131)
2025-06-23 06:24:23,907 [INFO] Fetching units for 07058A01000076 (1390/5131)
2025-06-23 06:24:39,830 [INFO] Fetching units for 07058A01000077 (1391/5131)
2025-06-23 06:24:55,581 [INFO] Fetching units for 07058A01000078 (1392/5131)
2025-06-23 06:25:11,528 [INFO] Inserted 10 unit records.
2025-06-23 06:25:11,528 [INFO] Fetching units for 07058A01000079 (1393/5131)
2025-06-23 06:25:27,364 [INFO] Fetching units for 07058A01000080 (1394/5131)
2025-06-23 06:25:43,280 [INFO] Fetching units for 07058A01000081 (1395/5131)
2025-06-23 06:25:59,134 [INFO] Fetching units for 07058A01000082 (1396/5131)
2025-06-23 06:26:15,110 [INFO] Fetching units for 07058A01000083 (1397/5131)
2025-06-23 06:26:30,937 [INFO] Fetching units for 07058A01000084 (1398/5131)
2025-06-23 06:26:46,896 [INFO] Fetching units for 07058A01000085 (1399/5131)
2025-06-23 06:27:02,731 [INFO] Fetching units for 07058A01000086 (1400/5131)
2025-06-23 06:27:18,518 [INFO] Inserted 10 unit records.
2025-06-23 06:27:18,518 [INFO] Fetching units for 07058A01000088 (1401/5131)
2025-06-23 06:27:34,426 [INFO] Fetching units for 07058A01000089 (1402/5131)
2025-06-23 06:27:50,647 [INFO] Fetching units for 07058A01000090 (1403/5131)
2025-06-23 06:28:06,592 [INFO] Fetching units for 07058A01000091 (1404/5131)
2025-06-23 06:28:22,457 [INFO] Fetching units for 07058A01000092 (1405/5131)
2025-06-23 06:28:38,665 [INFO] Fetching units for 07058A01000093 (1406/5131)
2025-06-23 06:28:57,280 [INFO] Fetching units for 07058A01000095 (1407/5131)
2025-06-23 06:29:13,076 [INFO] Fetching units for 07058A01000096 (1408/5131)
2025-06-23 06:29:28,912 [INFO] Fetching units for 07058A01000097 (1409/5131)
2025-06-23 06:29:44,891 [INFO] Inserted 10 unit records.
2025-06-23 06:29:44,891 [INFO] Fetching units for 07058A01000098 (1410/5131)
2025-06-23 06:30:00,889 [INFO] Fetching units for 07058A01000099 (1411/5131)
2025-06-23 06:30:16,813 [INFO] Fetching units for 07058A01000100 (1412/5131)
2025-06-23 06:30:32,727 [INFO] Fetching units for 07058A01000104 (1413/5131)
2025-06-23 06:30:48,584 [INFO] Fetching units for 07058A01000105 (1414/5131)
2025-06-23 06:31:04,788 [INFO] Fetching units for 07058A01000106 (1415/5131)
2025-06-23 06:31:20,684 [INFO] Fetching units for 07058A01000107 (1416/5131)
2025-06-23 06:31:36,564 [INFO] Fetching units for 07058A01000108 (1417/5131)
2025-06-23 06:31:52,413 [INFO] Inserted 10 unit records.
2025-06-23 06:31:52,413 [INFO] Fetching units for 07058A01000109 (1418/5131)
2025-06-23 06:32:08,358 [INFO] Fetching units for 07058A01000110 (1419/5131)
2025-06-23 06:32:24,128 [INFO] Fetching units for 07058A01000111 (1420/5131)
2025-06-23 06:32:39,937 [INFO] Fetching units for 07058A01000112 (1421/5131)
2025-06-23 06:32:55,802 [INFO] Fetching units for 07058A01000113 (1422/5131)
2025-06-23 06:33:11,825 [INFO] Fetching units for 07058A01000114 (1423/5131)
2025-06-23 06:33:27,717 [INFO] Fetching units for 07058A01000115 (1424/5131)
2025-06-23 06:33:43,706 [INFO] Inserted 10 unit records.
2025-06-23 06:33:43,706 [INFO] Fetching units for 07058A01000116 (1425/5131)
2025-06-23 06:33:59,547 [INFO] Fetching units for 07058A01000117 (1426/5131)
2025-06-23 06:34:15,503 [INFO] Fetching units for 07058A01000119 (1427/5131)
2025-06-23 06:34:31,510 [INFO] Fetching units for 07058A01000123 (1428/5131)
2025-06-23 06:34:47,431 [INFO] Fetching units for 07058A01000124 (1429/5131)
2025-06-23 06:35:03,471 [INFO] Fetching units for 07058A01000125 (1430/5131)
2025-06-23 06:35:19,387 [INFO] Fetching units for 07058A01000126 (1431/5131)
2025-06-23 06:35:35,177 [INFO] Fetching units for 07058A01000127 (1432/5131)
2025-06-23 06:35:51,017 [INFO] Inserted 10 unit records.
2025-06-23 06:35:51,017 [INFO] Fetching units for 07058A01000128 (1433/5131)
2025-06-23 06:36:06,810 [INFO] Fetching units for 07058A01000129 (1434/5131)
2025-06-23 06:36:22,892 [INFO] Fetching units for 07058A01000130 (1435/5131)
2025-06-23 06:36:38,943 [INFO] Fetching units for 07058A01000131 (1436/5131)
2025-06-23 06:36:54,699 [INFO] Fetching units for 07058A01000132 (1437/5131)
2025-06-23 06:37:10,494 [INFO] Fetching units for 07058A01000134 (1438/5131)
2025-06-23 06:37:26,381 [INFO] Fetching units for 07058A01000135 (1439/5131)
2025-06-23 06:37:42,406 [INFO] Fetching units for 07058A01000136 (1440/5131)
2025-06-23 06:37:58,250 [INFO] Inserted 11 unit records.
2025-06-23 06:37:58,250 [INFO] Fetching units for 07058A01000137 (1441/5131)
2025-06-23 06:38:14,148 [INFO] Fetching units for 07058A01000138 (1442/5131)
2025-06-23 06:38:30,006 [INFO] Fetching units for 07058A01000140 (1443/5131)
2025-06-23 06:38:45,767 [INFO] Fetching units for 07058A01000141 (1444/5131)
2025-06-23 06:39:01,647 [INFO] Fetching units for 07058A01000142 (1445/5131)
2025-06-23 06:39:17,557 [INFO] Fetching units for 07058A01000143 (1446/5131)
2025-06-23 06:39:33,598 [INFO] Inserted 10 unit records.
2025-06-23 06:39:33,598 [INFO] Fetching units for 07058A01000145 (1447/5131)
2025-06-23 06:39:49,653 [INFO] Fetching units for 07058A01000146 (1448/5131)
2025-06-23 06:40:05,405 [INFO] Fetching units for 07058A01000147 (1449/5131)
2025-06-23 06:40:21,203 [INFO] Fetching units for 07058A01000148 (1450/5131)
2025-06-23 06:40:37,260 [INFO] Fetching units for 07058A01000149 (1451/5131)
2025-06-23 06:40:53,217 [INFO] Fetching units for 07058A01000150 (1452/5131)
2025-06-23 06:41:09,036 [INFO] Fetching units for 07058A01000151 (1453/5131)
2025-06-23 06:41:24,900 [INFO] Fetching units for 07058A01000152 (1454/5131)
2025-06-23 06:41:40,878 [INFO] Inserted 11 unit records.
2025-06-23 06:41:40,878 [INFO] Fetching units for 07058A01000153 (1455/5131)
2025-06-23 06:41:56,747 [INFO] Fetching units for 07058A01000154 (1456/5131)
2025-06-23 06:42:12,645 [INFO] Fetching units for 07058A01000155 (1457/5131)
2025-06-23 06:42:28,565 [INFO] Fetching units for 07058A01000156 (1458/5131)
2025-06-23 06:42:44,562 [INFO] Fetching units for 07058A01000157 (1459/5131)
2025-06-23 06:43:00,317 [INFO] Fetching units for 07058A01000158 (1460/5131)
2025-06-23 06:43:16,190 [INFO] Fetching units for 07058A01000159 (1461/5131)
2025-06-23 06:43:31,912 [INFO] Inserted 10 unit records.
2025-06-23 06:43:31,912 [INFO] Fetching units for 07058A01000160 (1462/5131)
2025-06-23 06:43:47,895 [INFO] Fetching units for 07058A01000161 (1463/5131)
2025-06-23 06:44:03,845 [INFO] Fetching units for 07058A01000162 (1464/5131)
2025-06-23 06:44:19,684 [INFO] Fetching units for 07058A01000163 (1465/5131)
2025-06-23 06:44:35,521 [INFO] Fetching units for 07058A01000164 (1466/5131)
2025-06-23 06:44:51,398 [INFO] Fetching units for 07058A01000165 (1467/5131)
2025-06-23 06:45:07,253 [INFO] Inserted 10 unit records.
2025-06-23 06:45:07,254 [INFO] Fetching units for 07058A01000166 (1468/5131)
2025-06-23 06:45:23,075 [INFO] Fetching units for 07058A01000167 (1469/5131)
2025-06-23 06:45:38,884 [INFO] Fetching units for 07058A01000168 (1470/5131)
2025-06-23 06:45:54,957 [INFO] Fetching units for 07058A01000169 (1471/5131)
2025-06-23 06:46:10,783 [INFO] Fetching units for 07058A01000170 (1472/5131)
2025-06-23 06:46:26,533 [INFO] Fetching units for 07058A01000172 (1473/5131)
2025-06-23 06:46:42,303 [INFO] Inserted 10 unit records.
2025-06-23 06:46:42,304 [INFO] Fetching units for 07058A01000173 (1474/5131)
2025-06-23 06:46:58,195 [INFO] Fetching units for 07058A01000174 (1475/5131)
2025-06-23 06:47:14,165 [INFO] Fetching units for 07058A01000175 (1476/5131)
2025-06-23 06:47:29,967 [INFO] Fetching units for 07058A01000176 (1477/5131)
2025-06-23 06:47:45,778 [INFO] Fetching units for 07058A01000177 (1478/5131)
2025-06-23 06:48:01,693 [INFO] Fetching units for 07058A01000178 (1479/5131)
2025-06-23 06:48:17,597 [INFO] Fetching units for 07058A01000179 (1480/5131)
2025-06-23 06:48:33,566 [INFO] Fetching units for 07058A01000180 (1481/5131)
2025-06-23 06:48:49,360 [INFO] Inserted 11 unit records.
2025-06-23 06:48:49,360 [INFO] Fetching units for 07058A01000181 (1482/5131)
2025-06-23 06:49:05,371 [INFO] Fetching units for 07058A01000182 (1483/5131)
2025-06-23 06:49:21,308 [INFO] Fetching units for 07058A01000183 (1484/5131)
2025-06-23 06:49:37,224 [INFO] Fetching units for 07058A01000184 (1485/5131)
2025-06-23 06:49:53,093 [INFO] Fetching units for 07058A01000185 (1486/5131)
2025-06-23 06:50:09,084 [INFO] Fetching units for 07058A01000186 (1487/5131)
2025-06-23 06:50:24,889 [INFO] Fetching units for 07058A01000187 (1488/5131)
2025-06-23 06:50:40,739 [INFO] Fetching units for 07058A01000189 (1489/5131)
2025-06-23 06:50:56,538 [INFO] Inserted 10 unit records.
2025-06-23 06:50:56,538 [INFO] Fetching units for 07058A01000190 (1490/5131)
2025-06-23 06:51:12,474 [INFO] Fetching units for 07058A01000191 (1491/5131)
2025-06-23 06:51:28,376 [INFO] Fetching units for 07058A01000192 (1492/5131)
2025-06-23 06:51:44,356 [INFO] Fetching units for 07058A01000193 (1493/5131)
2025-06-23 06:52:00,295 [INFO] Fetching units for 07058A01000194 (1494/5131)
2025-06-23 06:52:16,297 [INFO] Fetching units for 07058A01000195 (1495/5131)
2025-06-23 06:52:32,176 [INFO] Fetching units for 07058A01000196 (1496/5131)
2025-06-23 06:52:47,994 [INFO] Fetching units for 07058A01000197 (1497/5131)
2025-06-23 06:53:03,750 [INFO] Fetching units for 07058A01000198 (1498/5131)
2025-06-23 06:53:19,793 [INFO] Inserted 10 unit records.
2025-06-23 06:53:19,793 [INFO] Fetching units for 07058A01000199 (1499/5131)
2025-06-23 06:53:35,650 [INFO] Fetching units for 07058A01000200 (1500/5131)
2025-06-23 06:53:51,500 [INFO] Fetching units for 07058A01000201 (1501/5131)
2025-06-23 06:54:07,447 [INFO] Fetching units for 07058A01000202 (1502/5131)
2025-06-23 06:54:23,469 [INFO] Fetching units for 07058A01000203 (1503/5131)
2025-06-23 06:54:39,279 [INFO] Fetching units for 07058A01000204 (1504/5131)
2025-06-23 06:54:55,082 [INFO] Fetching units for 07058A01000205 (1505/5131)
2025-06-23 06:55:10,967 [INFO] Fetching units for 07058A01000206 (1506/5131)
2025-06-23 06:55:26,983 [INFO] Inserted 11 unit records.
2025-06-23 06:55:26,983 [INFO] Fetching units for 07058A01000207 (1507/5131)
2025-06-23 06:55:42,881 [INFO] Fetching units for 07058A01000208 (1508/5131)
2025-06-23 06:55:58,696 [INFO] Fetching units for 07058A01000209 (1509/5131)
2025-06-23 06:56:14,585 [INFO] Fetching units for 07058A01000210 (1510/5131)
2025-06-23 06:56:30,425 [INFO] Fetching units for 07058A01000211 (1511/5131)
2025-06-23 06:56:46,309 [INFO] Fetching units for 07058A01000212 (1512/5131)
2025-06-23 06:57:02,147 [INFO] Fetching units for 07058A01000213 (1513/5131)
2025-06-23 06:57:18,075 [INFO] Inserted 10 unit records.
2025-06-23 06:57:18,075 [INFO] Fetching units for 07058A01000214 (1514/5131)
2025-06-23 06:57:34,029 [INFO] Fetching units for 07058A01000215 (1515/5131)
2025-06-23 06:57:49,756 [INFO] Fetching units for 07058A01000216 (1516/5131)
2025-06-23 06:58:05,552 [INFO] Fetching units for 07058A01000217 (1517/5131)
2025-06-23 06:58:21,402 [INFO] Fetching units for 07058A01000218 (1518/5131)
2025-06-23 06:58:37,649 [INFO] Fetching units for 07058A01000219 (1519/5131)
2025-06-23 06:58:53,584 [INFO] Fetching units for 07058A01000220 (1520/5131)
2025-06-23 06:59:09,388 [INFO] Fetching units for 07058A01000221 (1521/5131)
2025-06-23 06:59:25,221 [INFO] Inserted 10 unit records.
2025-06-23 06:59:25,221 [INFO] Fetching units for 07058A01000222 (1522/5131)
2025-06-23 06:59:41,250 [INFO] Fetching units for 07058A01000223 (1523/5131)
2025-06-23 06:59:57,178 [INFO] Fetching units for 07058A01000224 (1524/5131)
2025-06-23 07:00:12,984 [INFO] Fetching units for 07058A01000225 (1525/5131)
2025-06-23 07:00:28,910 [INFO] Fetching units for 07058A01000226 (1526/5131)
2025-06-23 07:00:45,024 [INFO] Fetching units for 07058A01000227 (1527/5131)
2025-06-23 07:01:00,865 [INFO] Fetching units for 07058A01000228 (1528/5131)
2025-06-23 07:01:16,821 [INFO] Fetching units for 07058A01000229 (1529/5131)
2025-06-23 07:01:32,721 [INFO] Fetching units for 07058A01000230 (1530/5131)
2025-06-23 07:01:48,717 [INFO] Inserted 10 unit records.
2025-06-23 07:01:48,717 [INFO] Fetching units for 07058A01000231 (1531/5131)
2025-06-23 07:02:04,579 [INFO] Fetching units for 07058A01000232 (1532/5131)
2025-06-23 07:02:20,378 [INFO] Fetching units for 07058A01000233 (1533/5131)
2025-06-23 07:02:36,266 [INFO] Fetching units for 07058A01000234 (1534/5131)
2025-06-23 07:02:52,211 [INFO] Fetching units for 07058A01000235 (1535/5131)
2025-06-23 07:03:08,091 [INFO] Fetching units for 07058A01000236 (1536/5131)
2025-06-23 07:03:23,980 [INFO] Fetching units for 07058A01000237 (1537/5131)
2025-06-23 07:03:39,768 [INFO] Inserted 11 unit records.
2025-06-23 07:03:39,768 [INFO] Fetching units for 07058A01000238 (1538/5131)
2025-06-23 07:03:55,775 [INFO] Fetching units for 07058A01000240 (1539/5131)
2025-06-23 07:04:11,584 [INFO] Fetching units for 07058A01000241 (1540/5131)
2025-06-23 07:04:27,475 [INFO] Fetching units for 07058A01000242 (1541/5131)
2025-06-23 07:04:43,361 [INFO] Fetching units for 07058A01000243 (1542/5131)
2025-06-23 07:04:59,279 [INFO] Fetching units for 07058A01000244 (1543/5131)
2025-06-23 07:05:15,149 [INFO] Fetching units for 07058A01000245 (1544/5131)
2025-06-23 07:05:31,031 [INFO] Inserted 10 unit records.
2025-06-23 07:05:31,031 [INFO] Fetching units for 07058A01000246 (1545/5131)
2025-06-23 07:05:46,922 [INFO] Fetching units for 07058A01000247 (1546/5131)
2025-06-23 07:06:02,864 [INFO] Fetching units for 07058A01000249 (1547/5131)
2025-06-23 07:06:18,752 [INFO] Fetching units for 07058A01000250 (1548/5131)
2025-06-23 07:06:34,689 [INFO] Fetching units for 07058A01000251 (1549/5131)
2025-06-23 07:06:50,475 [INFO] Fetching units for 07058A01000252 (1550/5131)
2025-06-23 07:07:06,438 [INFO] Fetching units for 07058A01000253 (1551/5131)
2025-06-23 07:07:22,301 [INFO] Inserted 10 unit records.
2025-06-23 07:07:22,301 [INFO] Fetching units for 07058A01000254 (1552/5131)
2025-06-23 07:07:38,268 [INFO] Fetching units for 07058A01000255 (1553/5131)
2025-06-23 07:07:54,151 [INFO] Fetching units for 07058A01000256 (1554/5131)
2025-06-23 07:08:10,084 [INFO] Fetching units for 07058A01000257 (1555/5131)
2025-06-23 07:08:25,933 [INFO] Fetching units for 07058A01000258 (1556/5131)
2025-06-23 07:08:41,784 [INFO] Fetching units for 07058A01000259 (1557/5131)
2025-06-23 07:08:57,626 [INFO] Fetching units for 07058A01000260 (1558/5131)
2025-06-23 07:09:13,594 [INFO] Fetching units for 07058A01000261 (1559/5131)
2025-06-23 07:09:29,331 [INFO] Inserted 10 unit records.
2025-06-23 07:09:29,331 [INFO] Fetching units for 07058A01000262 (1560/5131)
2025-06-23 07:09:45,255 [INFO] Fetching units for 07058A01000263 (1561/5131)
2025-06-23 07:10:01,033 [INFO] Fetching units for 07058A01000264 (1562/5131)
2025-06-23 07:10:17,090 [INFO] Fetching units for 07058A01000265 (1563/5131)
2025-06-23 07:10:33,013 [INFO] Fetching units for 07058A01000267 (1564/5131)
2025-06-23 07:10:48,774 [INFO] Fetching units for 07058A01000268 (1565/5131)
2025-06-23 07:11:04,642 [INFO] Fetching units for 07058A01000270 (1566/5131)
2025-06-23 07:11:20,582 [INFO] Fetching units for 07058A01000271 (1567/5131)
2025-06-23 07:11:36,396 [INFO] Fetching units for 07058A01000272 (1568/5131)
2025-06-23 07:11:52,241 [INFO] Inserted 11 unit records.
2025-06-23 07:11:52,241 [INFO] Fetching units for 07058A01000273 (1569/5131)
2025-06-23 07:12:08,139 [INFO] Fetching units for 07058A01000274 (1570/5131)
2025-06-23 07:12:24,040 [INFO] Fetching units for 07058A01000275 (1571/5131)
2025-06-23 07:12:39,925 [INFO] Fetching units for 07058A01000276 (1572/5131)
2025-06-23 07:12:55,807 [INFO] Fetching units for 07058A01000277 (1573/5131)
2025-06-23 07:13:11,637 [INFO] Fetching units for 07058A01000278 (1574/5131)
2025-06-23 07:13:27,599 [INFO] Fetching units for 07058A01000279 (1575/5131)
2025-06-23 07:13:43,390 [INFO] Fetching units for 07058A01000280 (1576/5131)
2025-06-23 07:13:59,290 [INFO] Inserted 10 unit records.
2025-06-23 07:13:59,290 [INFO] Fetching units for 07058A01000281 (1577/5131)
2025-06-23 07:14:15,082 [INFO] Fetching units for 07058A01000282 (1578/5131)
2025-06-23 07:14:34,007 [INFO] Fetching units for 07058A01000283 (1579/5131)
2025-06-23 07:14:49,972 [INFO] Fetching units for 07058A01000286 (1580/5131)
2025-06-23 07:15:05,795 [INFO] Fetching units for 07058A01000287 (1581/5131)
2025-06-23 07:15:21,646 [INFO] Fetching units for 07058A01000289 (1582/5131)
2025-06-23 07:15:37,691 [INFO] Fetching units for 07058A01000290 (1583/5131)
2025-06-23 07:15:53,495 [INFO] Inserted 10 unit records.
2025-06-23 07:15:53,495 [INFO] Fetching units for 07058A01000291 (1584/5131)
2025-06-23 07:16:09,323 [INFO] Fetching units for 07058A01000292 (1585/5131)
2025-06-23 07:16:25,201 [INFO] Fetching units for 07058A01000293 (1586/5131)
2025-06-23 07:16:41,126 [INFO] Fetching units for 07058A01000295 (1587/5131)
2025-06-23 07:16:56,993 [INFO] Fetching units for 07058A01000296 (1588/5131)
2025-06-23 07:17:12,938 [INFO] Fetching units for 07058A01000297 (1589/5131)
2025-06-23 07:17:28,786 [INFO] Fetching units for 07058A01000298 (1590/5131)
2025-06-23 07:17:44,937 [INFO] Inserted 10 unit records.
2025-06-23 07:17:44,937 [INFO] Fetching units for 07058A01000299 (1591/5131)
2025-06-23 07:18:00,855 [INFO] Fetching units for 07058A01000300 (1592/5131)
2025-06-23 07:18:16,742 [INFO] Fetching units for 07058A01000301 (1593/5131)
2025-06-23 07:18:32,760 [INFO] Fetching units for 07058A01100001 (1594/5131)
2025-06-23 07:18:49,011 [INFO] Fetching units for 07058A01100002 (1595/5131)
2025-06-23 07:19:04,787 [INFO] Fetching units for 07058A01100003 (1596/5131)
2025-06-23 07:19:20,686 [INFO] Fetching units for 07058A01100004 (1597/5131)
2025-06-23 07:19:36,714 [INFO] Fetching units for 07058A01100005 (1598/5131)
2025-06-23 07:19:52,665 [INFO] Inserted 11 unit records.
2025-06-23 07:19:52,665 [INFO] Fetching units for 07058A01100006 (1599/5131)
2025-06-23 07:20:08,491 [INFO] Fetching units for 07058A01100007 (1600/5131)
2025-06-23 07:20:24,361 [INFO] Fetching units for 07058A01100008 (1601/5131)
2025-06-23 07:20:40,225 [INFO] Fetching units for 07058A01100009 (1602/5131)
2025-06-23 07:20:56,176 [INFO] Fetching units for 07058A01100010 (1603/5131)
2025-06-23 07:21:12,088 [INFO] Fetching units for 07058A01100011 (1604/5131)
2025-06-23 07:21:27,979 [INFO] Fetching units for 07058A01100012 (1605/5131)
2025-06-23 07:21:43,848 [INFO] Fetching units for 07058A01100013 (1606/5131)
2025-06-23 07:21:59,858 [INFO] Fetching units for 07058A01100014 (1607/5131)
2025-06-23 07:22:15,775 [INFO] Inserted 10 unit records.
2025-06-23 07:22:15,775 [INFO] Fetching units for 07058A01100015 (1608/5131)
2025-06-23 07:22:31,758 [INFO] Fetching units for 07058A01100016 (1609/5131)
2025-06-23 07:22:47,683 [INFO] Fetching units for 07058A01100017 (1610/5131)
2025-06-23 07:23:03,678 [INFO] Fetching units for 07058A01100018 (1611/5131)
2025-06-23 07:23:19,500 [INFO] Fetching units for 07058A01100019 (1612/5131)
2025-06-23 07:23:35,504 [INFO] Fetching units for 07058A01100020 (1613/5131)
2025-06-23 07:23:51,517 [INFO] Fetching units for 07058A01100021 (1614/5131)
2025-06-23 07:24:07,448 [INFO] Fetching units for 07058A01100022 (1615/5131)
2025-06-23 07:24:23,498 [INFO] Fetching units for 07058A01100023 (1616/5131)
2025-06-23 07:24:39,341 [INFO] Fetching units for 07058A01100024 (1617/5131)
2025-06-23 07:24:55,273 [INFO] Inserted 10 unit records.
2025-06-23 07:24:55,273 [INFO] Fetching units for 07058A01100025 (1618/5131)
2025-06-23 07:25:11,290 [INFO] Fetching units for 07058A01100026 (1619/5131)
2025-06-23 07:25:27,101 [INFO] Fetching units for 07058A01100027 (1620/5131)
2025-06-23 07:25:43,248 [INFO] Fetching units for 07058A01100028 (1621/5131)
2025-06-23 07:25:59,151 [INFO] Fetching units for 07058A01100029 (1622/5131)
2025-06-23 07:26:15,138 [INFO] Fetching units for 07058A01100030 (1623/5131)
2025-06-23 07:26:30,991 [INFO] Fetching units for 07058A01100031 (1624/5131)
2025-06-23 07:26:46,857 [INFO] Fetching units for 07058A01100032 (1625/5131)
2025-06-23 07:27:02,823 [INFO] Fetching units for 07058A01100033 (1626/5131)
2025-06-23 07:27:18,847 [INFO] Fetching units for 07058A01100034 (1627/5131)
2025-06-23 07:27:34,850 [INFO] Inserted 10 unit records.
2025-06-23 07:27:34,850 [INFO] Fetching units for 07058A01100035 (1628/5131)
2025-06-23 07:27:50,764 [INFO] Fetching units for 07058A01100036 (1629/5131)
2025-06-23 07:28:06,547 [INFO] Fetching units for 07058A01100037 (1630/5131)
2025-06-23 07:28:22,505 [INFO] Fetching units for 07058A01100038 (1631/5131)
2025-06-23 07:28:38,456 [INFO] Fetching units for 07058A01100039 (1632/5131)
2025-06-23 07:28:54,230 [INFO] Fetching units for 07058A01100040 (1633/5131)
2025-06-23 07:29:10,076 [INFO] Fetching units for 07058A01100041 (1634/5131)
2025-06-23 07:29:25,922 [INFO] Fetching units for 07058A01100042 (1635/5131)
2025-06-23 07:29:41,733 [INFO] Fetching units for 07058A01100043 (1636/5131)
2025-06-23 07:29:57,594 [INFO] Inserted 10 unit records.
2025-06-23 07:29:57,594 [INFO] Fetching units for 07058A01100044 (1637/5131)
2025-06-23 07:30:13,422 [INFO] Fetching units for 07058A01100045 (1638/5131)
2025-06-23 07:30:29,399 [INFO] Fetching units for 07058A01100046 (1639/5131)
2025-06-23 07:30:45,195 [INFO] Fetching units for 07058A01100047 (1640/5131)
2025-06-23 07:31:00,964 [INFO] Fetching units for 07058A01100048 (1641/5131)
2025-06-23 07:31:16,781 [INFO] Fetching units for 07058A01100049 (1642/5131)
2025-06-23 07:31:32,842 [INFO] Fetching units for 07058A01100050 (1643/5131)
2025-06-23 07:31:48,897 [INFO] Fetching units for 07058A01100051 (1644/5131)
2025-06-23 07:32:04,643 [INFO] Inserted 10 unit records.
2025-06-23 07:32:04,643 [INFO] Fetching units for 07058A01100052 (1645/5131)
2025-06-23 07:32:20,471 [INFO] Fetching units for 07058A01100053 (1646/5131)
2025-06-23 07:32:36,611 [INFO] Fetching units for 07058A01100054 (1647/5131)
2025-06-23 07:32:52,522 [INFO] Fetching units for 07058A01100055 (1648/5131)
2025-06-23 07:33:08,454 [INFO] Fetching units for 07058A01100057 (1649/5131)
2025-06-23 07:33:24,304 [INFO] Fetching units for 07058A01100060 (1650/5131)
2025-06-23 07:33:40,215 [INFO] Fetching units for 07058A01100061 (1651/5131)
2025-06-23 07:33:55,994 [INFO] Fetching units for 07058A01100062 (1652/5131)
2025-06-23 07:34:11,891 [INFO] Fetching units for 07058A01100063 (1653/5131)
2025-06-23 07:34:27,767 [INFO] Inserted 10 unit records.
2025-06-23 07:34:27,767 [INFO] Fetching units for 07058A01100064 (1654/5131)
2025-06-23 07:34:43,723 [INFO] Fetching units for 07058A01100065 (1655/5131)
2025-06-23 07:34:59,610 [INFO] Fetching units for 07058A01100067 (1656/5131)
2025-06-23 07:35:15,460 [INFO] Fetching units for 07058A01100068 (1657/5131)
2025-06-23 07:35:31,285 [INFO] Fetching units for 07058A01100069 (1658/5131)
2025-06-23 07:35:47,306 [INFO] Fetching units for 07058A01100070 (1659/5131)
2025-06-23 07:36:03,122 [INFO] Fetching units for 07058A01100071 (1660/5131)
2025-06-23 07:36:18,986 [INFO] Fetching units for 07058A01100072 (1661/5131)
2025-06-23 07:36:34,826 [INFO] Fetching units for 07058A01100073 (1662/5131)
2025-06-23 07:36:50,781 [INFO] Fetching units for 07058A01100074 (1663/5131)
2025-06-23 07:37:06,757 [INFO] Inserted 10 unit records.
2025-06-23 07:37:06,757 [INFO] Fetching units for 07058A01100075 (1664/5131)
2025-06-23 07:37:22,639 [INFO] Fetching units for 07058A01100076 (1665/5131)
2025-06-23 07:37:38,474 [INFO] Fetching units for 07058A01100077 (1666/5131)
2025-06-23 07:37:54,374 [INFO] Fetching units for 07058A01100078 (1667/5131)
2025-06-23 07:38:10,358 [INFO] Fetching units for 07058A01100079 (1668/5131)
2025-06-23 07:38:26,287 [INFO] Fetching units for 07058A01100080 (1669/5131)
2025-06-23 07:38:42,218 [INFO] Fetching units for 07058A01100081 (1670/5131)
2025-06-23 07:38:58,154 [INFO] Fetching units for 07058A01100082 (1671/5131)
2025-06-23 07:39:14,055 [INFO] Inserted 10 unit records.
2025-06-23 07:39:14,055 [INFO] Fetching units for 07058A01100083 (1672/5131)
2025-06-23 07:39:29,785 [INFO] Fetching units for 07058A01100084 (1673/5131)
2025-06-23 07:39:45,690 [INFO] Fetching units for 07058A01100085 (1674/5131)
2025-06-23 07:40:01,691 [INFO] Fetching units for 07058A01100086 (1675/5131)
2025-06-23 07:40:17,499 [INFO] Fetching units for 07058A01100087 (1676/5131)
2025-06-23 07:40:33,361 [INFO] Fetching units for 07058A01100088 (1677/5131)
2025-06-23 07:40:49,231 [INFO] Fetching units for 07058A01100089 (1678/5131)
2025-06-23 07:41:05,225 [INFO] Fetching units for 07058A01100090 (1679/5131)
2025-06-23 07:41:21,023 [INFO] Inserted 10 unit records.
2025-06-23 07:41:21,023 [INFO] Fetching units for 07058A01100091 (1680/5131)
2025-06-23 07:41:36,792 [INFO] Fetching units for 07058A01100092 (1681/5131)
2025-06-23 07:41:52,616 [INFO] Fetching units for 07058A01100093 (1682/5131)
2025-06-23 07:42:08,643 [INFO] Fetching units for 07058A01100094 (1683/5131)
2025-06-23 07:42:24,654 [INFO] Fetching units for 07058A01100095 (1684/5131)
2025-06-23 07:42:40,438 [INFO] Fetching units for 07058A01100096 (1685/5131)
2025-06-23 07:42:56,229 [INFO] Fetching units for 07058A01100097 (1686/5131)
2025-06-23 07:43:12,274 [INFO] Fetching units for 07058A01100098 (1687/5131)
2025-06-23 07:43:28,139 [INFO] Inserted 10 unit records.
2025-06-23 07:43:28,139 [INFO] Fetching units for 07058A01100099 (1688/5131)
2025-06-23 07:43:43,940 [INFO] Fetching units for 07058A01100100 (1689/5131)
2025-06-23 07:43:59,727 [INFO] Fetching units for 07058A01100101 (1690/5131)
2025-06-23 07:44:15,716 [INFO] Fetching units for 07058A01100102 (1691/5131)
2025-06-23 07:44:31,661 [INFO] Fetching units for 07058A01100103 (1692/5131)
2025-06-23 07:44:47,837 [INFO] Fetching units for 07058A01100104 (1693/5131)
2025-06-23 07:45:03,674 [INFO] Fetching units for 07058A01100106 (1694/5131)
2025-06-23 07:45:20,437 [INFO] Fetching units for 07058A01100107 (1695/5131)
2025-06-23 07:45:36,301 [INFO] Inserted 11 unit records.
2025-06-23 07:45:36,301 [INFO] Fetching units for 07058A01100108 (1696/5131)
2025-06-23 07:45:52,100 [INFO] Fetching units for 07058A01100109 (1697/5131)
2025-06-23 07:46:07,942 [INFO] Fetching units for 07058A01100110 (1698/5131)
2025-06-23 07:46:23,974 [INFO] Fetching units for 07058A01100111 (1699/5131)
2025-06-23 07:46:40,064 [INFO] Fetching units for 07058A01100112 (1700/5131)
2025-06-23 07:46:55,939 [INFO] Fetching units for 07058A01100113 (1701/5131)
2025-06-23 07:47:11,817 [INFO] Fetching units for 07058A01100114 (1702/5131)
2025-06-23 07:47:27,727 [INFO] Fetching units for 07058A01100115 (1703/5131)
2025-06-23 07:47:43,670 [INFO] Inserted 10 unit records.
2025-06-23 07:47:43,670 [INFO] Fetching units for 07058A01100116 (1704/5131)
2025-06-23 07:47:59,478 [INFO] Fetching units for 07058A01100117 (1705/5131)
2025-06-23 07:48:15,229 [INFO] Fetching units for 07058A01100118 (1706/5131)
2025-06-23 07:48:31,204 [INFO] Fetching units for 07058A01100119 (1707/5131)
2025-06-23 07:48:46,989 [INFO] Fetching units for 07058A01100120 (1708/5131)
2025-06-23 07:49:02,976 [INFO] Fetching units for 07058A01100121 (1709/5131)
2025-06-23 07:49:19,025 [INFO] Fetching units for 07058A01100122 (1710/5131)
2025-06-23 07:49:35,057 [INFO] Inserted 11 unit records.
2025-06-23 07:49:35,057 [INFO] Fetching units for 07058A01100123 (1711/5131)
2025-06-23 07:49:50,839 [INFO] Fetching units for 07058A01100124 (1712/5131)
2025-06-23 07:50:06,742 [INFO] Fetching units for 07058A01100125 (1713/5131)
2025-06-23 07:50:22,716 [INFO] Fetching units for 07058A01100126 (1714/5131)
2025-06-23 07:50:38,817 [INFO] Fetching units for 07058A01100127 (1715/5131)
2025-06-23 07:50:54,721 [INFO] Fetching units for 07058A01100128 (1716/5131)
2025-06-23 07:51:10,519 [INFO] Fetching units for 07058A01100129 (1717/5131)
2025-06-23 07:51:26,491 [INFO] Fetching units for 07058A01100130 (1718/5131)
2025-06-23 07:51:42,512 [INFO] Fetching units for 07058A01100131 (1719/5131)
2025-06-23 07:51:58,408 [INFO] Inserted 11 unit records.
2025-06-23 07:51:58,408 [INFO] Fetching units for 07058A01100132 (1720/5131)
2025-06-23 07:52:14,242 [INFO] Fetching units for 07058A01100133 (1721/5131)
2025-06-23 07:52:30,188 [INFO] Fetching units for 07058A01100134 (1722/5131)
2025-06-23 07:52:46,266 [INFO] Fetching units for 07058A01100135 (1723/5131)
2025-06-23 07:53:02,100 [INFO] Fetching units for 07058A01100136 (1724/5131)
2025-06-23 07:53:18,045 [INFO] Fetching units for 07058A01100137 (1725/5131)
2025-06-23 07:53:33,854 [INFO] Fetching units for 07058A01100138 (1726/5131)
2025-06-23 07:53:49,924 [INFO] Fetching units for 07058A01100139 (1727/5131)
2025-06-23 07:54:05,766 [INFO] Fetching units for 07058A01100140 (1728/5131)
2025-06-23 07:54:21,661 [INFO] Inserted 10 unit records.
2025-06-23 07:54:21,661 [INFO] Fetching units for 07058A01100141 (1729/5131)
2025-06-23 07:54:37,579 [INFO] Fetching units for 07058A01100142 (1730/5131)
2025-06-23 07:54:53,598 [INFO] Fetching units for 07058A01100143 (1731/5131)
2025-06-23 07:55:09,417 [INFO] Fetching units for 07058A01100144 (1732/5131)
2025-06-23 07:55:25,278 [INFO] Fetching units for 07058A01100145 (1733/5131)
2025-06-23 07:55:41,256 [INFO] Fetching units for 07058A01100146 (1734/5131)
2025-06-23 07:55:57,201 [INFO] Fetching units for 07058A01100147 (1735/5131)
2025-06-23 07:56:13,075 [INFO] Fetching units for 07058A01100148 (1736/5131)
2025-06-23 07:56:28,867 [INFO] Fetching units for 07058A01100149 (1737/5131)
2025-06-23 07:56:44,678 [INFO] Inserted 10 unit records.
2025-06-23 07:56:44,678 [INFO] Fetching units for 07058A01100150 (1738/5131)
2025-06-23 07:57:00,581 [INFO] Fetching units for 07058A01100151 (1739/5131)
2025-06-23 07:57:16,464 [INFO] Fetching units for 07058A01100152 (1740/5131)
2025-06-23 07:57:32,273 [INFO] Fetching units for 07058A01100153 (1741/5131)
2025-06-23 07:57:48,313 [INFO] Fetching units for 07058A01100154 (1742/5131)
2025-06-23 07:58:04,555 [INFO] Fetching units for 07058A01100156 (1743/5131)
2025-06-23 07:58:20,313 [INFO] Fetching units for 07058A01100157 (1744/5131)
2025-06-23 07:58:36,285 [INFO] Inserted 10 unit records.
2025-06-23 07:58:36,286 [INFO] Fetching units for 07058A01100158 (1745/5131)
2025-06-23 07:58:52,205 [INFO] Fetching units for 07058A01100159 (1746/5131)
2025-06-23 07:59:08,395 [INFO] Fetching units for 07058A01100160 (1747/5131)
2025-06-23 07:59:24,353 [INFO] Fetching units for 07058A01100161 (1748/5131)
2025-06-23 07:59:40,271 [INFO] Fetching units for 07058A01100162 (1749/5131)
2025-06-23 07:59:56,132 [INFO] Fetching units for 07058A01100163 (1750/5131)
2025-06-23 08:00:12,119 [INFO] Fetching units for 07058A01100164 (1751/5131)
2025-06-23 08:00:28,077 [INFO] Fetching units for 07058A01100165 (1752/5131)
2025-06-23 08:00:44,087 [INFO] Inserted 10 unit records.
2025-06-23 08:00:44,087 [INFO] Fetching units for 07058A01100166 (1753/5131)
2025-06-23 08:00:59,989 [INFO] Fetching units for 07058A01100167 (1754/5131)
2025-06-23 08:01:16,025 [INFO] Fetching units for 07058A01100168 (1755/5131)
2025-06-23 08:01:32,019 [INFO] Fetching units for 07058A01100169 (1756/5131)
2025-06-23 08:01:47,951 [INFO] Fetching units for 07058A01100170 (1757/5131)
2025-06-23 08:02:03,816 [INFO] Fetching units for 07058A01100171 (1758/5131)
2025-06-23 08:02:19,821 [INFO] Fetching units for 07058A01100172 (1759/5131)
2025-06-23 08:02:35,717 [INFO] Fetching units for 07058A01100173 (1760/5131)
2025-06-23 08:02:51,504 [INFO] Fetching units for 07058A01100174 (1761/5131)
2025-06-23 08:03:07,313 [INFO] Inserted 10 unit records.
2025-06-23 08:03:07,313 [INFO] Fetching units for 07058A01100175 (1762/5131)
2025-06-23 08:03:23,185 [INFO] Fetching units for 07058A01100176 (1763/5131)
2025-06-23 08:03:39,121 [INFO] Fetching units for 07058A01100177 (1764/5131)
2025-06-23 08:03:55,004 [INFO] Fetching units for 07058A01100179 (1765/5131)
2025-06-23 08:04:10,982 [INFO] Fetching units for 07058A01100180 (1766/5131)
2025-06-23 08:04:27,228 [INFO] Fetching units for 07058A01100181 (1767/5131)
2025-06-23 08:04:43,161 [INFO] Fetching units for 07058A01100182 (1768/5131)
2025-06-23 08:04:59,118 [INFO] Fetching units for 07058A01100183 (1769/5131)
2025-06-23 08:05:14,966 [INFO] Fetching units for 07058A01100184 (1770/5131)
2025-06-23 08:05:30,883 [INFO] Inserted 10 unit records.
2025-06-23 08:05:30,883 [INFO] Fetching units for 07058A01100185 (1771/5131)
2025-06-23 08:05:46,762 [INFO] Fetching units for 07058A01100187 (1772/5131)
2025-06-23 08:06:02,742 [INFO] Fetching units for 07058A01100188 (1773/5131)
2025-06-23 08:06:18,985 [INFO] Fetching units for 07058A01100189 (1774/5131)
2025-06-23 08:06:35,262 [INFO] Fetching units for 07058A01100190 (1775/5131)
2025-06-23 08:06:51,274 [INFO] Fetching units for 07058A01100191 (1776/5131)
2025-06-23 08:07:07,199 [INFO] Fetching units for 07058A01100192 (1777/5131)
2025-06-23 08:07:23,059 [INFO] Fetching units for 07058A01100193 (1778/5131)
2025-06-23 08:07:39,070 [INFO] Inserted 11 unit records.
2025-06-23 08:07:39,070 [INFO] Fetching units for 07058A01100194 (1779/5131)
2025-06-23 08:07:54,866 [INFO] Fetching units for 07058A01100195 (1780/5131)
2025-06-23 08:08:11,919 [INFO] Fetching units for 07058A01100196 (1781/5131)
2025-06-23 08:08:27,678 [INFO] Fetching units for 07058A01100197 (1782/5131)
2025-06-23 08:08:43,951 [INFO] Fetching units for 07058A01100198 (1783/5131)
2025-06-23 08:08:59,825 [INFO] Fetching units for 07058A01100199 (1784/5131)
2025-06-23 08:09:15,733 [INFO] Fetching units for 07058A01100200 (1785/5131)
2025-06-23 08:09:31,622 [INFO] Fetching units for 07058A01100201 (1786/5131)
2025-06-23 08:09:47,592 [INFO] Fetching units for 07058A01100202 (1787/5131)
2025-06-23 08:10:03,486 [INFO] Inserted 10 unit records.
2025-06-23 08:10:03,486 [INFO] Fetching units for 07058A01100203 (1788/5131)
2025-06-23 08:10:19,247 [INFO] Fetching units for 07058A01100204 (1789/5131)
2025-06-23 08:10:35,027 [INFO] Fetching units for 07058A01100206 (1790/5131)
2025-06-23 08:10:50,966 [INFO] Fetching units for 07058A01100207 (1791/5131)
2025-06-23 08:11:06,699 [INFO] Fetching units for 07058A01100208 (1792/5131)
2025-06-23 08:11:22,624 [INFO] Fetching units for 07058A01100209 (1793/5131)
2025-06-23 08:11:38,497 [INFO] Fetching units for 07058A01100210 (1794/5131)
2025-06-23 08:11:54,435 [INFO] Fetching units for 07058A01100211 (1795/5131)
2025-06-23 08:12:10,325 [INFO] Inserted 10 unit records.
2025-06-23 08:12:10,325 [INFO] Fetching units for 07058A01100218 (1796/5131)
2025-06-23 08:12:26,231 [INFO] Fetching units for 07058A01100219 (1797/5131)
2025-06-23 08:12:42,123 [INFO] Fetching units for 07058A01100220 (1798/5131)
2025-06-23 08:12:58,184 [INFO] Fetching units for 07058A01100221 (1799/5131)
2025-06-23 08:13:14,095 [INFO] Fetching units for 07058A01100222 (1800/5131)
2025-06-23 08:13:29,982 [INFO] Fetching units for 07058A01100224 (1801/5131)
2025-06-23 08:13:45,809 [INFO] Fetching units for 07058A01100225 (1802/5131)
2025-06-23 08:14:01,716 [INFO] Fetching units for 07058A01100226 (1803/5131)
2025-06-23 08:14:17,692 [INFO] Fetching units for 07058A01100227 (1804/5131)
2025-06-23 08:14:33,606 [INFO] Inserted 10 unit records.
2025-06-23 08:14:33,606 [INFO] Fetching units for 07058A01100228 (1805/5131)
2025-06-23 08:14:49,512 [INFO] Fetching units for 07058A01100229 (1806/5131)
2025-06-23 08:15:06,043 [INFO] Fetching units for 07058A01100230 (1807/5131)
2025-06-23 08:15:22,024 [INFO] Fetching units for 07058A01100231 (1808/5131)
2025-06-23 08:15:37,949 [INFO] Fetching units for 07058A01100232 (1809/5131)
2025-06-23 08:15:53,715 [INFO] Fetching units for 07058A01100233 (1810/5131)
2025-06-23 08:16:09,904 [INFO] Fetching units for 07058A01100234 (1811/5131)
2025-06-23 08:16:25,732 [INFO] Inserted 10 unit records.
2025-06-23 08:16:25,732 [INFO] Fetching units for 07058A01100235 (1812/5131)
2025-06-23 08:16:41,676 [INFO] Fetching units for 07058A01100238 (1813/5131)
2025-06-23 08:16:57,588 [INFO] Fetching units for 07058A01100239 (1814/5131)
2025-06-23 08:17:13,575 [INFO] Fetching units for 07058A01100240 (1815/5131)
2025-06-23 08:17:29,544 [INFO] Fetching units for 07058A01100242 (1816/5131)
2025-06-23 08:17:45,355 [INFO] Fetching units for 07058A01100243 (1817/5131)
2025-06-23 08:18:01,389 [INFO] Fetching units for 07058A01100244 (1818/5131)
2025-06-23 08:18:17,493 [INFO] Fetching units for 07058A01100245 (1819/5131)
2025-06-23 08:18:33,348 [INFO] Inserted 10 unit records.
2025-06-23 08:18:33,348 [INFO] Fetching units for 07058A01100246 (1820/5131)
2025-06-23 08:18:49,404 [INFO] Fetching units for 07058A01100247 (1821/5131)
2025-06-23 08:19:05,341 [INFO] Fetching units for 07058A01100248 (1822/5131)
2025-06-23 08:19:21,372 [INFO] Fetching units for 07058A01100249 (1823/5131)
2025-06-23 08:19:37,793 [INFO] Fetching units for 07058A01100250 (1824/5131)
2025-06-23 08:19:53,761 [INFO] Fetching units for 07058A01100251 (1825/5131)
2025-06-23 08:20:09,636 [INFO] Fetching units for 07058A01100252 (1826/5131)
2025-06-23 08:20:25,673 [INFO] Fetching units for 07058A01100253 (1827/5131)
2025-06-23 08:20:41,497 [INFO] Fetching units for 07058A01100254 (1828/5131)
2025-06-23 08:20:57,395 [INFO] Fetching units for 07058A01100257 (1829/5131)
2025-06-23 08:21:13,325 [INFO] Inserted 10 unit records.
2025-06-23 08:21:13,325 [INFO] Fetching units for 07058A01100263 (1830/5131)
2025-06-23 08:21:29,310 [INFO] Fetching units for 07058A01100264 (1831/5131)
2025-06-23 08:21:45,106 [INFO] Fetching units for 07058A01100265 (1832/5131)
2025-06-23 08:22:00,965 [INFO] Fetching units for 07058A01100267 (1833/5131)
2025-06-23 08:22:17,330 [INFO] Inserted 10 unit records.
2025-06-23 08:22:17,331 [INFO] Fetching units for 07058A01200001 (1834/5131)
2025-06-23 08:22:33,356 [INFO] Fetching units for 07058A01200003 (1835/5131)
2025-06-23 08:22:49,246 [INFO] Fetching units for 07058A01200004 (1836/5131)
2025-06-23 08:23:05,075 [INFO] Fetching units for 07058A01200005 (1837/5131)
2025-06-23 08:23:20,950 [INFO] Fetching units for 07058A01200006 (1838/5131)
2025-06-23 08:23:36,809 [INFO] Fetching units for 07058A01200007 (1839/5131)
2025-06-23 08:23:52,577 [INFO] Fetching units for 07058A01200008 (1840/5131)
2025-06-23 08:24:08,481 [INFO] Inserted 10 unit records.
2025-06-23 08:24:08,481 [INFO] Fetching units for 07058A01200009 (1841/5131)
2025-06-23 08:24:24,324 [INFO] Fetching units for 07058A01200010 (1842/5131)
2025-06-23 08:24:40,325 [INFO] Fetching units for 07058A01200011 (1843/5131)
2025-06-23 08:24:56,138 [INFO] Fetching units for 07058A01200012 (1844/5131)
2025-06-23 08:25:12,044 [INFO] Fetching units for 07058A01200013 (1845/5131)
2025-06-23 08:25:27,885 [INFO] Fetching units for 07058A01200014 (1846/5131)
2025-06-23 08:25:43,855 [INFO] Fetching units for 07058A01200015 (1847/5131)
2025-06-23 08:25:59,744 [INFO] Inserted 10 unit records.
2025-06-23 08:25:59,744 [INFO] Fetching units for 07058A01200016 (1848/5131)
2025-06-23 08:26:15,535 [INFO] Fetching units for 07058A01200017 (1849/5131)
2025-06-23 08:26:31,940 [INFO] Fetching units for 07058A01200018 (1850/5131)
2025-06-23 08:26:48,200 [INFO] Fetching units for 07058A01200019 (1851/5131)
2025-06-23 08:27:04,279 [INFO] Fetching units for 07058A01200020 (1852/5131)
2025-06-23 08:27:20,246 [INFO] Fetching units for 07058A01200021 (1853/5131)
2025-06-23 08:27:36,231 [INFO] Fetching units for 07058A01200022 (1854/5131)
2025-06-23 08:27:52,255 [INFO] Fetching units for 07058A01200023 (1855/5131)
2025-06-23 08:28:08,074 [INFO] Fetching units for 07058A01200024 (1856/5131)
2025-06-23 08:28:23,922 [INFO] Inserted 10 unit records.
2025-06-23 08:28:23,922 [INFO] Fetching units for 07058A01200025 (1857/5131)
2025-06-23 08:28:39,918 [INFO] Fetching units for 07058A01200026 (1858/5131)
2025-06-23 08:28:56,044 [INFO] Fetching units for 07058A01200027 (1859/5131)
2025-06-23 08:29:12,043 [INFO] Fetching units for 07058A01200028 (1860/5131)
2025-06-23 08:29:27,933 [INFO] Fetching units for 07058A01200029 (1861/5131)
2025-06-23 08:29:43,944 [INFO] Fetching units for 07058A01200030 (1862/5131)
2025-06-23 08:30:00,277 [INFO] Fetching units for 07058A01200031 (1863/5131)
2025-06-23 08:30:16,277 [INFO] Fetching units for 07058A01200032 (1864/5131)
2025-06-23 08:30:32,324 [INFO] Fetching units for 07058A01200033 (1865/5131)
2025-06-23 08:30:48,215 [INFO] Fetching units for 07058A01200034 (1866/5131)
2025-06-23 08:31:04,303 [INFO] Inserted 10 unit records.
2025-06-23 08:31:04,303 [INFO] Fetching units for 07058A01200035 (1867/5131)
2025-06-23 08:31:20,091 [INFO] Fetching units for 07058A01200036 (1868/5131)
2025-06-23 08:31:35,950 [INFO] Fetching units for 07058A01200037 (1869/5131)
2025-06-23 08:31:55,512 [INFO] Fetching units for 07058A01200038 (1870/5131)
2025-06-23 08:32:11,496 [INFO] Fetching units for 07058A01200039 (1871/5131)
2025-06-23 08:32:27,402 [INFO] Fetching units for 07058A01200040 (1872/5131)
2025-06-23 08:32:43,153 [INFO] Fetching units for 07058A01200041 (1873/5131)
2025-06-23 08:32:59,418 [INFO] Fetching units for 07058A01200042 (1874/5131)
2025-06-23 08:33:15,637 [INFO] Fetching units for 07058A01200043 (1875/5131)
2025-06-23 08:33:31,592 [INFO] Inserted 10 unit records.
2025-06-23 08:33:31,592 [INFO] Fetching units for 07058A01200044 (1876/5131)
2025-06-23 08:33:47,499 [INFO] Fetching units for 07058A01200045 (1877/5131)
2025-06-23 08:34:03,403 [INFO] Fetching units for 07058A01200046 (1878/5131)
2025-06-23 08:34:19,508 [INFO] Fetching units for 07058A01200047 (1879/5131)
2025-06-23 08:34:35,532 [INFO] Fetching units for 07058A01200048 (1880/5131)
2025-06-23 08:34:51,378 [INFO] Fetching units for 07058A01200049 (1881/5131)
2025-06-23 08:35:07,178 [INFO] Fetching units for 07058A01200050 (1882/5131)
2025-06-23 08:35:23,113 [INFO] Fetching units for 07058A01200051 (1883/5131)
2025-06-23 08:35:39,051 [INFO] Fetching units for 07058A01200052 (1884/5131)
2025-06-23 08:35:54,938 [INFO] Inserted 10 unit records.
2025-06-23 08:35:54,954 [INFO] Fetching units for 07058A01200054 (1885/5131)
2025-06-23 08:36:10,764 [INFO] Fetching units for 07058A01200056 (1886/5131)
2025-06-23 08:36:26,781 [INFO] Fetching units for 07058A01200058 (1887/5131)
2025-06-23 08:36:42,663 [INFO] Fetching units for 07058A01200060 (1888/5131)
2025-06-23 08:36:58,490 [INFO] Fetching units for 07058A01200062 (1889/5131)
2025-06-23 08:37:14,328 [INFO] Fetching units for 07058A01200063 (1890/5131)
2025-06-23 08:37:30,248 [INFO] Fetching units for 07058A01200064 (1891/5131)
2025-06-23 08:37:46,010 [INFO] Fetching units for 07058A01200065 (1892/5131)
2025-06-23 08:38:01,785 [INFO] Inserted 11 unit records.
2025-06-23 08:38:01,785 [INFO] Fetching units for 07058A01200066 (1893/5131)
2025-06-23 08:38:17,726 [INFO] Fetching units for 07058A01200067 (1894/5131)
2025-06-23 08:38:33,728 [INFO] Fetching units for 07058A01200071 (1895/5131)
2025-06-23 08:38:49,632 [INFO] Fetching units for 07058A01200072 (1896/5131)
2025-06-23 08:39:05,527 [INFO] Fetching units for 07058A01200073 (1897/5131)
2025-06-23 08:39:21,323 [INFO] Fetching units for 07058A01200074 (1898/5131)
2025-06-23 08:39:37,289 [INFO] Fetching units for 07058A01200075 (1899/5131)
2025-06-23 08:39:53,092 [INFO] Fetching units for 07058A01200076 (1900/5131)
2025-06-23 08:40:08,914 [INFO] Inserted 11 unit records.
2025-06-23 08:40:08,914 [INFO] Fetching units for 07058A01200077 (1901/5131)
2025-06-23 08:40:24,769 [INFO] Fetching units for 07058A01200078 (1902/5131)
2025-06-23 08:40:40,920 [INFO] Fetching units for 07058A01200079 (1903/5131)
2025-06-23 08:40:56,775 [INFO] Fetching units for 07058A01200080 (1904/5131)
2025-06-23 08:41:12,606 [INFO] Fetching units for 07058A01300001 (1905/5131)
2025-06-23 08:41:28,653 [INFO] Fetching units for 07058A01300002 (1906/5131)
2025-06-23 08:41:44,606 [INFO] Fetching units for 07058A01300003 (1907/5131)
2025-06-23 08:42:00,481 [INFO] Inserted 10 unit records.
2025-06-23 08:42:00,481 [INFO] Fetching units for 07058A01300004 (1908/5131)
2025-06-23 08:42:16,361 [INFO] Fetching units for 07058A01300005 (1909/5131)
2025-06-23 08:42:32,227 [INFO] Fetching units for 07058A01300006 (1910/5131)
2025-06-23 08:42:48,369 [INFO] Fetching units for 07058A01300007 (1911/5131)
2025-06-23 08:43:04,206 [INFO] Fetching units for 07058A01300008 (1912/5131)
2025-06-23 08:43:20,028 [INFO] Fetching units for 07058A01300009 (1913/5131)
2025-06-23 08:43:35,931 [INFO] Fetching units for 07058A01300010 (1914/5131)
2025-06-23 08:43:52,009 [INFO] Fetching units for 07058A01300011 (1915/5131)
2025-06-23 08:44:08,001 [INFO] Fetching units for 07058A01300012 (1916/5131)
2025-06-23 08:44:23,816 [INFO] Inserted 10 unit records.
2025-06-23 08:44:23,816 [INFO] Fetching units for 07058A01300013 (1917/5131)
2025-06-23 08:44:39,657 [INFO] Fetching units for 07058A01300014 (1918/5131)
2025-06-23 08:44:55,831 [INFO] Fetching units for 07058A01300015 (1919/5131)
2025-06-23 08:45:11,781 [INFO] Fetching units for 07058A01300016 (1920/5131)
2025-06-23 08:45:27,749 [INFO] Fetching units for 07058A01300017 (1921/5131)
2025-06-23 08:45:43,787 [INFO] Fetching units for 07058A01300018 (1922/5131)
2025-06-23 08:45:59,878 [INFO] Fetching units for 07058A01300019 (1923/5131)
2025-06-23 08:46:15,865 [INFO] Fetching units for 07058A01300020 (1924/5131)
2025-06-23 08:46:31,737 [INFO] Inserted 10 unit records.
2025-06-23 08:46:31,737 [INFO] Fetching units for 07058A01300022 (1925/5131)
2025-06-23 08:46:47,658 [INFO] Fetching units for 07058A01300023 (1926/5131)
2025-06-23 08:47:03,789 [INFO] Fetching units for 07058A01300024 (1927/5131)
2025-06-23 08:47:19,830 [INFO] Fetching units for 07058A01300025 (1928/5131)
2025-06-23 08:47:35,865 [INFO] Fetching units for 07058A01300026 (1929/5131)
2025-06-23 08:47:51,704 [INFO] Fetching units for 07058A01300027 (1930/5131)
2025-06-23 08:48:07,821 [INFO] Fetching units for 07058A01300028 (1931/5131)
2025-06-23 08:48:23,760 [INFO] Fetching units for 07058A01300029 (1932/5131)
2025-06-23 08:48:39,581 [INFO] Fetching units for 07058A01300030 (1933/5131)
2025-06-23 08:48:55,476 [INFO] Inserted 10 unit records.
2025-06-23 08:48:55,476 [INFO] Fetching units for 07058A01300031 (1934/5131)
2025-06-23 08:49:11,470 [INFO] Fetching units for 07058A01300033 (1935/5131)
2025-06-23 08:49:27,408 [INFO] Fetching units for 07058A01300034 (1936/5131)
2025-06-23 08:49:43,308 [INFO] Fetching units for 07058A01300035 (1937/5131)
2025-06-23 08:49:59,476 [INFO] Fetching units for 07058A01300037 (1938/5131)
2025-06-23 08:50:15,569 [INFO] Fetching units for 07058A01300038 (1939/5131)
2025-06-23 08:50:31,473 [INFO] Fetching units for 07058A01300039 (1940/5131)
2025-06-23 08:50:48,044 [INFO] Fetching units for 07058A01300040 (1941/5131)
2025-06-23 08:51:04,311 [INFO] Fetching units for 07058A01300041 (1942/5131)
2025-06-23 08:51:20,490 [INFO] Fetching units for 07058A01300042 (1943/5131)
2025-06-23 08:51:36,463 [INFO] Inserted 10 unit records.
2025-06-23 08:51:36,463 [INFO] Fetching units for 07058A01300043 (1944/5131)
2025-06-23 08:51:52,476 [INFO] Fetching units for 07058A01300044 (1945/5131)
2025-06-23 08:52:08,584 [INFO] Fetching units for 07058A01300045 (1946/5131)
2025-06-23 08:52:24,791 [INFO] Fetching units for 07058A01300046 (1947/5131)
2025-06-23 08:52:40,849 [INFO] Fetching units for 07058A01300047 (1948/5131)
2025-06-23 08:52:56,703 [INFO] Fetching units for 07058A01300048 (1949/5131)
2025-06-23 08:53:12,557 [INFO] Fetching units for 07058A01300049 (1950/5131)
2025-06-23 08:53:28,587 [INFO] Fetching units for 07058A01300050 (1951/5131)
2025-06-23 08:53:44,539 [INFO] Inserted 10 unit records.
2025-06-23 08:53:44,539 [INFO] Fetching units for 07058A01300051 (1952/5131)
2025-06-23 08:54:00,539 [INFO] Fetching units for 07058A01300052 (1953/5131)
2025-06-23 08:54:16,562 [INFO] Fetching units for 07058A01300054 (1954/5131)
2025-06-23 08:54:32,496 [INFO] Fetching units for 07058A01300055 (1955/5131)
2025-06-23 08:54:48,543 [INFO] Fetching units for 07058A01300056 (1956/5131)
2025-06-23 08:55:04,794 [INFO] Fetching units for 07058A01300057 (1957/5131)
2025-06-23 08:55:20,834 [INFO] Fetching units for 07058A01300058 (1958/5131)
2025-06-23 08:55:36,887 [INFO] Fetching units for 07058A01300059 (1959/5131)
2025-06-23 08:55:53,030 [INFO] Inserted 10 unit records.
2025-06-23 08:55:53,030 [INFO] Fetching units for 07058A01300060 (1960/5131)
2025-06-23 08:56:09,061 [INFO] Fetching units for 07058A01300062 (1961/5131)
2025-06-23 08:56:25,155 [INFO] Fetching units for 07058A01300063 (1962/5131)
2025-06-23 08:56:41,497 [INFO] Fetching units for 07058A01300064 (1963/5131)
2025-06-23 08:56:57,390 [INFO] Fetching units for 07058A01300065 (1964/5131)
2025-06-23 08:57:13,272 [INFO] Fetching units for 07058A01300067 (1965/5131)
2025-06-23 08:57:29,424 [INFO] Fetching units for 07058A01300068 (1966/5131)
2025-06-23 08:57:45,460 [INFO] Fetching units for 07058A01300069 (1967/5131)
2025-06-23 08:58:01,506 [INFO] Inserted 10 unit records.
2025-06-23 08:58:01,506 [INFO] Fetching units for 07058A01300070 (1968/5131)
2025-06-23 08:58:17,469 [INFO] Fetching units for 07058A01300071 (1969/5131)
2025-06-23 08:58:33,628 [INFO] Fetching units for 07058A01300074 (1970/5131)
2025-06-23 08:58:49,696 [INFO] Fetching units for 07058A01300075 (1971/5131)
2025-06-23 09:24:54,120 [INFO] Fetching units for 07058A01300076 (1972/5131)
2025-06-23 09:25:11,039 [INFO] Fetching units for 07058A01300077 (1973/5131)
2025-06-23 09:25:27,060 [INFO] Fetching units for 07058A01300078 (1974/5131)
2025-06-23 09:25:43,133 [INFO] Fetching units for 07058A01300079 (1975/5131)
2025-06-23 09:25:59,319 [INFO] Inserted 11 unit records.
2025-06-23 09:25:59,319 [INFO] Fetching units for 07058A01300080 (1976/5131)
2025-06-23 09:26:15,758 [INFO] Fetching units for 07058A01300081 (1977/5131)
2025-06-23 09:26:31,982 [INFO] Fetching units for 07058A01300082 (1978/5131)
2025-06-23 09:26:48,253 [INFO] Fetching units for 07058A01300084 (1979/5131)
2025-06-23 09:27:04,439 [INFO] Fetching units for 07058A01300085 (1980/5131)
2025-06-23 09:27:20,623 [INFO] Fetching units for 07058A01300086 (1981/5131)
2025-06-23 09:27:36,614 [INFO] Fetching units for 07058A01300087 (1982/5131)
2025-06-23 09:27:52,773 [INFO] Fetching units for 07058A01300088 (1983/5131)
2025-06-23 09:28:08,883 [INFO] Inserted 10 unit records.
2025-06-23 09:28:08,883 [INFO] Fetching units for 07058A01300089 (1984/5131)
2025-06-23 09:28:25,223 [INFO] Fetching units for 07058A01300090 (1985/5131)
2025-06-23 09:28:41,397 [INFO] Fetching units for 07058A01300091 (1986/5131)
2025-06-23 09:28:57,594 [INFO] Fetching units for 07058A01300092 (1987/5131)
2025-06-23 09:29:13,663 [INFO] Fetching units for 07058A01300093 (1988/5131)
2025-06-23 09:29:29,933 [INFO] Fetching units for 07058A01300094 (1989/5131)
2025-06-23 09:29:46,444 [INFO] Fetching units for 07058A01300095 (1990/5131)
2025-06-23 09:30:02,612 [INFO] Fetching units for 07058A01300096 (1991/5131)
2025-06-23 09:30:18,710 [INFO] Fetching units for 07058A01300097 (1992/5131)
2025-06-23 09:30:35,097 [INFO] Inserted 10 unit records.
2025-06-23 09:30:35,097 [INFO] Fetching units for 07058A01300098 (1993/5131)
2025-06-23 09:30:51,470 [INFO] Fetching units for 07058A01300099 (1994/5131)
2025-06-23 09:33:55,431 [INFO] Fetching units for 07058A01300100 (1995/5131)
2025-06-23 09:34:13,802 [INFO] Fetching units for 07058A01300101 (1996/5131)
2025-06-23 09:34:30,097 [INFO] Fetching units for 07058A01300102 (1997/5131)
2025-06-23 09:34:46,175 [INFO] Fetching units for 07058A01300103 (1998/5131)
2025-06-23 09:35:02,444 [INFO] Fetching units for 07058A01300104 (1999/5131)
2025-06-23 09:35:18,721 [INFO] Fetching units for 07058A01300105 (2000/5131)
2025-06-23 09:35:35,013 [INFO] Fetching units for 07058A01300106 (2001/5131)
2025-06-23 09:35:51,282 [INFO] Fetching units for 07058A01300107 (2002/5131)
2025-06-23 09:36:07,492 [INFO] Inserted 10 unit records.
2025-06-23 09:36:07,492 [INFO] Fetching units for 07058A01300108 (2003/5131)
2025-06-23 09:36:23,756 [INFO] Fetching units for 07058A01300109 (2004/5131)
2025-06-23 09:36:43,725 [INFO] Fetching units for 07058A01300110 (2005/5131)
2025-06-23 09:37:00,099 [INFO] Fetching units for 07058A01300111 (2006/5131)
2025-06-23 09:37:16,586 [INFO] Fetching units for 07058A01300112 (2007/5131)
2025-06-23 09:37:33,169 [INFO] Fetching units for 07058A01300113 (2008/5131)
2025-06-23 09:37:49,458 [INFO] Fetching units for 07058A01300114 (2009/5131)
2025-06-23 09:38:05,445 [INFO] Inserted 10 unit records.
2025-06-23 09:38:05,446 [INFO] Fetching units for 07058A01300115 (2010/5131)
2025-06-23 09:38:21,617 [INFO] Fetching units for 07058A01300116 (2011/5131)
2025-06-23 09:38:37,997 [INFO] Fetching units for 07058A01300117 (2012/5131)
2025-06-23 09:38:53,994 [INFO] Fetching units for 07058A01300118 (2013/5131)
2025-06-23 09:39:09,853 [INFO] Fetching units for 07058A01300119 (2014/5131)
2025-06-23 09:39:26,520 [INFO] Fetching units for 07058A01300120 (2015/5131)
2025-06-23 09:39:42,729 [INFO] Fetching units for 07058A01300121 (2016/5131)
2025-06-23 09:39:58,892 [INFO] Fetching units for 07058A01300122 (2017/5131)
2025-06-23 09:40:14,763 [INFO] Fetching units for 07058A01300123 (2018/5131)
2025-06-23 09:40:30,684 [INFO] Inserted 11 unit records.
2025-06-23 09:40:30,684 [INFO] Fetching units for 07058A01300124 (2019/5131)
2025-06-23 09:40:47,040 [INFO] Fetching units for 07058A01300125 (2020/5131)
2025-06-23 09:41:02,998 [INFO] Fetching units for 07058A01300128 (2021/5131)
2025-06-23 09:41:19,170 [INFO] Fetching units for 07058A01300129 (2022/5131)
2025-06-23 09:41:35,088 [INFO] Fetching units for 07058A01300130 (2023/5131)
2025-06-23 09:41:51,426 [INFO] Fetching units for 07058A01300131 (2024/5131)
2025-06-23 09:42:07,710 [INFO] Fetching units for 07058A01300132 (2025/5131)
2025-06-23 09:42:23,901 [INFO] Fetching units for 07058A01300134 (2026/5131)
2025-06-23 09:42:40,066 [INFO] Fetching units for 07058A01300135 (2027/5131)
2025-06-23 09:42:56,286 [INFO] Inserted 10 unit records.
2025-06-23 09:42:56,288 [INFO] Fetching units for 07058A01300136 (2028/5131)
2025-06-23 09:43:12,334 [INFO] Fetching units for 07058A01300137 (2029/5131)
2025-06-23 09:43:28,550 [INFO] Fetching units for 07058A01300138 (2030/5131)
2025-06-23 09:43:44,893 [INFO] Fetching units for 07058A01300143 (2031/5131)
2025-06-23 09:44:01,169 [INFO] Fetching units for 07058A01300145 (2032/5131)
2025-06-23 09:44:17,253 [INFO] Fetching units for 07058A01300146 (2033/5131)
2025-06-23 09:44:33,436 [INFO] Fetching units for 07058A01300147 (2034/5131)
2025-06-23 09:44:49,511 [INFO] Fetching units for 07058A01300148 (2035/5131)
2025-06-23 09:45:07,724 [INFO] Fetching units for 07058A01300149 (2036/5131)
2025-06-23 09:45:23,936 [INFO] Inserted 10 unit records.
2025-06-23 09:45:23,936 [INFO] Fetching units for 07058A01300150 (2037/5131)
2025-06-23 09:45:39,984 [INFO] Fetching units for 07058A01300151 (2038/5131)
2025-06-23 09:45:55,959 [INFO] Fetching units for 07058A01300152 (2039/5131)
2025-06-23 09:46:12,244 [INFO] Fetching units for 07058A01300153 (2040/5131)
2025-06-23 09:46:28,390 [INFO] Fetching units for 07058A01300154 (2041/5131)
2025-06-23 09:46:44,484 [INFO] Fetching units for 07058A01300155 (2042/5131)
2025-06-23 09:47:00,784 [INFO] Fetching units for 07058A01300157 (2043/5131)
2025-06-23 09:47:16,982 [INFO] Fetching units for 07058A01300158 (2044/5131)
2025-06-23 09:47:32,910 [INFO] Inserted 10 unit records.
2025-06-23 09:47:32,910 [INFO] Fetching units for 07058A01300162 (2045/5131)
2025-06-23 09:47:49,119 [INFO] Fetching units for 07058A01300164 (2046/5131)
2025-06-23 09:48:05,104 [INFO] Fetching units for 07058A01300165 (2047/5131)
2025-06-23 09:48:21,279 [INFO] Fetching units for 07058A01300166 (2048/5131)
2025-06-23 09:48:38,059 [INFO] Fetching units for 07058A01300167 (2049/5131)
2025-06-23 09:48:54,959 [INFO] Fetching units for 07058A01300168 (2050/5131)
2025-06-23 09:49:11,666 [INFO] Inserted 10 unit records.
2025-06-23 09:49:11,666 [INFO] Fetching units for 07058A01300169 (2051/5131)
2025-06-23 09:49:28,536 [INFO] Fetching units for 07058A01300170 (2052/5131)
2025-06-23 09:49:44,728 [INFO] Fetching units for 07058A01300171 (2053/5131)
2025-06-23 09:50:00,891 [INFO] Fetching units for 07058A01300172 (2054/5131)
2025-06-23 09:50:17,077 [INFO] Fetching units for 07058A01300174 (2055/5131)
2025-06-23 09:50:33,182 [INFO] Fetching units for 07058A01300177 (2056/5131)
2025-06-23 09:50:49,338 [INFO] Fetching units for 07058A01400001 (2057/5131)
2025-06-23 09:51:06,000 [INFO] Fetching units for 07058A01400002 (2058/5131)
2025-06-23 09:51:22,057 [INFO] Inserted 11 unit records.
2025-06-23 09:51:22,057 [INFO] Fetching units for 07058A01400003 (2059/5131)
2025-06-23 09:51:38,493 [INFO] Fetching units for 07058A01400004 (2060/5131)
2025-06-23 09:51:54,867 [INFO] Fetching units for 07058A01400005 (2061/5131)
2025-06-23 09:52:11,178 [INFO] Fetching units for 07058A01400006 (2062/5131)
2025-06-23 09:52:27,333 [INFO] Fetching units for 07058A01400007 (2063/5131)
2025-06-23 09:52:43,558 [INFO] Fetching units for 07058A01400008 (2064/5131)
2025-06-23 09:52:59,616 [INFO] Fetching units for 07058A01400009 (2065/5131)
2025-06-23 09:53:15,666 [INFO] Fetching units for 07058A01400010 (2066/5131)
2025-06-23 09:53:31,873 [INFO] Inserted 10 unit records.
2025-06-23 09:53:31,877 [INFO] Fetching units for 07058A01400011 (2067/5131)
2025-06-23 09:53:48,132 [INFO] Fetching units for 07058A01400012 (2068/5131)
2025-06-23 09:54:04,400 [INFO] Fetching units for 07058A01400013 (2069/5131)
2025-06-23 09:54:21,099 [INFO] Fetching units for 07058A01400014 (2070/5131)
2025-06-23 09:54:38,300 [INFO] Fetching units for 07058A01400015 (2071/5131)
2025-06-23 09:54:54,783 [INFO] Fetching units for 07058A01400016 (2072/5131)
2025-06-23 09:55:10,794 [INFO] Fetching units for 07058A01400017 (2073/5131)
2025-06-23 09:55:26,731 [INFO] Fetching units for 07058A01400018 (2074/5131)
2025-06-23 09:55:42,926 [INFO] Fetching units for 07058A01400019 (2075/5131)
2025-06-23 09:55:59,215 [INFO] Inserted 11 unit records.
2025-06-23 09:55:59,215 [INFO] Fetching units for 07058A01400020 (2076/5131)
2025-06-23 09:56:15,470 [INFO] Fetching units for 07058A01400021 (2077/5131)
2025-06-23 09:56:31,755 [INFO] Fetching units for 07058A01400022 (2078/5131)
2025-06-23 09:56:47,835 [INFO] Fetching units for 07058A01400023 (2079/5131)
2025-06-23 09:57:04,041 [INFO] Fetching units for 07058A01400024 (2080/5131)
2025-06-23 09:57:20,196 [INFO] Fetching units for 07058A01400025 (2081/5131)
2025-06-23 09:57:36,580 [INFO] Fetching units for 07058A01400027 (2082/5131)
2025-06-23 09:57:52,751 [INFO] Fetching units for 07058A01400028 (2083/5131)
2025-06-23 09:58:09,022 [INFO] Fetching units for 07058A01400029 (2084/5131)
2025-06-23 09:58:25,142 [INFO] Inserted 10 unit records.
2025-06-23 09:58:25,143 [INFO] Fetching units for 07058A01400030 (2085/5131)
2025-06-23 09:58:41,296 [INFO] Fetching units for 07058A01400032 (2086/5131)
2025-06-23 09:58:57,365 [INFO] Fetching units for 07058A01400033 (2087/5131)
2025-06-23 09:59:13,743 [INFO] Fetching units for 07058A01400034 (2088/5131)
2025-06-23 09:59:30,129 [INFO] Fetching units for 07058A01400035 (2089/5131)
2025-06-23 09:59:46,849 [INFO] Fetching units for 07058A01400036 (2090/5131)
2025-06-23 10:00:05,269 [INFO] Fetching units for 07058A01400037 (2091/5131)
2025-06-23 10:00:22,286 [INFO] Fetching units for 07058A01400038 (2092/5131)
2025-06-23 10:00:38,668 [INFO] Inserted 10 unit records.
2025-06-23 10:00:38,668 [INFO] Fetching units for 07058A01400040 (2093/5131)
2025-06-23 10:00:55,239 [INFO] Fetching units for 07058A01400041 (2094/5131)
2025-06-23 10:01:11,710 [INFO] Fetching units for 07058A01400042 (2095/5131)
2025-06-23 10:01:28,307 [INFO] Fetching units for 07058A01400043 (2096/5131)
2025-06-23 10:01:44,418 [INFO] Fetching units for 07058A01400044 (2097/5131)
2025-06-23 10:02:10,195 [INFO] Fetching units for 07058A01400045 (2098/5131)
2025-06-23 10:02:26,507 [INFO] Inserted 10 unit records.
2025-06-23 10:02:26,507 [INFO] Fetching units for 07058A01400046 (2099/5131)
2025-06-23 10:02:42,994 [INFO] Fetching units for 07058A01400047 (2100/5131)
2025-06-23 10:02:59,240 [INFO] Fetching units for 07058A01400048 (2101/5131)
2025-06-23 10:03:15,529 [INFO] Fetching units for 07058A01400049 (2102/5131)
2025-06-23 10:03:31,703 [INFO] Fetching units for 07058A01400050 (2103/5131)
2025-06-23 10:03:48,190 [INFO] Fetching units for 07058A01400051 (2104/5131)
2025-06-23 10:04:04,369 [INFO] Fetching units for 07058A01400052 (2105/5131)
2025-06-23 10:04:20,453 [INFO] Fetching units for 07058A01400053 (2106/5131)
2025-06-23 10:04:37,035 [INFO] Fetching units for 07058A01400054 (2107/5131)
2025-06-23 10:04:53,732 [INFO] Inserted 11 unit records.
2025-06-23 10:04:53,732 [INFO] Fetching units for 07058A01400055 (2108/5131)
2025-06-23 10:05:09,802 [INFO] Fetching units for 07058A01400056 (2109/5131)
2025-06-23 10:05:25,878 [INFO] Fetching units for 07058A01400057 (2110/5131)
2025-06-23 10:05:42,154 [INFO] Fetching units for 07058A01400058 (2111/5131)
2025-06-23 10:05:58,546 [INFO] Fetching units for 07058A01400059 (2112/5131)
2025-06-23 10:06:14,841 [INFO] Fetching units for 07058A01400060 (2113/5131)
2025-06-23 10:06:51,411 [INFO] Fetching units for 07058A01400061 (2114/5131)
2025-06-23 10:07:07,705 [INFO] Inserted 10 unit records.
2025-06-23 10:07:07,705 [INFO] Fetching units for 07058A01400062 (2115/5131)
2025-06-23 10:07:23,741 [INFO] Fetching units for 07058A01400063 (2116/5131)
2025-06-23 10:07:39,802 [INFO] Fetching units for 07058A01400064 (2117/5131)
2025-06-23 10:07:56,103 [INFO] Fetching units for 07058A01400065 (2118/5131)
2025-06-23 10:08:12,301 [INFO] Fetching units for 07058A01400066 (2119/5131)
2025-06-23 10:08:28,668 [INFO] Fetching units for 07058A01400067 (2120/5131)
2025-06-23 10:08:44,834 [INFO] Fetching units for 07058A01400068 (2121/5131)
2025-06-23 10:09:01,234 [INFO] Fetching units for 07058A01400071 (2122/5131)
2025-06-23 10:09:17,534 [INFO] Inserted 10 unit records.
2025-06-23 10:09:17,534 [INFO] Fetching units for 07058A01400072 (2123/5131)
2025-06-23 10:09:33,718 [INFO] Fetching units for 07058A01400073 (2124/5131)
2025-06-23 10:09:49,859 [INFO] Fetching units for 07058A01400074 (2125/5131)
2025-06-23 10:10:06,047 [INFO] Fetching units for 07058A01400075 (2126/5131)
2025-06-23 10:10:22,428 [INFO] Fetching units for 07058A01400076 (2127/5131)
2025-06-23 10:10:38,708 [INFO] Fetching units for 07058A01400077 (2128/5131)
2025-06-23 10:10:54,997 [INFO] Fetching units for 07058A01400078 (2129/5131)
2025-06-23 10:11:11,065 [INFO] Fetching units for 07058A01400079 (2130/5131)
2025-06-23 10:11:27,247 [INFO] Fetching units for 07058A01400080 (2131/5131)
2025-06-23 10:11:43,381 [INFO] Inserted 10 unit records.
2025-06-23 10:11:43,382 [INFO] Fetching units for 07058A01400081 (2132/5131)
2025-06-23 10:11:59,820 [INFO] Fetching units for 07058A01400082 (2133/5131)
2025-06-23 10:12:16,094 [INFO] Fetching units for 07058A01400083 (2134/5131)
2025-06-23 10:12:32,780 [INFO] Fetching units for 07058A01400084 (2135/5131)
2025-06-23 10:12:49,258 [INFO] Fetching units for 07058A01400085 (2136/5131)
2025-06-23 10:13:05,554 [INFO] Fetching units for 07058A01400086 (2137/5131)
2025-06-23 10:13:21,821 [INFO] Fetching units for 07058A01400087 (2138/5131)
2025-06-23 10:13:38,214 [INFO] Fetching units for 07058A01400088 (2139/5131)
2025-06-23 10:13:54,709 [INFO] Fetching units for 07058A01400089 (2140/5131)
2025-06-23 10:14:10,903 [INFO] Inserted 10 unit records.
2025-06-23 10:14:10,903 [INFO] Fetching units for 07058A01400090 (2141/5131)
2025-06-23 10:14:27,269 [INFO] Fetching units for 07058A01400091 (2142/5131)
2025-06-23 10:14:43,674 [INFO] Fetching units for 07058A01400092 (2143/5131)
2025-06-23 10:14:59,659 [INFO] Fetching units for 07058A01400093 (2144/5131)
2025-06-23 10:15:16,108 [INFO] Fetching units for 07058A01400094 (2145/5131)
2025-06-23 10:15:31,994 [INFO] Fetching units for 07058A01400095 (2146/5131)
2025-06-23 10:15:48,467 [INFO] Fetching units for 07058A01400096 (2147/5131)
2025-06-23 10:16:04,878 [INFO] Inserted 10 unit records.
2025-06-23 10:16:04,878 [INFO] Fetching units for 07058A01400097 (2148/5131)
2025-06-23 10:16:20,927 [INFO] Fetching units for 07058A01400098 (2149/5131)
2025-06-23 10:16:36,915 [INFO] Fetching units for 07058A01400099 (2150/5131)
2025-06-23 10:16:53,079 [INFO] Fetching units for 07058A01400101 (2151/5131)
2025-06-23 10:17:09,003 [INFO] Fetching units for 07058A01400103 (2152/5131)
2025-06-23 10:17:25,446 [INFO] Fetching units for 07058A01400104 (2153/5131)
2025-06-23 10:17:41,712 [INFO] Fetching units for 07058A01400105 (2154/5131)
2025-06-23 10:17:58,544 [INFO] Inserted 10 unit records.
2025-06-23 10:17:58,544 [INFO] Fetching units for 07058A01400106 (2155/5131)
2025-06-23 10:18:14,686 [INFO] Fetching units for 07058A01400107 (2156/5131)
2025-06-23 10:18:30,683 [INFO] Fetching units for 07058A01400108 (2157/5131)
2025-06-23 10:18:46,749 [INFO] Fetching units for 07058A01400109 (2158/5131)
2025-06-23 10:19:02,922 [INFO] Fetching units for 07058A01400111 (2159/5131)
2025-06-23 10:19:19,275 [INFO] Fetching units for 07058A01400112 (2160/5131)
2025-06-23 10:19:35,452 [INFO] Inserted 10 unit records.
2025-06-23 10:19:35,460 [INFO] Fetching units for 07058A01400113 (2161/5131)
2025-06-23 10:19:51,974 [INFO] Fetching units for 07058A01400114 (2162/5131)
2025-06-23 10:20:08,366 [INFO] Fetching units for 07058A01400115 (2163/5131)
2025-06-23 10:20:24,246 [INFO] Fetching units for 07058A01400116 (2164/5131)
2025-06-23 10:20:40,817 [INFO] Fetching units for 07058A01400117 (2165/5131)
2025-06-23 10:20:56,999 [INFO] Fetching units for 07058A01400118 (2166/5131)
2025-06-23 10:21:13,079 [INFO] Fetching units for 07058A01400119 (2167/5131)
2025-06-23 10:21:29,195 [INFO] Inserted 11 unit records.
2025-06-23 10:21:29,195 [INFO] Fetching units for 07058A01400120 (2168/5131)
2025-06-23 10:21:45,345 [INFO] Fetching units for 07058A01400121 (2169/5131)
2025-06-23 10:22:01,523 [INFO] Fetching units for 07058A01400122 (2170/5131)
2025-06-23 10:22:25,892 [INFO] Fetching units for 07058A01400123 (2171/5131)
2025-06-23 10:22:42,168 [INFO] Fetching units for 07058A01400124 (2172/5131)
2025-06-23 10:22:58,163 [INFO] Fetching units for 07058A01400125 (2173/5131)
2025-06-23 10:23:14,214 [INFO] Fetching units for 07058A01400126 (2174/5131)
2025-06-23 10:23:30,404 [INFO] Fetching units for 07058A01400129 (2175/5131)
2025-06-23 10:23:46,589 [INFO] Fetching units for 07058A01400130 (2176/5131)
2025-06-23 10:24:02,588 [INFO] Inserted 10 unit records.
2025-06-23 10:24:02,588 [INFO] Fetching units for 07058A01400131 (2177/5131)
2025-06-23 10:24:18,741 [INFO] Fetching units for 07058A01400132 (2178/5131)
2025-06-23 10:24:35,011 [INFO] Fetching units for 07058A01400133 (2179/5131)
2025-06-23 10:24:51,296 [INFO] Fetching units for 07058A01400134 (2180/5131)
2025-06-23 10:25:07,441 [INFO] Fetching units for 07058A01400135 (2181/5131)
2025-06-23 10:25:23,549 [INFO] Fetching units for 07058A01400136 (2182/5131)
2025-06-23 10:25:39,841 [INFO] Fetching units for 07058A01400137 (2183/5131)
2025-06-23 10:25:56,218 [INFO] Fetching units for 07058A01400138 (2184/5131)
2025-06-23 10:26:12,502 [INFO] Fetching units for 07058A01400139 (2185/5131)
2025-06-23 10:26:28,586 [INFO] Inserted 10 unit records.
2025-06-23 10:26:28,586 [INFO] Fetching units for 07058A01400140 (2186/5131)
2025-06-23 10:26:44,759 [INFO] Fetching units for 07058A01400141 (2187/5131)
2025-06-23 10:27:01,548 [INFO] Fetching units for 07058A01400142 (2188/5131)
2025-06-23 10:27:18,026 [INFO] Fetching units for 07058A01400143 (2189/5131)
2025-06-23 10:27:34,319 [INFO] Fetching units for 07058A01400144 (2190/5131)
2025-06-23 10:27:50,701 [INFO] Fetching units for 07058A01400145 (2191/5131)
2025-06-23 10:28:06,770 [INFO] Fetching units for 07058A01400146 (2192/5131)
2025-06-23 10:28:23,155 [INFO] Fetching units for 07058A01400147 (2193/5131)
2025-06-23 10:28:39,252 [INFO] Inserted 10 unit records.
2025-06-23 10:28:39,252 [INFO] Fetching units for 07058A01400148 (2194/5131)
2025-06-23 10:28:55,612 [INFO] Fetching units for 07058A01400149 (2195/5131)
2025-06-23 10:29:11,797 [INFO] Fetching units for 07058A01400150 (2196/5131)
2025-06-23 10:29:28,079 [INFO] Fetching units for 07058A01400151 (2197/5131)
2025-06-23 10:29:44,280 [INFO] Fetching units for 07058A01400152 (2198/5131)
2025-06-23 10:30:00,460 [INFO] Fetching units for 07058A01400153 (2199/5131)
2025-06-23 10:30:17,028 [INFO] Fetching units for 07058A01400154 (2200/5131)
2025-06-23 10:30:33,542 [INFO] Inserted 10 unit records.
2025-06-23 10:30:33,542 [INFO] Fetching units for 07058A01400155 (2201/5131)
2025-06-23 10:30:49,523 [INFO] Fetching units for 07058A01400156 (2202/5131)
2025-06-23 10:31:05,883 [INFO] Fetching units for 07058A01400157 (2203/5131)
2025-06-23 10:31:22,001 [INFO] Fetching units for 07058A01400158 (2204/5131)
2025-06-23 10:31:38,236 [INFO] Fetching units for 07058A01400159 (2205/5131)
2025-06-23 10:31:54,295 [INFO] Fetching units for 07058A01400160 (2206/5131)
2025-06-23 10:32:10,494 [INFO] Fetching units for 07058A01400161 (2207/5131)
2025-06-23 10:32:26,605 [INFO] Inserted 10 unit records.
2025-06-23 10:32:26,605 [INFO] Fetching units for 07058A01400164 (2208/5131)
2025-06-23 10:32:42,753 [INFO] Fetching units for 07058A01400165 (2209/5131)
2025-06-23 10:32:58,824 [INFO] Fetching units for 07058A01400166 (2210/5131)
2025-06-23 10:33:15,029 [INFO] Fetching units for 07058A01400167 (2211/5131)
2025-06-23 10:33:30,984 [INFO] Fetching units for 07058A01400168 (2212/5131)
2025-06-23 10:33:47,045 [INFO] Fetching units for 07058A01400169 (2213/5131)
2025-06-23 10:34:03,228 [INFO] Fetching units for 07058A01400170 (2214/5131)
2025-06-23 10:34:19,546 [INFO] Inserted 10 unit records.
2025-06-23 10:34:19,546 [INFO] Fetching units for 07058A01400171 (2215/5131)
2025-06-23 10:34:35,592 [INFO] Fetching units for 07058A01400172 (2216/5131)
2025-06-23 10:34:51,770 [INFO] Fetching units for 07058A01400173 (2217/5131)
2025-06-23 10:35:07,943 [INFO] Fetching units for 07058A01400174 (2218/5131)
2025-06-23 10:35:26,780 [INFO] Fetching units for 07058A01400175 (2219/5131)
2025-06-23 10:35:42,860 [INFO] Fetching units for 07058A01400176 (2220/5131)
2025-06-23 10:35:58,941 [INFO] Fetching units for 07058A01400178 (2221/5131)
2025-06-23 10:36:15,031 [INFO] Fetching units for 07058A01400179 (2222/5131)
2025-06-23 10:36:31,428 [INFO] Inserted 10 unit records.
2025-06-23 10:36:31,428 [INFO] Fetching units for 07058A01400181 (2223/5131)
2025-06-23 10:36:49,216 [INFO] Fetching units for 07058A01400182 (2224/5131)
2025-06-23 10:37:04,926 [INFO] Fetching units for 07058A01400183 (2225/5131)
2025-06-23 10:37:20,850 [INFO] Fetching units for 07058A01400184 (2226/5131)
2025-06-23 10:37:37,178 [INFO] Fetching units for 07058A01400185 (2227/5131)
2025-06-23 10:37:53,345 [INFO] Fetching units for 07058A01400187 (2228/5131)
2025-06-23 10:38:09,344 [INFO] Fetching units for 07058A01400188 (2229/5131)
2025-06-23 10:38:25,297 [INFO] Fetching units for 07058A01400189 (2230/5131)
2025-06-23 10:38:41,382 [INFO] Fetching units for 07058A01400190 (2231/5131)
2025-06-23 10:38:57,315 [INFO] Inserted 10 unit records.
2025-06-23 10:38:57,315 [INFO] Fetching units for 07058A01400191 (2232/5131)
2025-06-23 10:39:13,347 [INFO] Fetching units for 07058A01400192 (2233/5131)
2025-06-23 10:39:29,306 [INFO] Fetching units for 07058A01400193 (2234/5131)
2025-06-23 10:39:45,273 [INFO] Fetching units for 07058A01400194 (2235/5131)
2025-06-23 10:40:01,272 [INFO] Fetching units for 07058A01400195 (2236/5131)
2025-06-23 10:40:17,141 [INFO] Fetching units for 07058A01400196 (2237/5131)
2025-06-23 10:40:32,961 [INFO] Fetching units for 07058A01400197 (2238/5131)
2025-06-23 10:40:49,070 [INFO] Fetching units for 07058A01400198 (2239/5131)
2025-06-23 10:41:04,865 [INFO] Inserted 10 unit records.
2025-06-23 10:41:04,865 [INFO] Fetching units for 07058A01400199 (2240/5131)
2025-06-23 10:41:20,711 [INFO] Fetching units for 07058A01400200 (2241/5131)
2025-06-23 10:41:36,629 [INFO] Fetching units for 07058A01400201 (2242/5131)
2025-06-23 10:41:52,552 [INFO] Fetching units for 07058A01400202 (2243/5131)
2025-06-23 10:42:08,363 [INFO] Fetching units for 07058A01400203 (2244/5131)
2025-06-23 10:42:24,240 [INFO] Fetching units for 07058A01400204 (2245/5131)
2025-06-23 10:42:40,260 [INFO] Fetching units for 07058A01400205 (2246/5131)
2025-06-23 10:42:56,343 [INFO] Fetching units for 07058A01400206 (2247/5131)
2025-06-23 10:43:12,218 [INFO] Inserted 10 unit records.
2025-06-23 10:43:12,218 [INFO] Fetching units for 07058A01400208 (2248/5131)
2025-06-23 10:43:27,984 [INFO] Fetching units for 07058A01400210 (2249/5131)
2025-06-23 10:43:43,910 [INFO] Fetching units for 07058A01400212 (2250/5131)
2025-06-23 10:43:59,793 [INFO] Fetching units for 07058A01400214 (2251/5131)
2025-06-23 10:44:15,858 [INFO] Fetching units for 07058A01400215 (2252/5131)
2025-06-23 10:44:31,728 [INFO] Fetching units for 07058A01400216 (2253/5131)
2025-06-23 10:44:47,758 [INFO] Fetching units for 07058A01400217 (2254/5131)
2025-06-23 10:45:03,711 [INFO] Fetching units for 07058A01400218 (2255/5131)
2025-06-23 10:45:19,665 [INFO] Fetching units for 07058A01400219 (2256/5131)
2025-06-23 10:45:35,585 [INFO] Inserted 10 unit records.
2025-06-23 10:45:35,585 [INFO] Fetching units for 07058A01400221 (2257/5131)
2025-06-23 10:45:51,480 [INFO] Fetching units for 07058A01400222 (2258/5131)
2025-06-23 10:46:07,545 [INFO] Fetching units for 07058A01400223 (2259/5131)
2025-06-23 10:46:23,546 [INFO] Fetching units for 07058A01400224 (2260/5131)
2025-06-23 10:46:39,390 [INFO] Fetching units for 07058A01400225 (2261/5131)
2025-06-23 10:46:55,274 [INFO] Fetching units for 07058A01400226 (2262/5131)
2025-06-23 10:47:11,174 [INFO] Fetching units for 07058A01400227 (2263/5131)
2025-06-23 10:47:26,991 [INFO] Inserted 11 unit records.
2025-06-23 10:47:26,991 [INFO] Fetching units for 07058A01400229 (2264/5131)
2025-06-23 10:47:42,905 [INFO] Fetching units for 07058A01400230 (2265/5131)
2025-06-23 10:47:58,777 [INFO] Fetching units for 07058A01400231 (2266/5131)
2025-06-23 10:48:14,634 [INFO] Fetching units for 07058A01400232 (2267/5131)
2025-06-23 10:48:30,665 [INFO] Fetching units for 07058A01400233 (2268/5131)
2025-06-23 10:48:46,808 [INFO] Fetching units for 07058A01400234 (2269/5131)
2025-06-23 10:49:02,668 [INFO] Fetching units for 07058A01400235 (2270/5131)
2025-06-23 10:49:18,706 [INFO] Inserted 10 unit records.
2025-06-23 10:49:18,706 [INFO] Fetching units for 07058A01400236 (2271/5131)
2025-06-23 10:49:34,655 [INFO] Fetching units for 07058A01400237 (2272/5131)
2025-06-23 10:49:50,575 [INFO] Fetching units for 07058A01400238 (2273/5131)
2025-06-23 10:50:06,562 [INFO] Fetching units for 07058A01400239 (2274/5131)
2025-06-23 10:50:22,585 [INFO] Fetching units for 07058A01400240 (2275/5131)
2025-06-23 10:50:38,553 [INFO] Fetching units for 07058A01400241 (2276/5131)
2025-06-23 10:50:54,432 [INFO] Fetching units for 07058A01400242 (2277/5131)
2025-06-23 10:51:10,309 [INFO] Inserted 10 unit records.
2025-06-23 10:51:10,309 [INFO] Fetching units for 07058A01400243 (2278/5131)
2025-06-23 10:51:26,389 [INFO] Fetching units for 07058A01500001 (2279/5131)
2025-06-23 10:51:42,424 [INFO] Fetching units for 07058A01500002 (2280/5131)
2025-06-23 10:51:58,227 [INFO] Fetching units for 07058A01500003 (2281/5131)
2025-06-23 10:52:14,042 [INFO] Fetching units for 07058A01500004 (2282/5131)
2025-06-23 10:52:30,123 [INFO] Fetching units for 07058A01500005 (2283/5131)
2025-06-23 10:52:45,956 [INFO] Fetching units for 07058A01500006 (2284/5131)
2025-06-23 10:53:02,131 [INFO] Fetching units for 07058A01500007 (2285/5131)
2025-06-23 10:53:18,089 [INFO] Fetching units for 07058A01500008 (2286/5131)
2025-06-23 10:53:34,321 [INFO] Inserted 11 unit records.
2025-06-23 10:53:34,321 [INFO] Fetching units for 07058A01500009 (2287/5131)
2025-06-23 10:53:50,428 [INFO] Fetching units for 07058A01500010 (2288/5131)
2025-06-23 10:54:06,269 [INFO] Fetching units for 07058A01500011 (2289/5131)
2025-06-23 10:54:22,148 [INFO] Fetching units for 07058A01500012 (2290/5131)
2025-06-23 10:54:38,073 [INFO] Fetching units for 07058A01500013 (2291/5131)
2025-06-23 10:54:54,772 [INFO] Fetching units for 07058A01500014 (2292/5131)
2025-06-23 10:55:10,761 [INFO] Fetching units for 07058A01500015 (2293/5131)
2025-06-23 10:55:26,760 [INFO] Inserted 11 unit records.
2025-06-23 10:55:26,760 [INFO] Fetching units for 07058A01500016 (2294/5131)
2025-06-23 10:55:42,753 [INFO] Fetching units for 07058A01500017 (2295/5131)
2025-06-23 10:55:58,665 [INFO] Fetching units for 07058A01500018 (2296/5131)
2025-06-23 10:56:14,868 [INFO] Fetching units for 07058A01500019 (2297/5131)
2025-06-23 10:56:30,744 [INFO] Fetching units for 07058A01500020 (2298/5131)
2025-06-23 10:56:46,683 [INFO] Fetching units for 07058A01500021 (2299/5131)
2025-06-23 10:57:02,750 [INFO] Fetching units for 07058A01500023 (2300/5131)
2025-06-23 10:57:18,742 [INFO] Fetching units for 07058A01500024 (2301/5131)
2025-06-23 10:57:34,775 [INFO] Inserted 11 unit records.
2025-06-23 10:57:34,775 [INFO] Fetching units for 07058A01500025 (2302/5131)
2025-06-23 10:57:50,885 [INFO] Fetching units for 07058A01500026 (2303/5131)
2025-06-23 10:58:06,749 [INFO] Fetching units for 07058A01500027 (2304/5131)
2025-06-23 10:58:22,814 [INFO] Fetching units for 07058A01500028 (2305/5131)
2025-06-23 10:58:38,659 [INFO] Fetching units for 07058A01500029 (2306/5131)
2025-06-23 10:58:54,919 [INFO] Fetching units for 07058A01500030 (2307/5131)
2025-06-23 10:59:10,932 [INFO] Inserted 10 unit records.
2025-06-23 10:59:10,932 [INFO] Fetching units for 07058A01500031 (2308/5131)
2025-06-23 10:59:27,068 [INFO] Fetching units for 07058A01500032 (2309/5131)
2025-06-23 10:59:42,970 [INFO] Fetching units for 07058A01500033 (2310/5131)
2025-06-23 10:59:59,027 [INFO] Fetching units for 07058A01500034 (2311/5131)
2025-06-23 11:00:15,393 [INFO] Fetching units for 07058A01500035 (2312/5131)
2025-06-23 11:00:31,245 [INFO] Fetching units for 07058A01500036 (2313/5131)
2025-06-23 11:00:47,632 [INFO] Fetching units for 07058A01500037 (2314/5131)
2025-06-23 11:01:03,721 [INFO] Fetching units for 07058A01500038 (2315/5131)
2025-06-23 11:01:20,075 [INFO] Fetching units for 07058A01500039 (2316/5131)
2025-06-23 11:01:35,984 [INFO] Fetching units for 07058A01500040 (2317/5131)
2025-06-23 11:01:52,066 [INFO] Inserted 10 unit records.
2025-06-23 11:01:52,066 [INFO] Fetching units for 07058A01500041 (2318/5131)
2025-06-23 11:02:08,053 [INFO] Fetching units for 07058A01500042 (2319/5131)
2025-06-23 11:02:24,510 [INFO] Fetching units for 07058A01500043 (2320/5131)
2025-06-23 11:02:40,321 [INFO] Fetching units for 07058A01500044 (2321/5131)
2025-06-23 11:02:56,243 [INFO] Fetching units for 07058A01500045 (2322/5131)
2025-06-23 11:03:12,330 [INFO] Fetching units for 07058A01500046 (2323/5131)
2025-06-23 11:03:28,489 [INFO] Fetching units for 07058A01500047 (2324/5131)
2025-06-23 11:03:45,895 [INFO] Inserted 10 unit records.
2025-06-23 11:03:45,895 [INFO] Fetching units for 07058A01500048 (2325/5131)
2025-06-23 11:04:01,945 [INFO] Fetching units for 07058A01500049 (2326/5131)
2025-06-23 11:04:22,344 [INFO] Fetching units for 07058A01500050 (2327/5131)
2025-06-23 11:04:38,370 [INFO] Fetching units for 07058A01500051 (2328/5131)
2025-06-23 11:04:54,389 [INFO] Fetching units for 07058A01500052 (2329/5131)
2025-06-23 11:05:10,173 [INFO] Fetching units for 07058A01500053 (2330/5131)
2025-06-23 11:05:27,305 [INFO] Fetching units for 07058A01500054 (2331/5131)
2025-06-23 11:05:43,218 [INFO] Fetching units for 07058A01500055 (2332/5131)
2025-06-23 11:05:59,290 [INFO] Inserted 10 unit records.
2025-06-23 11:05:59,290 [INFO] Fetching units for 07058A01500056 (2333/5131)
2025-06-23 11:06:15,174 [INFO] Fetching units for 07058A01500057 (2334/5131)
2025-06-23 11:06:31,426 [INFO] Fetching units for 07058A01500058 (2335/5131)
2025-06-23 11:06:47,319 [INFO] Fetching units for 07058A01500059 (2336/5131)
2025-06-23 11:07:03,385 [INFO] Fetching units for 07058A01500060 (2337/5131)
2025-06-23 11:07:19,378 [INFO] Fetching units for 07058A01500061 (2338/5131)
2025-06-23 11:07:35,332 [INFO] Fetching units for 07058A01500063 (2339/5131)
2025-06-23 11:07:51,237 [INFO] Fetching units for 07058A01500064 (2340/5131)
2025-06-23 11:08:07,170 [INFO] Inserted 10 unit records.
2025-06-23 11:08:07,170 [INFO] Fetching units for 07058A01500065 (2341/5131)
2025-06-23 11:08:23,028 [INFO] Fetching units for 07058A01500066 (2342/5131)
2025-06-23 11:08:38,985 [INFO] Fetching units for 07058A01500067 (2343/5131)
2025-06-23 11:08:55,232 [INFO] Fetching units for 07058A01500068 (2344/5131)
2025-06-23 11:09:11,235 [INFO] Fetching units for 07058A01500070 (2345/5131)
2025-06-23 11:09:27,075 [INFO] Fetching units for 07058A01500071 (2346/5131)
2025-06-23 11:09:43,373 [INFO] Fetching units for 07058A01500072 (2347/5131)
2025-06-23 11:09:59,300 [INFO] Fetching units for 07058A01500073 (2348/5131)
2025-06-23 11:10:15,310 [INFO] Inserted 11 unit records.
2025-06-23 11:10:15,311 [INFO] Fetching units for 07058A01500074 (2349/5131)
2025-06-23 11:10:31,287 [INFO] Fetching units for 07058A01500075 (2350/5131)
2025-06-23 11:10:47,915 [INFO] Fetching units for 07058A01500076 (2351/5131)
2025-06-23 11:11:03,886 [INFO] Fetching units for 07058A01500077 (2352/5131)
2025-06-23 11:11:19,732 [INFO] Fetching units for 07058A01500078 (2353/5131)
2025-06-23 11:11:35,753 [INFO] Fetching units for 07058A01500079 (2354/5131)
2025-06-23 11:11:51,690 [INFO] Inserted 10 unit records.
2025-06-23 11:11:51,690 [INFO] Fetching units for 07058A01500081 (2355/5131)
2025-06-23 11:12:07,526 [INFO] Fetching units for 07058A01600001 (2356/5131)
2025-06-23 11:12:23,372 [INFO] Fetching units for 07058A01600002 (2357/5131)
2025-06-23 11:12:39,201 [INFO] Fetching units for 07058A01600003 (2358/5131)
2025-06-23 11:12:55,321 [INFO] Fetching units for 07058A01600004 (2359/5131)
2025-06-23 11:13:11,414 [INFO] Fetching units for 07058A01600005 (2360/5131)
2025-06-23 11:13:27,306 [INFO] Fetching units for 07058A01600006 (2361/5131)
2025-06-23 11:13:43,477 [INFO] Fetching units for 07058A01600007 (2362/5131)
2025-06-23 11:13:59,743 [INFO] Fetching units for 07058A01600009 (2363/5131)
2025-06-23 11:14:15,986 [INFO] Inserted 10 unit records.
2025-06-23 11:14:15,987 [INFO] Fetching units for 07058A01600010 (2364/5131)
2025-06-23 11:14:32,226 [INFO] Fetching units for 07058A01600011 (2365/5131)
2025-06-23 11:14:48,352 [INFO] Fetching units for 07058A01600012 (2366/5131)
2025-06-23 11:15:04,547 [INFO] Fetching units for 07058A01600013 (2367/5131)
2025-06-23 11:15:20,712 [INFO] Fetching units for 07058A01600014 (2368/5131)
2025-06-23 11:15:36,603 [INFO] Fetching units for 07058A01600015 (2369/5131)
2025-06-23 11:15:52,466 [INFO] Fetching units for 07058A01600016 (2370/5131)
2025-06-23 11:16:08,630 [INFO] Fetching units for 07058A01600017 (2371/5131)
2025-06-23 11:16:24,545 [INFO] Inserted 10 unit records.
2025-06-23 11:16:24,546 [INFO] Fetching units for 07058A01600018 (2372/5131)
2025-06-23 11:16:40,367 [INFO] Fetching units for 07058A01600019 (2373/5131)
2025-06-23 11:16:56,955 [INFO] Fetching units for 07058A01600020 (2374/5131)
2025-06-23 11:17:13,027 [INFO] Fetching units for 07058A01600021 (2375/5131)
2025-06-23 11:17:29,000 [INFO] Fetching units for 07058A01600024 (2376/5131)
2025-06-23 11:17:45,357 [INFO] Fetching units for 07058A01600025 (2377/5131)
2025-06-23 11:18:01,216 [INFO] Inserted 10 unit records.
2025-06-23 11:18:01,216 [INFO] Fetching units for 07058A01600026 (2378/5131)
2025-06-23 11:18:17,690 [INFO] Fetching units for 07058A01600027 (2379/5131)
2025-06-23 11:18:33,693 [INFO] Fetching units for 07058A01600028 (2380/5131)
2025-06-23 11:18:49,680 [INFO] Fetching units for 07058A01600029 (2381/5131)
2025-06-23 11:19:05,765 [INFO] Fetching units for 07058A01600030 (2382/5131)
2025-06-23 11:19:21,955 [INFO] Fetching units for 07058A01600031 (2383/5131)
2025-06-23 11:19:38,512 [INFO] Inserted 10 unit records.
2025-06-23 11:19:38,512 [INFO] Fetching units for 07058A01600032 (2384/5131)
2025-06-23 11:19:54,446 [INFO] Fetching units for 07058A01600033 (2385/5131)
2025-06-23 11:20:10,686 [INFO] Fetching units for 07058A01600034 (2386/5131)
2025-06-23 11:20:27,263 [INFO] Fetching units for 07058A01600035 (2387/5131)
2025-06-23 11:20:43,101 [INFO] Fetching units for 07058A01600036 (2388/5131)
2025-06-23 11:20:59,372 [INFO] Fetching units for 07058A01600037 (2389/5131)
2025-06-23 11:21:15,398 [INFO] Fetching units for 07058A01600038 (2390/5131)
2025-06-23 11:21:31,712 [INFO] Inserted 10 unit records.
2025-06-23 11:21:31,712 [INFO] Fetching units for 07058A01600039 (2391/5131)
2025-06-23 11:21:47,662 [INFO] Fetching units for 07058A01600040 (2392/5131)
2025-06-23 11:22:03,649 [INFO] Fetching units for 07058A01600042 (2393/5131)
2025-06-23 11:22:19,817 [INFO] Fetching units for 07058A01600043 (2394/5131)
2025-06-23 11:22:35,837 [INFO] Fetching units for 07058A01600044 (2395/5131)
2025-06-23 11:22:51,817 [INFO] Fetching units for 07058A01600045 (2396/5131)
2025-06-23 11:23:07,796 [INFO] Fetching units for 07058A01600046 (2397/5131)
2025-06-23 11:23:23,885 [INFO] Fetching units for 07058A01600047 (2398/5131)
2025-06-23 11:23:39,854 [INFO] Inserted 10 unit records.
2025-06-23 11:23:39,854 [INFO] Fetching units for 07058A01600048 (2399/5131)
2025-06-23 11:23:55,856 [INFO] Fetching units for 07058A01600049 (2400/5131)
2025-06-23 11:24:11,667 [INFO] Fetching units for 07058A01600050 (2401/5131)
2025-06-23 11:24:27,584 [INFO] Fetching units for 07058A01600051 (2402/5131)
2025-06-23 11:24:43,549 [INFO] Fetching units for 07058A01600052 (2403/5131)
2025-06-23 11:24:59,416 [INFO] Fetching units for 07058A01600053 (2404/5131)
2025-06-23 11:25:15,562 [INFO] Fetching units for 07058A01600054 (2405/5131)
2025-06-23 11:25:31,535 [INFO] Fetching units for 07058A01600055 (2406/5131)
2025-06-23 11:25:47,765 [INFO] Inserted 10 unit records.
2025-06-23 11:25:47,765 [INFO] Fetching units for 07058A01600056 (2407/5131)
2025-06-23 11:26:03,907 [INFO] Fetching units for 07058A01600057 (2408/5131)
2025-06-23 11:26:19,980 [INFO] Fetching units for 07058A01600058 (2409/5131)
2025-06-23 11:35:24,986 [INFO] Fetching units for 07058A01600059 (2410/5131)
2025-06-23 11:35:41,541 [INFO] Fetching units for 07058A01600060 (2411/5131)
2025-06-23 11:35:57,725 [INFO] Fetching units for 07058A01600062 (2412/5131)
2025-06-23 11:36:13,695 [INFO] Fetching units for 07058A01600063 (2413/5131)
2025-06-23 11:36:29,947 [INFO] Fetching units for 07058A01600064 (2414/5131)
2025-06-23 11:36:46,441 [INFO] Inserted 10 unit records.
2025-06-23 11:36:46,441 [INFO] Fetching units for 07058A01600065 (2415/5131)
2025-06-23 11:37:02,700 [INFO] Fetching units for 07058A01600066 (2416/5131)
2025-06-23 11:37:18,988 [INFO] Fetching units for 07058A01600068 (2417/5131)
2025-06-23 11:37:35,162 [INFO] Fetching units for 07058A01600069 (2418/5131)
2025-06-23 11:37:51,550 [INFO] Fetching units for 07058A01600070 (2419/5131)
2025-06-23 11:38:07,929 [INFO] Fetching units for 07058A01600071 (2420/5131)
2025-06-23 11:38:24,415 [INFO] Fetching units for 07058A01600072 (2421/5131)
2025-06-23 11:38:40,805 [INFO] Fetching units for 07058A01600073 (2422/5131)
2025-06-23 11:38:57,010 [INFO] Inserted 10 unit records.
2025-06-23 11:38:57,010 [INFO] Fetching units for 07058A01600074 (2423/5131)
2025-06-23 11:39:13,158 [INFO] Fetching units for 07058A01600075 (2424/5131)
2025-06-23 11:39:29,642 [INFO] Fetching units for 07058A01600078 (2425/5131)
2025-06-23 11:39:45,937 [INFO] Fetching units for 07058A01600083 (2426/5131)
2025-06-23 11:40:02,127 [INFO] Fetching units for 07058A01600084 (2427/5131)
2025-06-23 11:40:18,294 [INFO] Fetching units for 07058A01600085 (2428/5131)
2025-06-23 11:40:34,593 [INFO] Fetching units for 07058A01600087 (2429/5131)
2025-06-23 11:40:50,831 [INFO] Fetching units for 07058A01600088 (2430/5131)
2025-06-23 11:41:07,146 [INFO] Fetching units for 07058A01600089 (2431/5131)
2025-06-23 11:41:23,533 [INFO] Inserted 10 unit records.
2025-06-23 11:41:23,533 [INFO] Fetching units for 07058A01600090 (2432/5131)
2025-06-23 11:41:39,745 [INFO] Fetching units for 07058A01600092 (2433/5131)
2025-06-23 11:41:55,776 [INFO] Fetching units for 07058A01600093 (2434/5131)
2025-06-23 11:42:11,964 [INFO] Fetching units for 07058A01600094 (2435/5131)
2025-06-23 11:42:28,138 [INFO] Fetching units for 07058A01600095 (2436/5131)
2025-06-23 11:42:44,306 [INFO] Fetching units for 07058A01600096 (2437/5131)
2025-06-23 11:43:00,789 [INFO] Fetching units for 07058A01600098 (2438/5131)
2025-06-23 11:43:17,186 [INFO] Fetching units for 07058A01600099 (2439/5131)
2025-06-23 11:43:33,597 [INFO] Fetching units for 07058A01600100 (2440/5131)
2025-06-23 11:43:49,780 [INFO] Inserted 10 unit records.
2025-06-23 11:43:49,782 [INFO] Fetching units for 07058A01600102 (2441/5131)
2025-06-23 11:44:05,928 [INFO] Fetching units for 07058A01600103 (2442/5131)
2025-06-23 11:44:22,310 [INFO] Fetching units for 07058A01600104 (2443/5131)
2025-06-23 11:44:38,714 [INFO] Fetching units for 07058A01600106 (2444/5131)
2025-06-23 11:44:54,863 [INFO] Fetching units for 07058A01600107 (2445/5131)
2025-06-23 11:45:10,945 [INFO] Fetching units for 07058A01600108 (2446/5131)
2025-06-23 11:45:27,154 [INFO] Inserted 10 unit records.
2025-06-23 11:45:27,154 [INFO] Fetching units for 07058A01600110 (2447/5131)
2025-06-23 11:45:43,423 [INFO] Fetching units for 07058A01600111 (2448/5131)
2025-06-23 11:45:59,790 [INFO] Fetching units for 07058A01600112 (2449/5131)
2025-06-23 11:46:16,070 [INFO] Fetching units for 07058A01600113 (2450/5131)
2025-06-23 11:46:32,339 [INFO] Fetching units for 07058A01600114 (2451/5131)
2025-06-23 11:46:48,735 [INFO] Fetching units for 07058A01600115 (2452/5131)
2025-06-23 11:47:05,018 [INFO] Fetching units for 07058A01600116 (2453/5131)
2025-06-23 11:47:21,410 [INFO] Fetching units for 07058A01600117 (2454/5131)
2025-06-23 11:48:28,941 [INFO] Inserted 10 unit records.
2025-06-23 11:48:28,941 [INFO] Fetching units for 07058A01600118 (2455/5131)
2025-06-23 11:48:45,408 [INFO] Fetching units for 07058A01600119 (2456/5131)
2025-06-23 11:49:01,743 [INFO] Fetching units for 07058A01600120 (2457/5131)
2025-06-23 11:49:17,936 [INFO] Fetching units for 07058A01600121 (2458/5131)
2025-06-23 11:49:33,996 [INFO] Fetching units for 07058A01600122 (2459/5131)
2025-06-23 11:49:50,391 [INFO] Fetching units for 07058A01600123 (2460/5131)
2025-06-23 11:50:06,570 [INFO] Fetching units for 07058A01600124 (2461/5131)
2025-06-23 11:50:22,757 [INFO] Fetching units for 07058A01600125 (2462/5131)
2025-06-23 11:50:42,931 [INFO] Fetching units for 07058A01600126 (2463/5131)
2025-06-23 11:51:04,961 [INFO] Inserted 10 unit records.
2025-06-23 11:51:04,961 [INFO] Fetching units for 07058A01600127 (2464/5131)
2025-06-23 11:51:29,320 [INFO] Fetching units for 07058A01600128 (2465/5131)
2025-06-23 11:51:48,640 [INFO] Fetching units for 07058A01600129 (2466/5131)
2025-06-23 11:52:07,103 [INFO] Fetching units for 07058A01600130 (2467/5131)
2025-06-23 11:52:23,502 [INFO] Fetching units for 07058A01600131 (2468/5131)
2025-06-23 11:52:44,478 [INFO] Fetching units for 07058A01600132 (2469/5131)
2025-06-23 11:53:02,082 [INFO] Fetching units for 07058A01700001 (2470/5131)
2025-06-23 11:53:24,735 [INFO] Inserted 11 unit records.
2025-06-23 11:53:24,735 [INFO] Fetching units for 07058A01700003 (2471/5131)
2025-06-23 11:53:42,708 [INFO] Fetching units for 07058A01700005 (2472/5131)
2025-06-23 11:54:01,447 [INFO] Fetching units for 07058A01700007 (2473/5131)
2025-06-23 11:54:18,374 [INFO] Fetching units for 07058A01700008 (2474/5131)
2025-06-23 11:54:35,994 [INFO] Fetching units for 07058A01700009 (2475/5131)
2025-06-23 11:54:52,168 [INFO] Fetching units for 07058A01700010 (2476/5131)
2025-06-23 11:55:08,204 [INFO] Fetching units for 07058A01700011 (2477/5131)
2025-06-23 11:55:24,055 [INFO] Fetching units for 07058A01700012 (2478/5131)
2025-06-23 11:55:40,502 [INFO] Inserted 10 unit records.
2025-06-23 11:55:40,502 [INFO] Fetching units for 07058A01700013 (2479/5131)
2025-06-23 11:55:57,091 [INFO] Fetching units for 07058A01700016 (2480/5131)
2025-06-23 11:56:13,160 [INFO] Fetching units for 07058A01700017 (2481/5131)
2025-06-23 11:56:29,661 [INFO] Fetching units for 07058A01700018 (2482/5131)
2025-06-23 11:56:45,820 [INFO] Fetching units for 07058A01700021 (2483/5131)
2025-06-23 11:57:02,110 [INFO] Fetching units for 07058A01700022 (2484/5131)
2025-06-23 11:57:18,585 [INFO] Fetching units for 07058A01700023 (2485/5131)
2025-06-23 11:57:34,675 [INFO] Fetching units for 07058A01700024 (2486/5131)
2025-06-23 11:57:51,365 [INFO] Fetching units for 07058A01700025 (2487/5131)
2025-06-23 11:58:07,573 [INFO] Inserted 10 unit records.
2025-06-23 11:58:07,573 [INFO] Fetching units for 07058A01700026 (2488/5131)
2025-06-23 11:58:23,628 [INFO] Fetching units for 07058A01700027 (2489/5131)
2025-06-23 11:58:39,910 [INFO] Fetching units for 07058A01700028 (2490/5131)
2025-06-23 11:58:56,395 [INFO] Fetching units for 07058A01700029 (2491/5131)
2025-06-23 11:59:12,454 [INFO] Fetching units for 07058A01700030 (2492/5131)
2025-06-23 11:59:28,855 [INFO] Fetching units for 07058A01700031 (2493/5131)
2025-06-23 11:59:45,037 [INFO] Fetching units for 07058A01700032 (2494/5131)
2025-06-23 12:00:01,163 [INFO] Inserted 11 unit records.
2025-06-23 12:00:01,163 [INFO] Fetching units for 07058A01700033 (2495/5131)
2025-06-23 12:00:17,191 [INFO] Fetching units for 07058A01700034 (2496/5131)
2025-06-23 12:00:33,880 [INFO] Fetching units for 07058A01700035 (2497/5131)
2025-06-23 12:00:50,160 [INFO] Fetching units for 07058A01700036 (2498/5131)
2025-06-23 12:01:06,548 [INFO] Fetching units for 07058A01700037 (2499/5131)
2025-06-23 12:01:22,744 [INFO] Fetching units for 07058A01700038 (2500/5131)
2025-06-23 12:01:39,205 [INFO] Fetching units for 07058A01700039 (2501/5131)
2025-06-23 12:01:55,529 [INFO] Inserted 11 unit records.
2025-06-23 12:01:55,529 [INFO] Fetching units for 07058A01700040 (2502/5131)
2025-06-23 12:02:12,180 [INFO] Fetching units for 07058A01700041 (2503/5131)
2025-06-23 12:02:28,159 [INFO] Fetching units for 07058A01700042 (2504/5131)
2025-06-23 12:02:44,338 [INFO] Fetching units for 07058A01700043 (2505/5131)
2025-06-23 12:03:01,132 [INFO] Fetching units for 07058A01700044 (2506/5131)
2025-06-23 12:03:17,631 [INFO] Fetching units for 07058A01700045 (2507/5131)
2025-06-23 12:03:34,005 [INFO] Fetching units for 07058A01700046 (2508/5131)
2025-06-23 12:03:50,896 [INFO] Fetching units for 07058A01700047 (2509/5131)
2025-06-23 12:04:06,999 [INFO] Inserted 10 unit records.
2025-06-23 12:04:07,000 [INFO] Fetching units for 07058A01700049 (2510/5131)
2025-06-23 12:04:23,249 [INFO] Fetching units for 07058A01700050 (2511/5131)
2025-06-23 12:04:39,322 [INFO] Fetching units for 07058A01700051 (2512/5131)
2025-06-23 12:04:56,024 [INFO] Fetching units for 07058A01700052 (2513/5131)
2025-06-23 12:05:12,304 [INFO] Fetching units for 07058A01700053 (2514/5131)
2025-06-23 12:05:29,902 [INFO] Fetching units for 07058A01700054 (2515/5131)
2025-06-23 12:05:46,186 [INFO] Fetching units for 07058A01700055 (2516/5131)
2025-06-23 12:06:02,782 [INFO] Fetching units for 07058A01700056 (2517/5131)
2025-06-23 12:06:19,082 [INFO] Fetching units for 07058A01700057 (2518/5131)
2025-06-23 12:06:35,477 [INFO] Inserted 10 unit records.
2025-06-23 12:06:35,477 [INFO] Fetching units for 07058A01700058 (2519/5131)
2025-06-23 12:06:51,728 [INFO] Fetching units for 07058A01700059 (2520/5131)
2025-06-23 12:07:08,012 [INFO] Fetching units for 07058A01700060 (2521/5131)
2025-06-23 12:07:24,398 [INFO] Fetching units for 07058A01700062 (2522/5131)
2025-06-23 12:07:40,984 [INFO] Fetching units for 07058A01700063 (2523/5131)
2025-06-23 12:07:57,273 [INFO] Fetching units for 07058A01700064 (2524/5131)
2025-06-23 12:08:13,694 [INFO] Fetching units for 07058A01700065 (2525/5131)
2025-06-23 12:08:29,793 [INFO] Fetching units for 07058A01700066 (2526/5131)
2025-06-23 12:08:46,095 [INFO] Inserted 11 unit records.
2025-06-23 12:08:46,095 [INFO] Fetching units for 07058A01700067 (2527/5131)
2025-06-23 12:09:02,400 [INFO] Fetching units for 07058A01700068 (2528/5131)
2025-06-23 12:09:18,781 [INFO] Fetching units for 07058A01700069 (2529/5131)
2025-06-23 12:09:34,877 [INFO] Fetching units for 07058A01700070 (2530/5131)
2025-06-23 12:09:51,231 [INFO] Fetching units for 07058A01700071 (2531/5131)
2025-06-23 12:10:07,424 [INFO] Fetching units for 07058A01700072 (2532/5131)
2025-06-23 12:10:23,698 [INFO] Fetching units for 07058A01700073 (2533/5131)
2025-06-23 12:10:39,905 [INFO] Fetching units for 07058A01700074 (2534/5131)
2025-06-23 12:10:56,382 [INFO] Inserted 11 unit records.
2025-06-23 12:10:56,382 [INFO] Fetching units for 07058A01700075 (2535/5131)
2025-06-23 12:11:12,646 [INFO] Fetching units for 07058A01700076 (2536/5131)
2025-06-23 12:11:28,834 [INFO] Fetching units for 07058A01700077 (2537/5131)
2025-06-23 12:11:44,845 [INFO] Fetching units for 07058A01700078 (2538/5131)
2025-06-23 12:12:01,192 [INFO] Fetching units for 07058A01700079 (2539/5131)
2025-06-23 12:12:17,663 [INFO] Fetching units for 07058A01700080 (2540/5131)
2025-06-23 12:12:34,056 [INFO] Fetching units for 07058A01700081 (2541/5131)
2025-06-23 12:12:50,241 [INFO] Fetching units for 07058A01700082 (2542/5131)
2025-06-23 12:13:06,648 [INFO] Inserted 10 unit records.
2025-06-23 12:13:06,648 [INFO] Fetching units for 07058A01700083 (2543/5131)
2025-06-23 12:13:22,900 [INFO] Fetching units for 07058A01700084 (2544/5131)
2025-06-23 12:13:38,943 [INFO] Fetching units for 07058A01700085 (2545/5131)
2025-06-23 12:13:55,153 [INFO] Fetching units for 07058A01700086 (2546/5131)
2025-06-23 12:14:11,269 [INFO] Fetching units for 07058A01700087 (2547/5131)
2025-06-23 12:14:27,241 [INFO] Fetching units for 07058A01700088 (2548/5131)
2025-06-23 12:14:43,328 [INFO] Inserted 10 unit records.
2025-06-23 12:14:43,328 [INFO] Fetching units for 07058A01700089 (2549/5131)
2025-06-23 12:14:59,775 [INFO] Fetching units for 07058A01700090 (2550/5131)
2025-06-23 12:15:16,154 [INFO] Fetching units for 07058A01700091 (2551/5131)
2025-06-23 12:15:32,536 [INFO] Fetching units for 07058A01700092 (2552/5131)
2025-06-23 12:15:49,221 [INFO] Fetching units for 07058A01700093 (2553/5131)
2025-06-23 12:16:05,394 [INFO] Fetching units for 07058A01700094 (2554/5131)
2025-06-23 12:16:21,791 [INFO] Fetching units for 07058A01700095 (2555/5131)
2025-06-23 12:16:38,084 [INFO] Inserted 10 unit records.
2025-06-23 12:16:38,084 [INFO] Fetching units for 07058A01700096 (2556/5131)
2025-06-23 12:16:54,460 [INFO] Fetching units for 07058A01700097 (2557/5131)
2025-06-23 12:17:10,750 [INFO] Fetching units for 07058A01700098 (2558/5131)
2025-06-23 12:17:27,323 [INFO] Fetching units for 07058A01700099 (2559/5131)
2025-06-23 12:17:43,414 [INFO] Fetching units for 07058A01700100 (2560/5131)
2025-06-23 12:17:59,689 [INFO] Fetching units for 07058A01700101 (2561/5131)
2025-06-23 12:18:16,278 [INFO] Fetching units for 07058A01700102 (2562/5131)
2025-06-23 12:18:32,651 [INFO] Fetching units for 07058A01700103 (2563/5131)
2025-06-23 12:18:48,776 [INFO] Inserted 10 unit records.
2025-06-23 12:18:48,776 [INFO] Fetching units for 07058A01700104 (2564/5131)
2025-06-23 12:19:04,922 [INFO] Fetching units for 07058A01700105 (2565/5131)
2025-06-23 12:19:21,325 [INFO] Fetching units for 07058A01700106 (2566/5131)
2025-06-23 12:19:37,509 [INFO] Fetching units for 07058A01700107 (2567/5131)
2025-06-23 12:19:53,659 [INFO] Fetching units for 07058A01700108 (2568/5131)
2025-06-23 12:20:09,840 [INFO] Fetching units for 07058A01700109 (2569/5131)
2025-06-23 12:20:25,837 [INFO] Fetching units for 07058A01700110 (2570/5131)
2025-06-23 12:20:42,727 [INFO] Fetching units for 07058A01700111 (2571/5131)
2025-06-23 12:20:59,005 [INFO] Fetching units for 07058A01700112 (2572/5131)
2025-06-23 12:21:15,410 [INFO] Inserted 10 unit records.
2025-06-23 12:21:15,410 [INFO] Fetching units for 07058A01700113 (2573/5131)
2025-06-23 12:21:31,566 [INFO] Fetching units for 07058A01700116 (2574/5131)
2025-06-23 12:21:47,929 [INFO] Fetching units for 07058A01700117 (2575/5131)
2025-06-23 12:22:04,110 [INFO] Fetching units for 07058A01700118 (2576/5131)
2025-06-23 12:22:20,115 [INFO] Fetching units for 07058A01700119 (2577/5131)
2025-06-23 12:22:36,287 [INFO] Fetching units for 07058A01700120 (2578/5131)
2025-06-23 12:22:47,501 [ERROR] Failed to fetch units for 07058A01700120: HTTPSConnectionPool(host='ovc.catastro.meh.es', port=443): Max retries exceeded with url: /OVCServWeb/OVCWcfCallejero/COVCCallejero.svc/json/Consulta_DNPRC?RefCat=07058A01700120 (Caused by NameResolutionError("<urllib3.connection.HTTPSConnection object at 0x0000025FC1066F80>: Failed to resolve 'ovc.catastro.meh.es' ([Errno 11001] getaddrinfo failed)"))
2025-06-23 12:22:58,687 [ERROR] Failed to fetch units for 07058A01700120: HTTPSConnectionPool(host='ovc.catastro.meh.es', port=443): Max retries exceeded with url: /OVCServWeb/OVCWcfCallejero/COVCCallejero.svc/json/Consulta_DNPRC?RefCat=07058A01700120 (Caused by NameResolutionError("<urllib3.connection.HTTPSConnection object at 0x0000025FC10657E0>: Failed to resolve 'ovc.catastro.meh.es' ([Errno 11001] getaddrinfo failed)"))
2025-06-23 12:23:24,900 [INFO] Fetching units for 07058A01700121 (2579/5131)
2025-06-23 12:23:41,011 [INFO] Inserted 10 unit records.
2025-06-23 12:23:41,011 [INFO] Fetching units for 07058A01700122 (2580/5131)
2025-06-23 12:23:57,064 [INFO] Fetching units for 07058A01700124 (2581/5131)
2025-06-23 12:24:13,343 [INFO] Fetching units for 07058A01700125 (2582/5131)
2025-06-23 12:24:30,346 [INFO] Fetching units for 07058A01700127 (2583/5131)
2025-06-23 12:25:04,459 [INFO] Fetching units for 07058A01700128 (2584/5131)
2025-06-23 12:25:30,664 [INFO] Fetching units for 07058A01700130 (2585/5131)
2025-06-23 12:25:46,969 [INFO] Inserted 10 unit records.
2025-06-23 12:25:46,970 [INFO] Fetching units for 07058A01700131 (2586/5131)
2025-06-23 12:26:02,701 [INFO] Fetching units for 07058A01700132 (2587/5131)
2025-06-23 12:26:19,810 [INFO] Fetching units for 07058A01700133 (2588/5131)
2025-06-23 12:26:36,078 [INFO] Fetching units for 07058A01700134 (2589/5131)
2025-06-23 12:26:52,467 [INFO] Fetching units for 07058A01700135 (2590/5131)
2025-06-23 12:27:08,444 [INFO] Fetching units for 07058A01700138 (2591/5131)
2025-06-23 12:27:24,621 [INFO] Fetching units for 07058A01700139 (2592/5131)
2025-06-23 12:27:40,910 [INFO] Fetching units for 07058A01700140 (2593/5131)
2025-06-23 12:27:57,093 [INFO] Fetching units for 07058A01700141 (2594/5131)
2025-06-23 12:28:13,386 [INFO] Inserted 10 unit records.
2025-06-23 12:28:13,386 [INFO] Fetching units for 07058A01700142 (2595/5131)
2025-06-23 12:28:29,751 [INFO] Fetching units for 07058A01700143 (2596/5131)
2025-06-23 12:28:46,062 [INFO] Fetching units for 07058A01700144 (2597/5131)
2025-06-23 12:29:02,520 [INFO] Fetching units for 07058A01700147 (2598/5131)
2025-06-23 12:29:18,704 [INFO] Fetching units for 07058A01700149 (2599/5131)
2025-06-23 12:29:34,780 [INFO] Fetching units for 07058A01700150 (2600/5131)
2025-06-23 12:29:50,966 [INFO] Fetching units for 07058A01700151 (2601/5131)
2025-06-23 12:30:07,246 [INFO] Fetching units for 07058A01700152 (2602/5131)
2025-06-23 12:30:23,458 [INFO] Inserted 10 unit records.
2025-06-23 12:30:23,458 [INFO] Fetching units for 07058A01700153 (2603/5131)
2025-06-23 12:30:39,498 [INFO] Fetching units for 07058A01700154 (2604/5131)
2025-06-23 12:30:55,467 [INFO] Fetching units for 07058A01700155 (2605/5131)
2025-06-23 12:31:11,759 [INFO] Fetching units for 07058A01700158 (2606/5131)
2025-06-23 12:31:28,128 [INFO] Fetching units for 07058A01700159 (2607/5131)
2025-06-23 12:31:44,212 [INFO] Fetching units for 07058A01700160 (2608/5131)
2025-06-23 12:32:00,704 [INFO] Fetching units for 07058A01700161 (2609/5131)
2025-06-23 12:32:17,078 [INFO] Fetching units for 07058A01700162 (2610/5131)
2025-06-23 12:32:33,269 [INFO] Fetching units for 07058A01700163 (2611/5131)
2025-06-23 12:32:49,468 [INFO] Inserted 10 unit records.
2025-06-23 12:32:49,473 [INFO] Fetching units for 07058A01700164 (2612/5131)
2025-06-23 12:33:05,520 [INFO] Fetching units for 07058A01700165 (2613/5131)
2025-06-23 12:33:21,699 [INFO] Fetching units for 07058A01700166 (2614/5131)
2025-06-23 12:33:38,090 [INFO] Fetching units for 07058A01700167 (2615/5131)
2025-06-23 12:33:54,160 [INFO] Fetching units for 07058A01700168 (2616/5131)
2025-06-23 12:34:17,173 [INFO] Fetching units for 07058A01700169 (2617/5131)
2025-06-23 12:34:33,391 [INFO] Fetching units for 07058A01700170 (2618/5131)
2025-06-23 12:34:49,569 [INFO] Fetching units for 07058A01700171 (2619/5131)
2025-06-23 12:35:05,752 [INFO] Inserted 10 unit records.
2025-06-23 12:35:05,752 [INFO] Fetching units for 07058A01700172 (2620/5131)
2025-06-23 12:35:21,929 [INFO] Fetching units for 07058A01700173 (2621/5131)
2025-06-23 12:35:38,082 [INFO] Fetching units for 07058A01700174 (2622/5131)
2025-06-23 12:35:54,278 [INFO] Fetching units for 07058A01700179 (2623/5131)
2025-06-23 12:36:10,360 [INFO] Fetching units for 07058A01700180 (2624/5131)
2025-06-23 12:36:26,425 [INFO] Fetching units for 07058A01700181 (2625/5131)
2025-06-23 12:36:42,614 [INFO] Fetching units for 07058A01700182 (2626/5131)
2025-06-23 12:36:58,894 [INFO] Fetching units for 07058A01700183 (2627/5131)
2025-06-23 12:37:14,959 [INFO] Fetching units for 07058A01700184 (2628/5131)
2025-06-23 12:37:31,061 [INFO] Inserted 10 unit records.
2025-06-23 12:37:31,067 [INFO] Fetching units for 07058A01700185 (2629/5131)
2025-06-23 12:37:47,330 [INFO] Fetching units for 07058A01700186 (2630/5131)
2025-06-23 12:38:03,602 [INFO] Fetching units for 07058A01700187 (2631/5131)
2025-06-23 12:38:19,684 [INFO] Fetching units for 07058A01700189 (2632/5131)
2025-06-23 12:38:35,858 [INFO] Fetching units for 07058A01700190 (2633/5131)
2025-06-23 12:38:51,945 [INFO] Fetching units for 07058A01700191 (2634/5131)
2025-06-23 12:39:07,222 [ERROR] Failed to fetch units for 07058A01700191: HTTPSConnectionPool(host='ovc.catastro.meh.es', port=443): Read timed out. (read timeout=15)
2025-06-23 12:39:27,248 [ERROR] Failed to fetch units for 07058A01700191: HTTPSConnectionPool(host='ovc.catastro.meh.es', port=443): Max retries exceeded with url: /OVCServWeb/OVCWcfCallejero/COVCCallejero.svc/json/Consulta_DNPRC?RefCat=07058A01700191 (Caused by ConnectTimeoutError(<urllib3.connection.HTTPSConnection object at 0x0000025FC10B5F60>, 'Connection to ovc.catastro.meh.es timed out. (connect timeout=15)'))
2025-06-23 12:39:53,651 [INFO] Fetching units for 07058A01700195 (2635/5131)
2025-06-23 12:40:09,872 [INFO] Fetching units for 07058A01700196 (2636/5131)
2025-06-23 12:40:25,875 [INFO] Inserted 11 unit records.
2025-06-23 12:40:25,875 [INFO] Fetching units for 07058A01700197 (2637/5131)
2025-06-23 12:40:41,913 [INFO] Fetching units for 07058A01700198 (2638/5131)
2025-06-23 12:40:58,206 [INFO] Fetching units for 07058A01700200 (2639/5131)
2025-06-23 12:41:15,296 [INFO] Fetching units for 07058A01700202 (2640/5131)
2025-06-23 12:41:31,581 [INFO] Fetching units for 07058A01700203 (2641/5131)
2025-06-23 12:41:47,649 [INFO] Fetching units for 07058A01700204 (2642/5131)
2025-06-23 12:42:04,044 [INFO] Fetching units for 07058A01700206 (2643/5131)
2025-06-23 12:42:20,518 [INFO] Fetching units for 07058A01700207 (2644/5131)
2025-06-23 12:42:36,835 [INFO] Inserted 10 unit records.
2025-06-23 12:42:36,835 [INFO] Fetching units for 07058A01700208 (2645/5131)
2025-06-23 12:42:53,486 [INFO] Fetching units for 07058A01700209 (2646/5131)
2025-06-23 12:43:09,777 [INFO] Fetching units for 07058A01700210 (2647/5131)
2025-06-23 12:43:25,963 [INFO] Fetching units for 07058A01700211 (2648/5131)
2025-06-23 12:43:42,047 [INFO] Fetching units for 07058A01700212 (2649/5131)
2025-06-23 12:43:58,215 [INFO] Fetching units for 07058A01700213 (2650/5131)
2025-06-23 12:44:14,196 [INFO] Fetching units for 07058A01700214 (2651/5131)
2025-06-23 12:44:30,097 [INFO] Inserted 10 unit records.
2025-06-23 12:44:30,097 [INFO] Fetching units for 07058A01700215 (2652/5131)
2025-06-23 12:44:46,156 [INFO] Fetching units for 07058A01700216 (2653/5131)
2025-06-23 12:45:02,219 [INFO] Fetching units for 07058A01700217 (2654/5131)
2025-06-23 12:45:18,407 [INFO] Fetching units for 07058A01700218 (2655/5131)
2025-06-23 12:45:34,985 [INFO] Fetching units for 07058A01700219 (2656/5131)
2025-06-23 12:47:25,646 [INFO] Fetching units for 07058A01700220 (2657/5131)
2025-06-23 12:47:42,162 [INFO] Fetching units for 07058A01700221 (2658/5131)
2025-06-23 12:47:58,156 [INFO] Inserted 10 unit records.
2025-06-23 12:47:58,157 [INFO] Fetching units for 07058A01700222 (2659/5131)
2025-06-23 12:48:14,216 [INFO] Fetching units for 07058A01700223 (2660/5131)
2025-06-23 12:48:30,071 [INFO] Fetching units for 07058A01700224 (2661/5131)
2025-06-23 12:48:41,286 [ERROR] Failed to fetch units for 07058A01700224: HTTPSConnectionPool(host='ovc.catastro.meh.es', port=443): Max retries exceeded with url: /OVCServWeb/OVCWcfCallejero/COVCCallejero.svc/json/Consulta_DNPRC?RefCat=07058A01700224 (Caused by NameResolutionError("<urllib3.connection.HTTPSConnection object at 0x0000025FC10E7C10>: Failed to resolve 'ovc.catastro.meh.es' ([Errno 11001] getaddrinfo failed)"))
2025-06-23 12:49:02,621 [INFO] Fetching units for 07058A01700225 (2662/5131)
2025-06-23 12:49:18,935 [INFO] Fetching units for 07058A01700226 (2663/5131)
2025-06-23 12:49:35,364 [INFO] Fetching units for 07058A01700227 (2664/5131)
2025-06-23 12:49:51,610 [INFO] Fetching units for 07058A01700228 (2665/5131)
2025-06-23 12:50:07,990 [INFO] Fetching units for 07058A01700229 (2666/5131)
2025-06-23 12:50:38,108 [INFO] Inserted 11 unit records.
2025-06-23 12:50:38,108 [INFO] Fetching units for 07058A01700230 (2667/5131)
2025-06-23 12:50:54,711 [INFO] Fetching units for 07058A01700231 (2668/5131)
2025-06-23 12:51:11,003 [INFO] Fetching units for 07058A01700232 (2669/5131)
2025-06-23 12:51:27,240 [INFO] Fetching units for 07058A01700233 (2670/5131)
2025-06-23 12:51:43,931 [INFO] Fetching units for 07058A01700234 (2671/5131)
2025-06-23 12:52:00,521 [INFO] Fetching units for 07058A01700235 (2672/5131)
2025-06-23 12:52:16,801 [INFO] Fetching units for 07058A01700236 (2673/5131)
2025-06-23 12:52:33,087 [INFO] Fetching units for 07058A01700237 (2674/5131)
2025-06-23 12:52:49,569 [INFO] Fetching units for 07058A01700238 (2675/5131)
2025-06-23 12:53:05,678 [INFO] Inserted 11 unit records.
2025-06-23 12:53:05,680 [INFO] Fetching units for 07058A01700239 (2676/5131)
2025-06-23 12:53:21,724 [INFO] Fetching units for 07058A01700241 (2677/5131)
2025-06-23 12:53:38,113 [INFO] Fetching units for 07058A01700242 (2678/5131)
2025-06-23 12:53:54,383 [INFO] Fetching units for 07058A01800001 (2679/5131)
2025-06-23 12:54:10,571 [INFO] Fetching units for 07058A01800002 (2680/5131)
2025-06-23 12:54:26,659 [INFO] Fetching units for 07058A01800003 (2681/5131)
2025-06-23 12:54:42,722 [INFO] Fetching units for 07058A01800004 (2682/5131)
2025-06-23 12:54:58,820 [INFO] Fetching units for 07058A01800005 (2683/5131)
2025-06-23 12:55:14,697 [INFO] Fetching units for 07058A01800006 (2684/5131)
2025-06-23 12:55:30,887 [INFO] Inserted 10 unit records.
2025-06-23 12:55:30,887 [INFO] Fetching units for 07058A01800007 (2685/5131)
2025-06-23 12:55:46,853 [INFO] Fetching units for 07058A01800008 (2686/5131)
2025-06-23 12:56:03,183 [INFO] Fetching units for 07058A01800009 (2687/5131)
2025-06-23 12:56:22,254 [INFO] Fetching units for 07058A01800010 (2688/5131)
2025-06-23 12:56:38,204 [INFO] Fetching units for 07058A01800011 (2689/5131)
2025-06-23 12:56:54,045 [INFO] Fetching units for 07058A01800012 (2690/5131)
2025-06-23 12:57:09,965 [INFO] Fetching units for 07058A01800013 (2691/5131)
2025-06-23 12:57:25,838 [INFO] Inserted 10 unit records.
2025-06-23 12:57:25,838 [INFO] Fetching units for 07058A01800014 (2692/5131)
2025-06-23 12:57:41,803 [INFO] Fetching units for 07058A01800015 (2693/5131)
2025-06-23 12:57:57,609 [INFO] Fetching units for 07058A01800016 (2694/5131)
2025-06-23 12:58:13,595 [INFO] Fetching units for 07058A01800017 (2695/5131)
2025-06-23 12:58:29,907 [INFO] Fetching units for 07058A01800018 (2696/5131)
2025-06-23 12:58:45,837 [INFO] Fetching units for 07058A01800019 (2697/5131)
2025-06-23 12:59:02,087 [INFO] Fetching units for 07058A01800020 (2698/5131)
2025-06-23 12:59:18,077 [INFO] Inserted 10 unit records.
2025-06-23 12:59:18,077 [INFO] Fetching units for 07058A01800022 (2699/5131)
2025-06-23 12:59:33,946 [INFO] Fetching units for 07058A01800023 (2700/5131)
2025-06-23 12:59:49,983 [INFO] Fetching units for 07058A01800024 (2701/5131)
2025-06-23 13:00:05,743 [INFO] Fetching units for 07058A01800025 (2702/5131)
2025-06-23 13:00:21,683 [INFO] Fetching units for 07058A01800026 (2703/5131)
2025-06-23 13:00:37,522 [INFO] Fetching units for 07058A01800027 (2704/5131)
2025-06-23 13:00:53,583 [INFO] Inserted 10 unit records.
2025-06-23 13:00:53,583 [INFO] Fetching units for 07058A01800028 (2705/5131)
2025-06-23 13:01:09,518 [INFO] Fetching units for 07058A01800029 (2706/5131)
2025-06-23 13:01:25,746 [INFO] Fetching units for 07058A01800030 (2707/5131)
2025-06-23 13:01:41,590 [INFO] Fetching units for 07058A01800031 (2708/5131)
2025-06-23 13:01:57,596 [INFO] Fetching units for 07058A01800032 (2709/5131)
2025-06-23 13:02:13,418 [INFO] Fetching units for 07058A01800033 (2710/5131)
2025-06-23 13:02:29,483 [INFO] Fetching units for 07058A01800034 (2711/5131)
2025-06-23 13:02:45,310 [INFO] Inserted 10 unit records.
2025-06-23 13:02:45,311 [INFO] Fetching units for 07058A01800035 (2712/5131)
2025-06-23 13:03:01,217 [INFO] Fetching units for 07058A01800036 (2713/5131)
2025-06-23 13:03:16,998 [INFO] Fetching units for 07058A01800037 (2714/5131)
2025-06-23 13:03:32,870 [INFO] Fetching units for 07058A01800038 (2715/5131)
2025-06-23 13:03:48,634 [INFO] Fetching units for 07058A01800039 (2716/5131)
2025-06-23 13:04:04,403 [INFO] Fetching units for 07058A01800040 (2717/5131)
2025-06-23 13:04:20,238 [INFO] Fetching units for 07058A01800041 (2718/5131)
2025-06-23 13:04:36,210 [INFO] Inserted 11 unit records.
2025-06-23 13:04:36,210 [INFO] Fetching units for 07058A01800042 (2719/5131)
2025-06-23 13:04:51,983 [INFO] Fetching units for 07058A01800043 (2720/5131)
2025-06-23 13:05:07,921 [INFO] Fetching units for 07058A01800044 (2721/5131)
2025-06-23 13:05:23,671 [INFO] Fetching units for 07058A01800045 (2722/5131)
2025-06-23 13:05:39,687 [INFO] Fetching units for 07058A01800046 (2723/5131)
2025-06-23 13:05:55,432 [INFO] Fetching units for 07058A01800047 (2724/5131)
2025-06-23 13:06:11,258 [INFO] Fetching units for 07058A01800048 (2725/5131)
2025-06-23 13:06:27,103 [INFO] Fetching units for 07058A01800051 (2726/5131)
2025-06-23 13:06:43,236 [INFO] Fetching units for 07058A01800052 (2727/5131)
2025-06-23 13:06:59,107 [INFO] Inserted 10 unit records.
2025-06-23 13:06:59,107 [INFO] Fetching units for 07058A01800053 (2728/5131)
2025-06-23 13:07:14,963 [INFO] Fetching units for 07058A01800054 (2729/5131)
2025-06-23 13:07:31,267 [INFO] Fetching units for 07058A01800057 (2730/5131)
2025-06-23 13:07:42,479 [ERROR] Failed to fetch units for 07058A01800057: HTTPSConnectionPool(host='ovc.catastro.meh.es', port=443): Max retries exceeded with url: /OVCServWeb/OVCWcfCallejero/COVCCallejero.svc/json/Consulta_DNPRC?RefCat=07058A01800057 (Caused by NameResolutionError("<urllib3.connection.HTTPSConnection object at 0x0000025FC114B4F0>: Failed to resolve 'ovc.catastro.meh.es' ([Errno 11001] getaddrinfo failed)"))
2025-06-23 13:07:53,673 [ERROR] Failed to fetch units for 07058A01800057: HTTPSConnectionPool(host='ovc.catastro.meh.es', port=443): Max retries exceeded with url: /OVCServWeb/OVCWcfCallejero/COVCCallejero.svc/json/Consulta_DNPRC?RefCat=07058A01800057 (Caused by NameResolutionError("<urllib3.connection.HTTPSConnection object at 0x0000025FC1149840>: Failed to resolve 'ovc.catastro.meh.es' ([Errno 11001] getaddrinfo failed)"))
2025-06-23 13:08:14,867 [ERROR] Failed to fetch units for 07058A01800057: HTTPSConnectionPool(host='ovc.catastro.meh.es', port=443): Max retries exceeded with url: /OVCServWeb/OVCWcfCallejero/COVCCallejero.svc/json/Consulta_DNPRC?RefCat=07058A01800057 (Caused by NameResolutionError("<urllib3.connection.HTTPSConnection object at 0x0000025FC114AD40>: Failed to resolve 'ovc.catastro.meh.es' ([Errno 11001] getaddrinfo failed)"))
2025-06-23 13:08:49,877 [INFO] Fetching units for 07058A01800058 (2731/5131)
2025-06-23 13:09:05,593 [INFO] Fetching units for 07058A01800060 (2732/5131)
2025-06-23 13:09:21,397 [INFO] Fetching units for 07058A01800061 (2733/5131)
2025-06-23 13:09:37,197 [INFO] Fetching units for 07058A01800062 (2734/5131)
2025-06-23 13:09:53,070 [INFO] Fetching units for 07058A01800063 (2735/5131)
2025-06-23 13:10:08,861 [INFO] Inserted 11 unit records.
2025-06-23 13:10:08,861 [INFO] Fetching units for 07058A01800064 (2736/5131)
2025-06-23 13:10:24,625 [INFO] Fetching units for 07058A01800065 (2737/5131)
2025-06-23 13:10:40,629 [INFO] Fetching units for 07058A01800066 (2738/5131)
2025-06-23 13:10:56,600 [INFO] Fetching units for 07058A01800067 (2739/5131)
2025-06-23 13:11:12,344 [INFO] Fetching units for 07058A01800069 (2740/5131)
2025-06-23 13:11:28,442 [INFO] Fetching units for 07058A01800070 (2741/5131)
2025-06-23 13:11:44,460 [INFO] Fetching units for 07058A01800071 (2742/5131)
2025-06-23 13:12:00,429 [INFO] Inserted 10 unit records.
2025-06-23 13:12:00,429 [INFO] Fetching units for 07058A01800072 (2743/5131)
2025-06-23 13:12:16,132 [INFO] Fetching units for 07058A01800073 (2744/5131)
2025-06-23 13:12:31,972 [INFO] Fetching units for 07058A01800074 (2745/5131)
2025-06-23 13:12:47,700 [INFO] Fetching units for 07058A01800075 (2746/5131)
2025-06-23 13:13:03,800 [INFO] Fetching units for 07058A01800076 (2747/5131)
2025-06-23 13:13:19,615 [INFO] Fetching units for 07058A01800077 (2748/5131)
2025-06-23 13:13:35,454 [INFO] Inserted 10 unit records.
2025-06-23 13:13:35,454 [INFO] Fetching units for 07058A01800078 (2749/5131)
2025-06-23 13:13:51,346 [INFO] Fetching units for 07058A01800079 (2750/5131)
2025-06-23 13:14:07,251 [INFO] Fetching units for 07058A01800080 (2751/5131)
2025-06-23 13:14:23,256 [INFO] Fetching units for 07058A01800081 (2752/5131)
2025-06-23 13:14:39,101 [INFO] Fetching units for 07058A01800083 (2753/5131)
2025-06-23 13:14:54,938 [INFO] Fetching units for 07058A01800084 (2754/5131)
2025-06-23 13:15:11,124 [INFO] Fetching units for 07058A01800085 (2755/5131)
2025-06-23 13:15:26,936 [INFO] Fetching units for 07058A01800087 (2756/5131)
2025-06-23 13:15:42,759 [INFO] Fetching units for 07058A01800088 (2757/5131)
2025-06-23 13:15:58,588 [INFO] Inserted 11 unit records.
2025-06-23 13:15:58,588 [INFO] Fetching units for 07058A01800089 (2758/5131)
2025-06-23 13:16:14,700 [INFO] Fetching units for 07058A01800091 (2759/5131)
2025-06-23 13:16:30,624 [INFO] Fetching units for 07058A01800092 (2760/5131)
2025-06-23 13:16:46,472 [INFO] Fetching units for 07058A01800093 (2761/5131)
2025-06-23 13:17:02,335 [INFO] Fetching units for 07058A01800094 (2762/5131)
2025-06-23 13:17:18,306 [INFO] Fetching units for 07058A01800095 (2763/5131)
2025-06-23 13:17:34,235 [INFO] Fetching units for 07058A01800096 (2764/5131)
2025-06-23 13:17:50,078 [INFO] Fetching units for 07058A01800097 (2765/5131)
2025-06-23 13:18:05,979 [INFO] Fetching units for 07058A01800098 (2766/5131)
2025-06-23 13:18:21,969 [INFO] Inserted 11 unit records.
2025-06-23 13:18:21,969 [INFO] Fetching units for 07058A01800099 (2767/5131)
2025-06-23 13:18:37,873 [INFO] Fetching units for 07058A01800100 (2768/5131)
2025-06-23 13:18:53,890 [INFO] Fetching units for 07058A01800101 (2769/5131)
2025-06-23 13:19:10,062 [INFO] Fetching units for 07058A01800102 (2770/5131)
2025-06-23 13:19:26,174 [INFO] Fetching units for 07058A01800103 (2771/5131)
2025-06-23 13:19:42,375 [INFO] Fetching units for 07058A01800104 (2772/5131)
2025-06-23 13:19:58,421 [INFO] Fetching units for 07058A01800106 (2773/5131)
2025-06-23 13:20:14,655 [INFO] Fetching units for 07058A01800107 (2774/5131)
2025-06-23 13:20:30,668 [INFO] Fetching units for 07058A01800108 (2775/5131)
2025-06-23 13:20:46,668 [INFO] Inserted 10 unit records.
2025-06-23 13:20:46,668 [INFO] Fetching units for 07058A01800109 (2776/5131)
2025-06-23 13:21:02,436 [INFO] Fetching units for 07058A01800110 (2777/5131)
2025-06-23 13:21:18,247 [INFO] Fetching units for 07058A01800111 (2778/5131)
2025-06-23 13:21:34,204 [INFO] Fetching units for 07058A01800112 (2779/5131)
2025-06-23 13:21:50,080 [INFO] Fetching units for 07058A01800113 (2780/5131)
2025-06-23 13:22:09,739 [INFO] Fetching units for 07058A01800114 (2781/5131)
2025-06-23 13:22:25,514 [INFO] Fetching units for 07058A01800115 (2782/5131)
2025-06-23 13:22:41,398 [INFO] Inserted 11 unit records.
2025-06-23 13:22:41,398 [INFO] Fetching units for 07058A01800116 (2783/5131)
2025-06-23 13:22:57,408 [INFO] Fetching units for 07058A01800117 (2784/5131)
2025-06-23 13:23:13,238 [INFO] Fetching units for 07058A01800118 (2785/5131)
2025-06-23 13:23:28,997 [INFO] Fetching units for 07058A01800119 (2786/5131)
2025-06-23 13:23:45,032 [INFO] Fetching units for 07058A01800122 (2787/5131)
2025-06-23 13:24:00,878 [INFO] Fetching units for 07058A01800123 (2788/5131)
2025-06-23 13:24:16,950 [INFO] Fetching units for 07058A01800124 (2789/5131)
2025-06-23 13:24:32,723 [INFO] Fetching units for 07058A01800125 (2790/5131)
2025-06-23 13:24:48,615 [INFO] Fetching units for 07058A01800126 (2791/5131)
2025-06-23 13:25:04,540 [INFO] Inserted 10 unit records.
2025-06-23 13:25:04,540 [INFO] Fetching units for 07058A01800127 (2792/5131)
2025-06-23 13:25:20,361 [INFO] Fetching units for 07058A01800128 (2793/5131)
2025-06-23 13:25:36,143 [INFO] Fetching units for 07058A01800129 (2794/5131)
2025-06-23 13:25:53,430 [INFO] Fetching units for 07058A01800133 (2795/5131)
2025-06-23 13:26:09,567 [INFO] Fetching units for 07058A01800134 (2796/5131)
2025-06-23 13:26:25,422 [INFO] Fetching units for 07058A01800138 (2797/5131)
2025-06-23 13:26:41,240 [INFO] Fetching units for 07058A01800139 (2798/5131)
2025-06-23 13:26:57,368 [INFO] Fetching units for 07058A01800141 (2799/5131)
2025-06-23 13:27:13,221 [INFO] Inserted 10 unit records.
2025-06-23 13:27:13,221 [INFO] Fetching units for 07058A01800142 (2800/5131)
2025-06-23 13:27:29,117 [INFO] Fetching units for 07058A01800143 (2801/5131)
2025-06-23 13:27:44,965 [INFO] Fetching units for 07058A01800144 (2802/5131)
2025-06-23 13:28:01,909 [INFO] Fetching units for 07058A01800145 (2803/5131)
2025-06-23 13:28:17,788 [INFO] Fetching units for 07058A01800146 (2804/5131)
2025-06-23 13:28:33,614 [INFO] Fetching units for 07058A01800147 (2805/5131)
2025-06-23 13:28:49,393 [INFO] Fetching units for 07058A01800148 (2806/5131)
2025-06-23 13:29:05,201 [INFO] Inserted 10 unit records.
2025-06-23 13:29:05,201 [INFO] Fetching units for 07058A01800149 (2807/5131)
2025-06-23 13:29:21,060 [INFO] Fetching units for 07058A01800150 (2808/5131)
2025-06-23 13:29:36,848 [INFO] Fetching units for 07058A01800151 (2809/5131)
2025-06-23 13:29:52,600 [INFO] Fetching units for 07058A01800152 (2810/5131)
2025-06-23 13:30:08,503 [INFO] Fetching units for 07058A01800153 (2811/5131)
2025-06-23 13:30:24,216 [INFO] Fetching units for 07058A01800154 (2812/5131)
2025-06-23 13:30:40,111 [INFO] Fetching units for 07058A01800155 (2813/5131)
2025-06-23 13:30:55,980 [INFO] Fetching units for 07058A01800156 (2814/5131)
2025-06-23 13:31:11,866 [INFO] Inserted 10 unit records.
2025-06-23 13:31:11,866 [INFO] Fetching units for 07058A01800157 (2815/5131)
2025-06-23 13:31:27,809 [INFO] Fetching units for 07058A01800158 (2816/5131)
2025-06-23 13:31:43,540 [INFO] Fetching units for 07058A01800160 (2817/5131)
2025-06-23 13:31:59,344 [INFO] Fetching units for 07058A01800161 (2818/5131)
2025-06-23 13:32:15,325 [INFO] Fetching units for 07058A01800162 (2819/5131)
2025-06-23 13:32:31,246 [INFO] Fetching units for 07058A01800163 (2820/5131)
2025-06-23 13:32:47,010 [INFO] Fetching units for 07058A01800164 (2821/5131)
2025-06-23 13:33:02,842 [INFO] Fetching units for 07058A01800165 (2822/5131)
2025-06-23 13:33:18,825 [INFO] Fetching units for 07058A01800166 (2823/5131)
2025-06-23 13:33:34,550 [INFO] Inserted 11 unit records.
2025-06-23 13:33:34,550 [INFO] Fetching units for 07058A01800168 (2824/5131)
2025-06-23 13:33:50,262 [INFO] Fetching units for 07058A01800169 (2825/5131)
2025-06-23 13:34:06,022 [INFO] Fetching units for 07058A01800170 (2826/5131)
2025-06-23 13:34:22,008 [INFO] Fetching units for 07058A01800171 (2827/5131)
2025-06-23 13:34:37,794 [INFO] Fetching units for 07058A01800172 (2828/5131)
2025-06-23 13:34:53,516 [INFO] Fetching units for 07058A01800173 (2829/5131)
2025-06-23 13:35:09,310 [INFO] Fetching units for 07058A01800174 (2830/5131)
2025-06-23 13:35:25,125 [INFO] Inserted 11 unit records.
2025-06-23 13:35:25,125 [INFO] Fetching units for 07058A01800175 (2831/5131)
2025-06-23 13:35:40,875 [INFO] Fetching units for 07058A01800176 (2832/5131)
2025-06-23 13:35:56,812 [INFO] Fetching units for 07058A01800177 (2833/5131)
2025-06-23 13:36:12,716 [INFO] Fetching units for 07058A01800178 (2834/5131)
2025-06-23 13:36:29,076 [INFO] Fetching units for 07058A01800179 (2835/5131)
2025-06-23 13:36:44,946 [INFO] Fetching units for 07058A01800180 (2836/5131)
2025-06-23 13:37:01,098 [INFO] Fetching units for 07058A01800181 (2837/5131)
2025-06-23 13:37:17,197 [INFO] Fetching units for 07058A01800182 (2838/5131)
2025-06-23 13:37:33,257 [INFO] Inserted 10 unit records.
2025-06-23 13:37:33,257 [INFO] Fetching units for 07058A01800185 (2839/5131)
2025-06-23 13:37:49,076 [INFO] Fetching units for 07058A01800186 (2840/5131)
2025-06-23 13:38:04,962 [INFO] Fetching units for 07058A01800188 (2841/5131)
2025-06-23 13:38:20,962 [INFO] Fetching units for 07058A01900001 (2842/5131)
2025-06-23 13:38:36,968 [INFO] Fetching units for 07058A01900002 (2843/5131)
2025-06-23 13:38:53,073 [INFO] Fetching units for 07058A01900003 (2844/5131)
2025-06-23 13:39:09,023 [INFO] Fetching units for 07058A01900004 (2845/5131)
2025-06-23 13:39:24,787 [INFO] Fetching units for 07058A01900005 (2846/5131)
2025-06-23 13:39:40,724 [INFO] Fetching units for 07058A01900006 (2847/5131)
2025-06-23 13:39:56,506 [INFO] Inserted 10 unit records.
2025-06-23 13:39:56,506 [INFO] Fetching units for 07058A01900007 (2848/5131)
2025-06-23 13:40:12,361 [INFO] Fetching units for 07058A01900008 (2849/5131)
2025-06-23 13:40:28,111 [INFO] Fetching units for 07058A01900009 (2850/5131)
2025-06-23 13:40:43,964 [INFO] Fetching units for 07058A01900010 (2851/5131)
2025-06-23 13:40:59,851 [INFO] Fetching units for 07058A01900011 (2852/5131)
2025-06-23 13:41:15,718 [INFO] Fetching units for 07058A01900012 (2853/5131)
2025-06-23 13:41:31,586 [INFO] Fetching units for 07058A01900013 (2854/5131)
2025-06-23 13:41:47,462 [INFO] Fetching units for 07058A01900014 (2855/5131)
2025-06-23 13:42:03,449 [INFO] Inserted 10 unit records.
2025-06-23 13:42:03,449 [INFO] Fetching units for 07058A01900015 (2856/5131)
2025-06-23 13:42:19,198 [INFO] Fetching units for 07058A01900017 (2857/5131)
2025-06-23 13:42:35,440 [INFO] Fetching units for 07058A01900018 (2858/5131)
2025-06-23 13:42:51,284 [INFO] Fetching units for 07058A01900019 (2859/5131)
2025-06-23 13:43:07,128 [INFO] Fetching units for 07058A01900020 (2860/5131)
2025-06-23 13:43:23,045 [INFO] Fetching units for 07058A01900021 (2861/5131)
2025-06-23 13:43:38,955 [INFO] Fetching units for 07058A01900022 (2862/5131)
2025-06-23 13:43:54,883 [INFO] Fetching units for 07058A01900023 (2863/5131)
2025-06-23 13:44:10,628 [INFO] Fetching units for 07058A01900024 (2864/5131)
2025-06-23 13:44:26,389 [INFO] Inserted 10 unit records.
2025-06-23 13:44:26,390 [INFO] Fetching units for 07058A01900025 (2865/5131)
2025-06-23 13:44:42,261 [INFO] Fetching units for 07058A01900026 (2866/5131)
2025-06-23 13:44:58,200 [INFO] Fetching units for 07058A01900027 (2867/5131)
2025-06-23 13:45:13,975 [INFO] Fetching units for 07058A01900029 (2868/5131)
2025-06-23 13:45:29,724 [INFO] Fetching units for 07058A01900030 (2869/5131)
2025-06-23 13:45:45,515 [INFO] Fetching units for 07058A01900031 (2870/5131)
2025-06-23 13:46:01,605 [INFO] Fetching units for 07058A01900032 (2871/5131)
2025-06-23 13:46:17,490 [INFO] Fetching units for 07058A01900033 (2872/5131)
2025-06-23 13:46:33,291 [INFO] Fetching units for 07058A01900034 (2873/5131)
2025-06-23 13:46:49,089 [INFO] Inserted 10 unit records.
2025-06-23 13:46:49,090 [INFO] Fetching units for 07058A01900035 (2874/5131)
2025-06-23 13:47:04,936 [INFO] Fetching units for 07058A01900037 (2875/5131)
2025-06-23 13:47:20,690 [INFO] Fetching units for 07058A01900040 (2876/5131)
2025-06-23 13:47:37,076 [INFO] Fetching units for 07058A01900041 (2877/5131)
2025-06-23 13:47:52,944 [INFO] Fetching units for 07058A01900043 (2878/5131)
2025-06-23 13:48:08,791 [INFO] Fetching units for 07058A01900044 (2879/5131)
2025-06-23 13:48:24,552 [INFO] Fetching units for 07058A01900045 (2880/5131)
2025-06-23 13:48:40,441 [INFO] Fetching units for 07058A01900048 (2881/5131)
2025-06-23 13:48:56,260 [INFO] Fetching units for 07058A01900049 (2882/5131)
2025-06-23 13:49:12,229 [INFO] Inserted 10 unit records.
2025-06-23 13:49:12,229 [INFO] Fetching units for 07058A01900051 (2883/5131)
2025-06-23 13:49:28,172 [INFO] Fetching units for 07058A01900052 (2884/5131)
2025-06-23 13:49:43,921 [INFO] Fetching units for 07058A01900053 (2885/5131)
2025-06-23 13:49:59,703 [INFO] Fetching units for 07058A01900054 (2886/5131)
2025-06-23 13:50:15,658 [INFO] Fetching units for 07058A01900055 (2887/5131)
2025-06-23 13:50:31,543 [INFO] Fetching units for 07058A01900056 (2888/5131)
2025-06-23 13:50:47,355 [INFO] Fetching units for 07058A01900057 (2889/5131)
2025-06-23 13:51:03,120 [INFO] Fetching units for 07058A01900058 (2890/5131)
2025-06-23 13:51:18,992 [INFO] Fetching units for 07058A01900059 (2891/5131)
2025-06-23 13:51:34,731 [INFO] Inserted 10 unit records.
2025-06-23 13:51:34,731 [INFO] Fetching units for 07058A01900060 (2892/5131)
2025-06-23 13:51:50,530 [INFO] Fetching units for 07058A01900061 (2893/5131)
2025-06-23 13:52:06,247 [INFO] Fetching units for 07058A01900062 (2894/5131)
2025-06-23 13:52:22,092 [INFO] Fetching units for 07058A01900063 (2895/5131)
2025-06-23 13:52:38,062 [INFO] Fetching units for 07058A01900064 (2896/5131)
2025-06-23 13:52:53,797 [INFO] Fetching units for 07058A01900065 (2897/5131)
2025-06-23 13:53:09,669 [INFO] Fetching units for 07058A01900066 (2898/5131)
2025-06-23 13:53:25,539 [INFO] Fetching units for 07058A01900067 (2899/5131)
2025-06-23 13:53:41,281 [INFO] Fetching units for 07058A01900068 (2900/5131)
2025-06-23 13:53:57,027 [INFO] Inserted 10 unit records.
2025-06-23 13:53:57,027 [INFO] Fetching units for 07058A01900069 (2901/5131)
2025-06-23 13:54:12,764 [INFO] Fetching units for 07058A01900070 (2902/5131)
2025-06-23 13:54:28,636 [INFO] Fetching units for 07058A01900071 (2903/5131)
2025-06-23 13:54:44,403 [INFO] Fetching units for 07058A01900072 (2904/5131)
2025-06-23 13:55:00,165 [INFO] Fetching units for 07058A01900073 (2905/5131)
2025-06-23 13:55:16,090 [INFO] Fetching units for 07058A01900074 (2906/5131)
2025-06-23 13:55:31,910 [INFO] Fetching units for 07058A01900077 (2907/5131)
2025-06-23 13:55:47,800 [INFO] Fetching units for 07058A01900078 (2908/5131)
2025-06-23 13:56:03,528 [INFO] Inserted 11 unit records.
2025-06-23 13:56:03,528 [INFO] Fetching units for 07058A01900079 (2909/5131)
2025-06-23 13:56:19,314 [INFO] Fetching units for 07058A01900080 (2910/5131)
2025-06-23 13:56:35,163 [INFO] Fetching units for 07058A01900081 (2911/5131)
2025-06-23 13:56:51,469 [INFO] Fetching units for 07058A01900082 (2912/5131)
2025-06-23 13:57:07,572 [INFO] Fetching units for 07058A01900083 (2913/5131)
2025-06-23 13:57:23,314 [INFO] Fetching units for 07058A01900084 (2914/5131)
2025-06-23 13:57:39,209 [INFO] Fetching units for 07058A01900086 (2915/5131)
2025-06-23 13:57:54,999 [INFO] Fetching units for 07058A01900088 (2916/5131)
2025-06-23 13:58:10,750 [INFO] Fetching units for 07058A01900089 (2917/5131)
2025-06-23 13:58:26,506 [INFO] Fetching units for 07058A01900091 (2918/5131)
2025-06-23 13:58:42,347 [INFO] Inserted 10 unit records.
2025-06-23 13:58:42,347 [INFO] Fetching units for 07058A01900092 (2919/5131)
2025-06-23 13:58:58,096 [INFO] Fetching units for 07058A01900093 (2920/5131)
2025-06-23 13:59:15,368 [INFO] Fetching units for 07058A01900094 (2921/5131)
2025-06-23 13:59:31,119 [INFO] Fetching units for 07058A01900095 (2922/5131)
2025-06-23 13:59:47,006 [INFO] Fetching units for 07058A01900096 (2923/5131)
2025-06-23 14:00:02,763 [INFO] Fetching units for 07058A01900097 (2924/5131)
2025-06-23 14:00:18,558 [INFO] Fetching units for 07058A01900098 (2925/5131)
2025-06-23 14:00:34,599 [INFO] Fetching units for 07058A01900099 (2926/5131)
2025-06-23 14:00:50,551 [INFO] Inserted 10 unit records.
2025-06-23 14:00:50,551 [INFO] Fetching units for 07058A01900100 (2927/5131)
2025-06-23 14:01:06,332 [INFO] Fetching units for 07058A01900101 (2928/5131)
2025-06-23 14:01:22,064 [INFO] Fetching units for 07058A01900102 (2929/5131)
2025-06-23 14:01:37,773 [INFO] Fetching units for 07058A01900103 (2930/5131)
2025-06-23 14:01:53,786 [INFO] Fetching units for 07058A01900104 (2931/5131)
2025-06-23 14:02:09,545 [INFO] Fetching units for 07058A01900105 (2932/5131)
2025-06-23 14:02:25,383 [INFO] Fetching units for 07058A01900106 (2933/5131)
2025-06-23 14:02:41,792 [INFO] Fetching units for 07058A01900107 (2934/5131)
2025-06-23 14:02:57,650 [INFO] Fetching units for 07058A01900108 (2935/5131)
2025-06-23 14:03:13,503 [INFO] Inserted 10 unit records.
2025-06-23 14:03:13,503 [INFO] Fetching units for 07058A01900109 (2936/5131)
2025-06-23 14:03:29,206 [INFO] Fetching units for 07058A01900110 (2937/5131)
2025-06-23 14:03:45,400 [INFO] Fetching units for 07058A01900111 (2938/5131)
2025-06-23 14:04:01,272 [INFO] Fetching units for 07058A01900112 (2939/5131)
2025-06-23 14:04:17,055 [INFO] Fetching units for 07058A01900113 (2940/5131)
2025-06-23 14:04:32,906 [INFO] Fetching units for 07058A01900114 (2941/5131)
2025-06-23 14:04:48,895 [INFO] Fetching units for 07058A01900115 (2942/5131)
2025-06-23 14:05:04,724 [INFO] Fetching units for 07058A01900116 (2943/5131)
2025-06-23 14:05:20,509 [INFO] Fetching units for 07058A01900117 (2944/5131)
2025-06-23 14:05:36,350 [INFO] Inserted 10 unit records.
2025-06-23 14:05:36,350 [INFO] Fetching units for 07058A01900118 (2945/5131)
2025-06-23 14:05:52,442 [INFO] Fetching units for 07058A01900120 (2946/5131)
2025-06-23 14:06:08,355 [INFO] Fetching units for 07058A01900122 (2947/5131)
2025-06-23 14:06:24,178 [INFO] Fetching units for 07058A01900123 (2948/5131)
2025-06-23 14:06:40,035 [INFO] Fetching units for 07058A01900124 (2949/5131)
2025-06-23 14:06:55,749 [INFO] Fetching units for 07058A01900125 (2950/5131)
2025-06-23 14:07:12,109 [INFO] Fetching units for 07058A01900126 (2951/5131)
2025-06-23 14:07:28,343 [INFO] Fetching units for 07058A01900127 (2952/5131)
2025-06-23 14:07:44,222 [INFO] Fetching units for 07058A01900128 (2953/5131)
2025-06-23 14:07:59,996 [INFO] Inserted 11 unit records.
2025-06-23 14:07:59,996 [INFO] Fetching units for 07058A01900129 (2954/5131)
2025-06-23 14:08:15,842 [INFO] Fetching units for 07058A01900130 (2955/5131)
2025-06-23 14:08:31,631 [INFO] Fetching units for 07058A01900131 (2956/5131)
2025-06-23 14:08:47,582 [INFO] Fetching units for 07058A01900132 (2957/5131)
2025-06-23 14:09:03,530 [INFO] Fetching units for 07058A01900133 (2958/5131)
2025-06-23 14:09:19,459 [INFO] Fetching units for 07058A01900134 (2959/5131)
2025-06-23 14:09:35,218 [INFO] Fetching units for 07058A01900135 (2960/5131)
2025-06-23 14:09:50,945 [INFO] Fetching units for 07058A01900137 (2961/5131)
2025-06-23 14:10:06,680 [INFO] Fetching units for 07058A01900138 (2962/5131)
2025-06-23 14:10:22,563 [INFO] Inserted 10 unit records.
2025-06-23 14:10:22,563 [INFO] Fetching units for 07058A01900139 (2963/5131)
2025-06-23 14:10:38,279 [INFO] Fetching units for 07058A01900140 (2964/5131)
2025-06-23 14:10:54,109 [INFO] Fetching units for 07058A01900141 (2965/5131)
2025-06-23 14:11:09,869 [INFO] Fetching units for 07058A01900142 (2966/5131)
2025-06-23 14:11:25,731 [INFO] Fetching units for 07058A01900143 (2967/5131)
2025-06-23 14:11:41,486 [INFO] Fetching units for 07058A01900144 (2968/5131)
2025-06-23 14:11:57,171 [INFO] Fetching units for 07058A01900145 (2969/5131)
2025-06-23 14:12:12,979 [INFO] Fetching units for 07058A01900147 (2970/5131)
2025-06-23 14:12:28,935 [INFO] Inserted 10 unit records.
2025-06-23 14:12:28,935 [INFO] Fetching units for 07058A01900148 (2971/5131)
2025-06-23 14:12:44,718 [INFO] Fetching units for 07058A01900149 (2972/5131)
2025-06-23 14:13:00,540 [INFO] Fetching units for 07058A01900150 (2973/5131)
2025-06-23 14:13:16,313 [INFO] Fetching units for 07058A01900151 (2974/5131)
2025-06-23 14:13:32,129 [INFO] Fetching units for 07058A01900152 (2975/5131)
2025-06-23 14:13:47,854 [INFO] Fetching units for 07058A01900153 (2976/5131)
2025-06-23 14:14:03,622 [INFO] Fetching units for 07058A01900154 (2977/5131)
2025-06-23 14:14:19,419 [INFO] Inserted 11 unit records.
2025-06-23 14:14:19,419 [INFO] Fetching units for 07058A01900155 (2978/5131)
2025-06-23 14:14:35,345 [INFO] Fetching units for 07058A02000001 (2979/5131)
2025-06-23 14:14:51,348 [INFO] Fetching units for 07058A02000002 (2980/5131)
2025-06-23 14:15:07,187 [INFO] Fetching units for 07058A02000003 (2981/5131)
2025-06-23 14:15:22,891 [INFO] Fetching units for 07058A02000004 (2982/5131)
2025-06-23 14:15:38,736 [INFO] Fetching units for 07058A02000005 (2983/5131)
2025-06-23 14:15:54,526 [INFO] Fetching units for 07058A02000006 (2984/5131)
2025-06-23 14:16:10,434 [INFO] Fetching units for 07058A02000007 (2985/5131)
2025-06-23 14:16:26,150 [INFO] Fetching units for 07058A02000008 (2986/5131)
2025-06-23 14:16:42,058 [INFO] Inserted 10 unit records.
2025-06-23 14:16:42,058 [INFO] Fetching units for 07058A02000009 (2987/5131)
2025-06-23 14:16:57,931 [INFO] Fetching units for 07058A02000010 (2988/5131)
2025-06-23 14:17:13,678 [INFO] Fetching units for 07058A02000011 (2989/5131)
2025-06-23 14:17:29,504 [INFO] Fetching units for 07058A02000012 (2990/5131)
2025-06-23 14:17:45,487 [INFO] Fetching units for 07058A02000013 (2991/5131)
2025-06-23 14:18:01,234 [INFO] Fetching units for 07058A02000014 (2992/5131)
2025-06-23 14:18:17,027 [INFO] Inserted 10 unit records.
2025-06-23 14:18:17,027 [INFO] Fetching units for 07058A02000015 (2993/5131)
2025-06-23 14:18:32,832 [INFO] Fetching units for 07058A02000016 (2994/5131)
2025-06-23 14:18:48,715 [INFO] Fetching units for 07058A02000017 (2995/5131)
2025-06-23 14:19:04,409 [INFO] Fetching units for 07058A02000018 (2996/5131)
2025-06-23 14:19:20,111 [INFO] Fetching units for 07058A02000019 (2997/5131)
2025-06-23 14:19:36,004 [INFO] Fetching units for 07058A02000020 (2998/5131)
2025-06-23 14:19:51,851 [INFO] Inserted 10 unit records.
2025-06-23 14:19:51,851 [INFO] Fetching units for 07058A02000021 (2999/5131)
2025-06-23 14:20:07,622 [INFO] Fetching units for 07058A02000022 (3000/5131)
2025-06-23 14:20:23,409 [INFO] Fetching units for 07058A02000023 (3001/5131)
2025-06-23 14:20:39,159 [INFO] Fetching units for 07058A02000024 (3002/5131)
2025-06-23 14:20:55,083 [INFO] Fetching units for 07058A02000025 (3003/5131)
2025-06-23 14:21:11,054 [INFO] Fetching units for 07058A02000026 (3004/5131)
2025-06-23 14:21:26,855 [INFO] Inserted 10 unit records.
2025-06-23 14:21:26,855 [INFO] Fetching units for 07058A02000027 (3005/5131)
2025-06-23 14:21:42,719 [INFO] Fetching units for 07058A02000028 (3006/5131)
2025-06-23 14:21:58,672 [INFO] Fetching units for 07058A02000029 (3007/5131)
2025-06-23 14:22:14,435 [INFO] Fetching units for 07058A02000030 (3008/5131)
2025-06-23 14:22:30,322 [INFO] Fetching units for 07058A02000031 (3009/5131)
2025-06-23 14:22:46,209 [INFO] Fetching units for 07058A02000032 (3010/5131)
2025-06-23 14:23:02,174 [INFO] Fetching units for 07058A02000033 (3011/5131)
2025-06-23 14:23:17,914 [INFO] Inserted 10 unit records.
2025-06-23 14:23:17,914 [INFO] Fetching units for 07058A02000034 (3012/5131)
2025-06-23 14:23:33,854 [INFO] Fetching units for 07058A02000035 (3013/5131)
2025-06-23 14:23:49,639 [INFO] Fetching units for 07058A02000036 (3014/5131)
2025-06-23 14:24:05,554 [INFO] Fetching units for 07058A02000037 (3015/5131)
2025-06-23 14:24:21,365 [INFO] Fetching units for 07058A02000038 (3016/5131)
2025-06-23 14:24:37,084 [INFO] Fetching units for 07058A02000039 (3017/5131)
2025-06-23 14:24:52,922 [INFO] Fetching units for 07058A02000040 (3018/5131)
2025-06-23 14:25:08,736 [INFO] Fetching units for 07058A02000041 (3019/5131)
2025-06-23 14:25:24,749 [INFO] Inserted 10 unit records.
2025-06-23 14:25:24,749 [INFO] Fetching units for 07058A02000043 (3020/5131)
2025-06-23 14:25:40,629 [INFO] Fetching units for 07058A02000044 (3021/5131)
2025-06-23 14:25:56,450 [INFO] Fetching units for 07058A02000045 (3022/5131)
2025-06-23 14:26:12,419 [INFO] Fetching units for 07058A02100001 (3023/5131)
2025-06-23 14:26:28,182 [INFO] Fetching units for 07058A02100002 (3024/5131)
2025-06-23 14:26:44,390 [INFO] Fetching units for 07058A02100004 (3025/5131)
2025-06-23 14:27:00,212 [INFO] Fetching units for 07058A02100005 (3026/5131)
2025-06-23 14:27:16,260 [INFO] Fetching units for 07058A02100006 (3027/5131)
2025-06-23 14:27:32,082 [INFO] Fetching units for 07058A02100007 (3028/5131)
2025-06-23 14:27:47,914 [INFO] Inserted 10 unit records.
2025-06-23 14:27:47,915 [INFO] Fetching units for 07058A02100008 (3029/5131)
2025-06-23 14:28:03,724 [INFO] Fetching units for 07058A02100009 (3030/5131)
2025-06-23 14:28:19,806 [INFO] Fetching units for 07058A02100010 (3031/5131)
2025-06-23 14:28:35,619 [INFO] Fetching units for 07058A02100011 (3032/5131)
2025-06-23 14:28:51,391 [INFO] Fetching units for 07058A02100012 (3033/5131)
2025-06-23 14:29:07,159 [INFO] Fetching units for 07058A02100013 (3034/5131)
2025-06-23 14:29:23,179 [INFO] Fetching units for 07058A02100014 (3035/5131)
2025-06-23 14:29:38,953 [INFO] Fetching units for 07058A02100015 (3036/5131)
2025-06-23 14:29:54,732 [INFO] Fetching units for 07058A02100016 (3037/5131)
2025-06-23 14:30:10,506 [INFO] Inserted 11 unit records.
2025-06-23 14:30:10,506 [INFO] Fetching units for 07058A02100017 (3038/5131)
2025-06-23 14:30:26,415 [INFO] Fetching units for 07058A02100018 (3039/5131)
2025-06-23 14:30:42,152 [INFO] Fetching units for 07058A02100019 (3040/5131)
2025-06-23 14:30:58,054 [INFO] Fetching units for 07058A02100020 (3041/5131)
2025-06-23 14:31:13,876 [INFO] Fetching units for 07058A02100021 (3042/5131)
2025-06-23 14:31:29,756 [INFO] Fetching units for 07058A02100022 (3043/5131)
2025-06-23 14:31:45,510 [INFO] Fetching units for 07058A02100023 (3044/5131)
2025-06-23 14:32:01,303 [INFO] Inserted 10 unit records.
2025-06-23 14:32:01,303 [INFO] Fetching units for 07058A02100025 (3045/5131)
2025-06-23 14:32:17,040 [INFO] Fetching units for 07058A02100026 (3046/5131)
2025-06-23 14:32:33,007 [INFO] Fetching units for 07058A02100027 (3047/5131)
2025-06-23 14:32:48,764 [INFO] Fetching units for 07058A02100028 (3048/5131)
2025-06-23 14:33:04,550 [INFO] Fetching units for 07058A02100029 (3049/5131)
2025-06-23 14:33:20,358 [INFO] Fetching units for 07058A02100030 (3050/5131)
2025-06-23 14:33:36,252 [INFO] Fetching units for 07058A02100031 (3051/5131)
2025-06-23 14:33:52,041 [INFO] Fetching units for 07058A02100032 (3052/5131)
2025-06-23 14:34:08,362 [INFO] Inserted 10 unit records.
2025-06-23 14:34:08,362 [INFO] Fetching units for 07058A02100033 (3053/5131)
2025-06-23 14:34:24,069 [INFO] Fetching units for 07058A02100034 (3054/5131)
2025-06-23 14:34:39,922 [INFO] Fetching units for 07058A02100035 (3055/5131)
2025-06-23 14:34:55,642 [INFO] Fetching units for 07058A02100036 (3056/5131)
2025-06-23 14:35:11,380 [INFO] Fetching units for 07058A02100037 (3057/5131)
2025-06-23 14:35:27,116 [INFO] Fetching units for 07058A02100038 (3058/5131)
2025-06-23 14:35:42,921 [INFO] Fetching units for 07058A02100039 (3059/5131)
2025-06-23 14:35:58,679 [INFO] Inserted 10 unit records.
2025-06-23 14:35:58,679 [INFO] Fetching units for 07058A02100040 (3060/5131)
2025-06-23 14:36:14,429 [INFO] Fetching units for 07058A02100042 (3061/5131)
2025-06-23 14:36:30,098 [INFO] Fetching units for 07058A02100043 (3062/5131)
2025-06-23 14:36:46,013 [INFO] Fetching units for 07058A02100044 (3063/5131)
2025-06-23 14:37:01,987 [INFO] Fetching units for 07058A02100045 (3064/5131)
2025-06-23 14:37:17,689 [INFO] Fetching units for 07058A02100046 (3065/5131)
2025-06-23 14:37:33,541 [INFO] Fetching units for 07058A02100047 (3066/5131)
2025-06-23 14:37:49,465 [INFO] Inserted 10 unit records.
2025-06-23 14:37:49,465 [INFO] Fetching units for 07058A02100048 (3067/5131)
2025-06-23 14:38:05,252 [INFO] Fetching units for 07058A02100049 (3068/5131)
2025-06-23 14:38:21,088 [INFO] Fetching units for 07058A02100050 (3069/5131)
2025-06-23 14:38:36,960 [INFO] Fetching units for 07058A02100051 (3070/5131)
2025-06-23 14:38:53,469 [INFO] Fetching units for 07058A02100052 (3071/5131)
2025-06-23 14:39:09,317 [INFO] Fetching units for 07058A02100053 (3072/5131)
2025-06-23 14:39:25,104 [INFO] Fetching units for 07058A02100054 (3073/5131)
2025-06-23 14:39:40,867 [INFO] Fetching units for 07058A02100055 (3074/5131)
2025-06-23 14:39:56,818 [INFO] Fetching units for 07058A02100056 (3075/5131)
2025-06-23 14:40:12,634 [INFO] Inserted 10 unit records.
2025-06-23 14:40:12,634 [INFO] Fetching units for 07058A02100057 (3076/5131)
2025-06-23 14:40:28,418 [INFO] Fetching units for 07058A02100058 (3077/5131)
2025-06-23 14:40:44,089 [INFO] Fetching units for 07058A02100059 (3078/5131)
2025-06-23 14:40:59,909 [INFO] Fetching units for 07058A02100061 (3079/5131)
2025-06-23 14:41:15,707 [INFO] Fetching units for 07058A02100062 (3080/5131)
2025-06-23 14:41:31,385 [INFO] Fetching units for 07058A02100063 (3081/5131)
2025-06-23 14:41:47,154 [INFO] Fetching units for 07058A02100066 (3082/5131)
2025-06-23 14:42:03,085 [INFO] Inserted 10 unit records.
2025-06-23 14:42:03,085 [INFO] Fetching units for 07058A02100067 (3083/5131)
2025-06-23 14:42:18,832 [INFO] Fetching units for 07058A02100068 (3084/5131)
2025-06-23 14:42:34,585 [INFO] Fetching units for 07058A02100069 (3085/5131)
2025-06-23 14:42:50,345 [INFO] Fetching units for 07058A02100070 (3086/5131)
2025-06-23 14:43:06,350 [INFO] Fetching units for 07058A02100071 (3087/5131)
2025-06-23 14:43:22,109 [INFO] Fetching units for 07058A02100072 (3088/5131)
2025-06-23 14:43:37,902 [INFO] Fetching units for 07058A02100073 (3089/5131)
2025-06-23 14:43:53,710 [INFO] Fetching units for 07058A02100074 (3090/5131)
2025-06-23 14:44:09,539 [INFO] Fetching units for 07058A02100075 (3091/5131)
2025-06-23 14:44:25,257 [INFO] Inserted 10 unit records.
2025-06-23 14:44:25,257 [INFO] Fetching units for 07058A02100076 (3092/5131)
2025-06-23 14:44:40,996 [INFO] Fetching units for 07058A02100077 (3093/5131)
2025-06-23 14:44:56,723 [INFO] Fetching units for 07058A02100078 (3094/5131)
2025-06-23 14:45:12,586 [INFO] Fetching units for 07058A02100079 (3095/5131)
2025-06-23 14:45:28,383 [INFO] Fetching units for 07058A02100080 (3096/5131)
2025-06-23 14:45:44,110 [INFO] Fetching units for 07058A02100081 (3097/5131)
2025-06-23 14:45:59,851 [INFO] Fetching units for 07058A02100082 (3098/5131)
2025-06-23 14:46:15,663 [INFO] Fetching units for 07058A02100083 (3099/5131)
2025-06-23 14:46:31,497 [INFO] Fetching units for 07058A02100084 (3100/5131)
2025-06-23 14:46:47,315 [INFO] Inserted 10 unit records.
2025-06-23 14:46:47,315 [INFO] Fetching units for 07058A02100085 (3101/5131)
2025-06-23 14:47:03,078 [INFO] Fetching units for 07058A02100086 (3102/5131)
2025-06-23 14:47:19,014 [INFO] Fetching units for 07058A02100087 (3103/5131)
2025-06-23 14:47:34,761 [INFO] Fetching units for 07058A02100088 (3104/5131)
2025-06-23 14:47:51,104 [INFO] Fetching units for 07058A02100089 (3105/5131)
2025-06-23 14:48:06,926 [INFO] Fetching units for 07058A02100090 (3106/5131)
2025-06-23 14:48:22,788 [INFO] Fetching units for 07058A02100091 (3107/5131)
2025-06-23 14:48:38,482 [INFO] Fetching units for 07058A02100092 (3108/5131)
2025-06-23 14:48:54,441 [INFO] Inserted 10 unit records.
2025-06-23 14:48:54,441 [INFO] Fetching units for 07058A02100093 (3109/5131)
2025-06-23 14:49:10,168 [INFO] Fetching units for 07058A02100094 (3110/5131)
2025-06-23 14:49:26,140 [INFO] Fetching units for 07058A02100095 (3111/5131)
2025-06-23 14:49:41,823 [INFO] Fetching units for 07058A02100096 (3112/5131)
2025-06-23 14:49:58,115 [INFO] Fetching units for 07058A02100097 (3113/5131)
2025-06-23 14:50:13,971 [INFO] Fetching units for 07058A02100098 (3114/5131)
2025-06-23 14:50:29,880 [INFO] Fetching units for 07058A02100099 (3115/5131)
2025-06-23 14:50:45,657 [INFO] Fetching units for 07058A02100100 (3116/5131)
2025-06-23 14:51:01,416 [INFO] Inserted 10 unit records.
2025-06-23 14:51:01,416 [INFO] Fetching units for 07058A02100101 (3117/5131)
2025-06-23 14:51:17,244 [INFO] Fetching units for 07058A02100102 (3118/5131)
2025-06-23 14:51:33,169 [INFO] Fetching units for 07058A02100103 (3119/5131)
2025-06-23 14:51:51,202 [INFO] Fetching units for 07058A02100104 (3120/5131)
2025-06-23 14:52:06,945 [INFO] Fetching units for 07058A02100105 (3121/5131)
2025-06-23 14:52:22,650 [INFO] Fetching units for 07058A02100106 (3122/5131)
2025-06-23 14:52:38,499 [INFO] Fetching units for 07058A02100108 (3123/5131)
2025-06-23 14:52:54,265 [INFO] Fetching units for 07058A02100109 (3124/5131)
2025-06-23 14:53:10,098 [INFO] Inserted 11 unit records.
2025-06-23 14:53:10,098 [INFO] Fetching units for 07058A02100110 (3125/5131)
2025-06-23 14:53:25,862 [INFO] Fetching units for 07058A02100111 (3126/5131)
2025-06-23 14:53:41,718 [INFO] Fetching units for 07058A02100112 (3127/5131)
2025-06-23 14:53:57,452 [INFO] Fetching units for 07058A02100113 (3128/5131)
2025-06-23 14:54:13,296 [INFO] Fetching units for 07058A02100114 (3129/5131)
2025-06-23 14:54:29,126 [INFO] Fetching units for 07058A02100115 (3130/5131)
2025-06-23 14:54:44,981 [INFO] Fetching units for 07058A02100116 (3131/5131)
2025-06-23 14:55:00,768 [INFO] Inserted 10 unit records.
2025-06-23 14:55:00,769 [INFO] Fetching units for 07058A02100117 (3132/5131)
2025-06-23 14:55:16,584 [INFO] Fetching units for 07058A02100118 (3133/5131)
2025-06-23 14:55:32,309 [INFO] Fetching units for 07058A02100120 (3134/5131)
2025-06-23 14:55:48,175 [INFO] Fetching units for 07058A02100121 (3135/5131)
2025-06-23 14:56:03,949 [INFO] Fetching units for 07058A02100122 (3136/5131)
2025-06-23 14:56:19,701 [INFO] Fetching units for 07058A02100123 (3137/5131)
2025-06-23 14:56:35,405 [INFO] Fetching units for 07058A02100124 (3138/5131)
2025-06-23 14:56:51,298 [INFO] Fetching units for 07058A02100125 (3139/5131)
2025-06-23 14:57:06,996 [INFO] Inserted 11 unit records.
2025-06-23 14:57:06,996 [INFO] Fetching units for 07058A02100126 (3140/5131)
2025-06-23 14:57:22,767 [INFO] Fetching units for 07058A02100128 (3141/5131)
2025-06-23 14:57:38,472 [INFO] Fetching units for 07058A02100129 (3142/5131)
2025-06-23 14:57:54,496 [INFO] Fetching units for 07058A02100130 (3143/5131)
2025-06-23 14:58:10,294 [INFO] Fetching units for 07058A02100131 (3144/5131)
2025-06-23 14:58:25,999 [INFO] Fetching units for 07058A02100132 (3145/5131)
2025-06-23 14:58:41,752 [INFO] Fetching units for 07058A02100133 (3146/5131)
2025-06-23 14:58:57,718 [INFO] Fetching units for 07058A02100134 (3147/5131)
2025-06-23 14:59:13,476 [INFO] Inserted 10 unit records.
2025-06-23 14:59:13,476 [INFO] Fetching units for 07058A02100136 (3148/5131)
2025-06-23 14:59:29,208 [INFO] Fetching units for 07058A02100137 (3149/5131)
2025-06-23 14:59:44,995 [INFO] Fetching units for 07058A02100138 (3150/5131)
2025-06-23 15:00:00,847 [INFO] Fetching units for 07058A02100139 (3151/5131)
2025-06-23 15:00:16,593 [INFO] Fetching units for 07058A02100140 (3152/5131)
2025-06-23 15:00:32,364 [INFO] Fetching units for 07058A02100141 (3153/5131)
2025-06-23 15:00:48,118 [INFO] Fetching units for 07058A02100142 (3154/5131)
2025-06-23 15:01:03,953 [INFO] Fetching units for 07058A02100143 (3155/5131)
2025-06-23 15:01:19,814 [INFO] Inserted 10 unit records.
2025-06-23 15:01:19,814 [INFO] Fetching units for 07058A02100144 (3156/5131)
2025-06-23 15:01:35,562 [INFO] Fetching units for 07058A02100145 (3157/5131)
2025-06-23 15:01:51,341 [INFO] Fetching units for 07058A02100147 (3158/5131)
2025-06-23 15:02:07,195 [INFO] Fetching units for 07058A02100149 (3159/5131)
2025-06-23 15:02:23,152 [INFO] Fetching units for 07058A02100150 (3160/5131)
2025-06-23 15:02:38,925 [INFO] Fetching units for 07058A02100151 (3161/5131)
2025-06-23 15:02:54,651 [INFO] Fetching units for 07058A02100152 (3162/5131)
2025-06-23 15:03:10,496 [INFO] Fetching units for 07058A02100154 (3163/5131)
2025-06-23 15:03:26,304 [INFO] Fetching units for 07058A02100156 (3164/5131)
2025-06-23 15:03:42,035 [INFO] Fetching units for 07058A02100157 (3165/5131)
2025-06-23 15:03:57,846 [INFO] Inserted 10 unit records.
2025-06-23 15:03:57,846 [INFO] Fetching units for 07058A02100158 (3166/5131)
2025-06-23 15:04:13,754 [INFO] Fetching units for 07058A02100159 (3167/5131)
2025-06-23 15:04:29,585 [INFO] Fetching units for 07058A02100160 (3168/5131)
2025-06-23 15:04:45,407 [INFO] Fetching units for 07058A02100161 (3169/5131)
2025-06-23 15:05:01,184 [INFO] Fetching units for 07058A02100162 (3170/5131)
2025-06-23 15:05:17,025 [INFO] Fetching units for 07058A02100163 (3171/5131)
2025-06-23 15:05:32,807 [INFO] Fetching units for 07058A02100164 (3172/5131)
2025-06-23 15:05:48,580 [INFO] Fetching units for 07058A02100165 (3173/5131)
2025-06-23 15:06:16,271 [INFO] Fetching units for 07058A02100166 (3174/5131)
2025-06-23 15:06:32,602 [INFO] Inserted 10 unit records.
2025-06-23 15:06:32,602 [INFO] Fetching units for 07058A02100167 (3175/5131)
2025-06-23 15:07:01,051 [INFO] Fetching units for 07058A02100168 (3176/5131)
2025-06-23 15:07:16,937 [INFO] Fetching units for 07058A02100169 (3177/5131)
2025-06-23 15:07:33,017 [INFO] Fetching units for 07058A02100170 (3178/5131)
2025-06-23 15:07:49,000 [INFO] Fetching units for 07058A02100171 (3179/5131)
2025-06-23 15:08:05,175 [INFO] Fetching units for 07058A02100172 (3180/5131)
2025-06-23 15:08:23,499 [INFO] Fetching units for 07058A02100173 (3181/5131)
2025-06-23 15:08:39,785 [INFO] Fetching units for 07058A02100174 (3182/5131)
2025-06-23 15:08:55,631 [INFO] Inserted 11 unit records.
2025-06-23 15:08:55,631 [INFO] Fetching units for 07058A02100175 (3183/5131)
2025-06-23 15:09:11,741 [INFO] Fetching units for 07058A02100176 (3184/5131)
2025-06-23 15:09:27,835 [INFO] Fetching units for 07058A02100177 (3185/5131)
2025-06-23 15:09:43,993 [INFO] Fetching units for 07058A02100178 (3186/5131)
2025-06-23 15:09:59,974 [INFO] Fetching units for 07058A02100179 (3187/5131)
2025-06-23 15:10:15,951 [INFO] Fetching units for 07058A02100180 (3188/5131)
2025-06-23 15:10:31,756 [INFO] Fetching units for 07058A02100181 (3189/5131)
2025-06-23 15:10:48,117 [INFO] Inserted 10 unit records.
2025-06-23 15:10:48,117 [INFO] Fetching units for 07058A02100182 (3190/5131)
2025-06-23 15:11:03,966 [INFO] Fetching units for 07058A02100183 (3191/5131)
2025-06-23 15:11:20,044 [INFO] Fetching units for 07058A02100184 (3192/5131)
2025-06-23 15:11:36,016 [INFO] Fetching units for 07058A02200001 (3193/5131)
2025-06-23 15:11:52,497 [INFO] Fetching units for 07058A02200002 (3194/5131)
2025-06-23 15:12:08,672 [INFO] Fetching units for 07058A02200003 (3195/5131)
2025-06-23 15:12:26,163 [INFO] Fetching units for 07058A02200004 (3196/5131)
2025-06-23 15:12:42,516 [INFO] Inserted 10 unit records.
2025-06-23 15:12:42,516 [INFO] Fetching units for 07058A02200005 (3197/5131)
2025-06-23 15:12:58,651 [INFO] Fetching units for 07058A02200006 (3198/5131)
2025-06-23 15:13:14,599 [INFO] Fetching units for 07058A02200007 (3199/5131)
2025-06-23 15:13:31,226 [INFO] Fetching units for 07058A02200008 (3200/5131)
2025-06-23 15:13:47,707 [INFO] Fetching units for 07058A02200009 (3201/5131)
2025-06-23 15:16:32,759 [INFO] Fetching units for 07058A02200010 (3202/5131)
2025-06-23 15:16:49,041 [INFO] Fetching units for 07058A02200011 (3203/5131)
2025-06-23 15:17:05,063 [INFO] Fetching units for 07058A02200012 (3204/5131)
2025-06-23 15:17:21,892 [INFO] Inserted 12 unit records.
2025-06-23 15:17:21,893 [INFO] Fetching units for 07058A02200013 (3205/5131)
2025-06-23 15:17:39,768 [INFO] Fetching units for 07058A02200014 (3206/5131)
2025-06-23 15:17:56,028 [INFO] Fetching units for 07058A02200015 (3207/5131)
2025-06-23 15:18:11,997 [INFO] Fetching units for 07058A02200017 (3208/5131)
2025-06-23 15:18:28,187 [INFO] Fetching units for 07058A02200019 (3209/5131)
2025-06-23 15:18:44,455 [INFO] Fetching units for 07058A02200022 (3210/5131)
2025-06-23 15:19:00,642 [INFO] Fetching units for 07058A02200023 (3211/5131)
2025-06-23 15:19:16,707 [INFO] Fetching units for 07058A02200024 (3212/5131)
2025-06-23 15:19:32,710 [INFO] Inserted 10 unit records.
2025-06-23 15:19:32,710 [INFO] Fetching units for 07058A02200025 (3213/5131)
2025-06-23 15:19:48,805 [INFO] Fetching units for 07058A02200026 (3214/5131)
2025-06-23 15:20:04,958 [INFO] Fetching units for 07058A02200029 (3215/5131)
2025-06-23 15:20:20,912 [INFO] Fetching units for 07058A02200030 (3216/5131)
2025-06-23 15:20:36,819 [INFO] Fetching units for 07058A02200031 (3217/5131)
2025-06-23 15:20:52,760 [INFO] Fetching units for 07058A02200033 (3218/5131)
2025-06-23 15:21:08,846 [INFO] Fetching units for 07058A02200034 (3219/5131)
2025-06-23 15:21:24,816 [INFO] Fetching units for 07058A02200035 (3220/5131)
2025-06-23 15:21:40,905 [INFO] Fetching units for 07058A02200036 (3221/5131)
2025-06-23 15:21:57,051 [INFO] Inserted 10 unit records.
2025-06-23 15:21:57,052 [INFO] Fetching units for 07058A02200037 (3222/5131)
2025-06-23 15:22:13,155 [INFO] Fetching units for 07058A02200038 (3223/5131)
2025-06-23 15:22:29,056 [INFO] Fetching units for 07058A02200040 (3224/5131)
2025-06-23 15:22:45,003 [INFO] Fetching units for 07058A02200044 (3225/5131)
2025-06-23 15:23:01,076 [INFO] Fetching units for 07058A02200046 (3226/5131)
2025-06-23 15:23:17,248 [INFO] Fetching units for 07058A02200047 (3227/5131)
2025-06-23 15:23:33,128 [INFO] Fetching units for 07058A02200048 (3228/5131)
2025-06-23 15:23:49,087 [INFO] Fetching units for 07058A02200049 (3229/5131)
2025-06-23 15:24:05,193 [INFO] Inserted 10 unit records.
2025-06-23 15:24:05,194 [INFO] Fetching units for 07058A02200050 (3230/5131)
2025-06-23 15:24:21,347 [INFO] Fetching units for 07058A02200052 (3231/5131)
2025-06-23 15:24:37,639 [INFO] Fetching units for 07058A02200053 (3232/5131)
2025-06-23 15:24:53,919 [INFO] Fetching units for 07058A02200057 (3233/5131)
2025-06-23 15:25:09,878 [INFO] Fetching units for 07058A02200058 (3234/5131)
2025-06-23 15:25:26,066 [INFO] Fetching units for 07058A02200059 (3235/5131)
2025-06-23 15:25:42,152 [INFO] Fetching units for 07058A02200060 (3236/5131)
2025-06-23 15:25:58,250 [INFO] Inserted 10 unit records.
2025-06-23 15:25:58,250 [INFO] Fetching units for 07058A02200061 (3237/5131)
2025-06-23 15:26:14,196 [INFO] Fetching units for 07058A02200062 (3238/5131)
2025-06-23 15:26:30,170 [INFO] Fetching units for 07058A02200063 (3239/5131)
2025-06-23 15:26:46,347 [INFO] Fetching units for 07058A02200064 (3240/5131)
2025-06-23 15:27:02,525 [INFO] Fetching units for 07058A02200065 (3241/5131)
2025-06-23 15:27:18,609 [INFO] Fetching units for 07058A02200066 (3242/5131)
2025-06-23 15:27:34,682 [INFO] Fetching units for 07058A02200067 (3243/5131)
2025-06-23 15:27:50,866 [INFO] Fetching units for 07058A02200068 (3244/5131)
2025-06-23 15:28:07,063 [INFO] Inserted 10 unit records.
2025-06-23 15:28:07,063 [INFO] Fetching units for 07058A02200069 (3245/5131)
2025-06-23 15:28:22,936 [INFO] Fetching units for 07058A02200126 (3246/5131)
2025-06-23 15:28:38,888 [INFO] Fetching units for 07058A02200132 (3247/5131)
2025-06-23 15:28:54,960 [INFO] Fetching units for 07058A02200133 (3248/5131)
2025-06-23 15:29:10,968 [INFO] Fetching units for 07058A02200134 (3249/5131)
2025-06-23 15:29:27,119 [INFO] Fetching units for 07058A02200136 (3250/5131)
2025-06-23 15:29:43,101 [INFO] Fetching units for 07058A02200137 (3251/5131)
2025-06-23 15:29:59,205 [INFO] Inserted 10 unit records.
2025-06-23 15:29:59,205 [INFO] Fetching units for 07058A02300001 (3252/5131)
2025-06-23 15:30:15,240 [INFO] Fetching units for 07058A02300002 (3253/5131)
2025-06-23 15:30:31,424 [INFO] Fetching units for 07058A02300003 (3254/5131)
2025-06-23 15:30:47,443 [INFO] Fetching units for 07058A02300004 (3255/5131)
2025-06-23 15:31:03,467 [INFO] Fetching units for 07058A02300005 (3256/5131)
2025-06-23 15:31:19,650 [INFO] Fetching units for 07058A02300006 (3257/5131)
2025-06-23 15:31:35,837 [INFO] Fetching units for 07058A02300008 (3258/5131)
2025-06-23 15:31:51,919 [INFO] Fetching units for 07058A02300009 (3259/5131)
2025-06-23 15:32:07,986 [INFO] Fetching units for 07058A02300010 (3260/5131)
2025-06-23 15:32:24,183 [INFO] Inserted 10 unit records.
2025-06-23 15:32:24,183 [INFO] Fetching units for 07058A02300011 (3261/5131)
2025-06-23 15:32:40,042 [INFO] Fetching units for 07058A02300012 (3262/5131)
2025-06-23 15:32:56,323 [INFO] Fetching units for 07058A02300013 (3263/5131)
2025-06-23 15:33:12,337 [INFO] Fetching units for 07058A02300014 (3264/5131)
2025-06-23 15:33:28,469 [INFO] Fetching units for 07058A02300015 (3265/5131)
2025-06-23 15:33:44,547 [INFO] Fetching units for 07058A02300016 (3266/5131)
2025-06-23 15:34:00,728 [INFO] Fetching units for 07058A02300017 (3267/5131)
2025-06-23 15:34:16,847 [INFO] Fetching units for 07058A02300018 (3268/5131)
2025-06-23 15:34:32,913 [INFO] Inserted 10 unit records.
2025-06-23 15:34:32,913 [INFO] Fetching units for 07058A02300019 (3269/5131)
2025-06-23 15:34:49,055 [INFO] Fetching units for 07058A02300020 (3270/5131)
2025-06-23 15:35:05,277 [INFO] Fetching units for 07058A02300021 (3271/5131)
2025-06-23 15:35:21,220 [INFO] Fetching units for 07058A02300022 (3272/5131)
2025-06-23 15:35:37,249 [INFO] Fetching units for 07058A02300023 (3273/5131)
2025-06-23 15:35:53,779 [INFO] Fetching units for 07058A02300024 (3274/5131)
2025-06-23 15:36:10,171 [INFO] Fetching units for 07058A02300025 (3275/5131)
2025-06-23 15:36:26,257 [INFO] Fetching units for 07058A02300026 (3276/5131)
2025-06-23 15:36:42,167 [INFO] Inserted 10 unit records.
2025-06-23 15:36:42,172 [INFO] Fetching units for 07058A02300027 (3277/5131)
2025-06-23 15:36:58,398 [INFO] Fetching units for 07058A02300028 (3278/5131)
2025-06-23 15:37:14,777 [INFO] Fetching units for 07058A02300029 (3279/5131)
2025-06-23 15:37:30,969 [INFO] Fetching units for 07058A02300030 (3280/5131)
2025-06-23 15:37:47,233 [INFO] Fetching units for 07058A02300031 (3281/5131)
2025-06-23 15:38:03,138 [INFO] Fetching units for 07058A02300032 (3282/5131)
2025-06-23 15:38:19,428 [INFO] Fetching units for 07058A02300033 (3283/5131)
2025-06-23 15:38:35,308 [INFO] Fetching units for 07058A02300034 (3284/5131)
2025-06-23 15:38:51,161 [INFO] Inserted 10 unit records.
2025-06-23 15:38:51,161 [INFO] Fetching units for 07058A02300035 (3285/5131)
2025-06-23 15:39:07,140 [INFO] Fetching units for 07058A02300036 (3286/5131)
2025-06-23 15:39:23,690 [INFO] Fetching units for 07058A02300037 (3287/5131)
2025-06-23 15:39:40,600 [INFO] Fetching units for 07058A02300038 (3288/5131)
2025-06-23 15:39:57,184 [INFO] Fetching units for 07058A02300039 (3289/5131)
2025-06-23 15:40:13,198 [INFO] Fetching units for 07058A02300040 (3290/5131)
2025-06-23 15:40:29,338 [INFO] Fetching units for 07058A02300041 (3291/5131)
2025-06-23 15:40:45,317 [INFO] Fetching units for 07058A02300042 (3292/5131)
2025-06-23 15:41:01,490 [INFO] Fetching units for 07058A02300043 (3293/5131)
2025-06-23 15:41:17,488 [INFO] Inserted 10 unit records.
2025-06-23 15:41:17,488 [INFO] Fetching units for 07058A02300044 (3294/5131)
2025-06-23 15:41:33,853 [INFO] Fetching units for 07058A02300045 (3295/5131)
2025-06-23 15:41:50,029 [INFO] Fetching units for 07058A02300046 (3296/5131)
2025-06-23 15:42:06,007 [INFO] Fetching units for 07058A02300047 (3297/5131)
2025-06-23 15:42:22,191 [INFO] Fetching units for 07058A02300050 (3298/5131)
2025-06-23 15:42:38,356 [INFO] Fetching units for 07058A02300051 (3299/5131)
2025-06-23 15:42:54,441 [INFO] Fetching units for 07058A02300052 (3300/5131)
2025-06-23 15:43:10,614 [INFO] Fetching units for 07058A02300053 (3301/5131)
2025-06-23 15:43:26,686 [INFO] Fetching units for 07058A02300054 (3302/5131)
2025-06-23 15:43:42,778 [INFO] Inserted 11 unit records.
2025-06-23 15:43:42,778 [INFO] Fetching units for 07058A02300055 (3303/5131)
2025-06-23 15:43:58,854 [INFO] Fetching units for 07058A02300056 (3304/5131)
2025-06-23 15:44:14,919 [INFO] Fetching units for 07058A02300057 (3305/5131)
2025-06-23 15:44:30,999 [INFO] Fetching units for 07058A02300058 (3306/5131)
2025-06-23 15:44:47,395 [INFO] Fetching units for 07058A02300059 (3307/5131)
2025-06-23 15:45:03,560 [INFO] Fetching units for 07058A02300060 (3308/5131)
2025-06-23 15:45:19,746 [INFO] Fetching units for 07058A02300061 (3309/5131)
2025-06-23 15:45:35,827 [INFO] Fetching units for 07058A02300062 (3310/5131)
2025-06-23 15:45:52,401 [INFO] Fetching units for 07058A02300063 (3311/5131)
2025-06-23 15:46:08,413 [INFO] Inserted 10 unit records.
2025-06-23 15:46:08,413 [INFO] Fetching units for 07058A02300064 (3312/5131)
2025-06-23 15:46:24,370 [INFO] Fetching units for 07058A02300065 (3313/5131)
2025-06-23 15:46:40,437 [INFO] Fetching units for 07058A02300066 (3314/5131)
2025-06-23 15:46:57,429 [INFO] Fetching units for 07058A02300067 (3315/5131)
2025-06-23 15:47:13,507 [INFO] Fetching units for 07058A02300068 (3316/5131)
2025-06-23 15:47:29,499 [INFO] Fetching units for 07058A02300069 (3317/5131)
2025-06-23 15:47:45,475 [INFO] Fetching units for 07058A02300070 (3318/5131)
2025-06-23 15:48:01,662 [INFO] Fetching units for 07058A02300071 (3319/5131)
2025-06-23 15:48:17,644 [INFO] Fetching units for 07058A02300072 (3320/5131)
2025-06-23 15:48:33,535 [INFO] Inserted 10 unit records.
2025-06-23 15:48:33,535 [INFO] Fetching units for 07058A02300073 (3321/5131)
2025-06-23 15:48:49,354 [INFO] Fetching units for 07058A02300074 (3322/5131)
2025-06-23 15:49:05,627 [INFO] Fetching units for 07058A02300075 (3323/5131)
2025-06-23 15:49:21,820 [INFO] Fetching units for 07058A02300076 (3324/5131)
2025-06-23 15:49:39,109 [INFO] Fetching units for 07058A02300077 (3325/5131)
2025-06-23 15:49:55,213 [INFO] Fetching units for 07058A02300078 (3326/5131)
2025-06-23 15:50:11,396 [INFO] Fetching units for 07058A02300079 (3327/5131)
2025-06-23 15:50:27,402 [INFO] Inserted 11 unit records.
2025-06-23 15:50:27,404 [INFO] Fetching units for 07058A02300080 (3328/5131)
2025-06-23 15:50:43,746 [INFO] Fetching units for 07058A02300082 (3329/5131)
2025-06-23 15:50:59,612 [INFO] Fetching units for 07058A02300083 (3330/5131)
2025-06-23 15:51:15,997 [INFO] Fetching units for 07058A02300084 (3331/5131)
2025-06-23 15:51:31,892 [INFO] Fetching units for 07058A02300085 (3332/5131)
2025-06-23 15:51:48,044 [INFO] Fetching units for 07058A02300088 (3333/5131)
2025-06-23 15:52:03,924 [INFO] Fetching units for 07058A02300089 (3334/5131)
2025-06-23 15:52:20,231 [INFO] Inserted 10 unit records.
2025-06-23 15:52:20,231 [INFO] Fetching units for 07058A02300090 (3335/5131)
2025-06-23 15:52:36,433 [INFO] Fetching units for 07058A02300091 (3336/5131)
2025-06-23 15:52:52,566 [INFO] Fetching units for 07058A02300092 (3337/5131)
2025-06-23 15:53:08,622 [INFO] Fetching units for 07058A02300093 (3338/5131)
2025-06-23 15:53:24,643 [INFO] Fetching units for 07058A02300094 (3339/5131)
2025-06-23 15:53:40,693 [INFO] Fetching units for 07058A02300095 (3340/5131)
2025-06-23 15:53:56,975 [INFO] Fetching units for 07058A02300096 (3341/5131)
2025-06-23 15:54:13,201 [INFO] Fetching units for 07058A02300097 (3342/5131)
2025-06-23 15:54:29,491 [INFO] Inserted 10 unit records.
2025-06-23 15:54:29,494 [INFO] Fetching units for 07058A02300098 (3343/5131)
2025-06-23 15:54:45,806 [INFO] Fetching units for 07058A02300100 (3344/5131)
2025-06-23 15:55:01,991 [INFO] Fetching units for 07058A02300101 (3345/5131)
2025-06-23 15:55:17,978 [INFO] Fetching units for 07058A02300104 (3346/5131)
2025-06-23 15:55:34,178 [INFO] Fetching units for 07058A02300105 (3347/5131)
2025-06-23 15:55:50,122 [INFO] Fetching units for 07058A02300106 (3348/5131)
2025-06-23 15:56:06,085 [INFO] Fetching units for 07058A02300107 (3349/5131)
2025-06-23 15:56:22,069 [INFO] Fetching units for 07058A02300109 (3350/5131)
2025-06-23 15:56:38,297 [INFO] Inserted 10 unit records.
2025-06-23 15:56:38,297 [INFO] Fetching units for 07058A02300111 (3351/5131)
2025-06-23 15:56:54,241 [INFO] Fetching units for 07058A02300112 (3352/5131)
2025-06-23 15:57:10,303 [INFO] Fetching units for 07058A02300113 (3353/5131)
2025-06-23 15:57:26,367 [INFO] Fetching units for 07058A02300114 (3354/5131)
2025-06-23 15:57:42,557 [INFO] Fetching units for 07058A02300115 (3355/5131)
2025-06-23 15:57:58,736 [INFO] Fetching units for 07058A02300116 (3356/5131)
2025-06-23 15:58:15,212 [INFO] Fetching units for 07058A02300118 (3357/5131)
2025-06-23 15:58:31,200 [INFO] Fetching units for 07058A02300119 (3358/5131)
2025-06-23 15:58:47,403 [INFO] Inserted 10 unit records.
2025-06-23 15:58:47,403 [INFO] Fetching units for 07058A02300120 (3359/5131)
2025-06-23 15:59:03,569 [INFO] Fetching units for 07058A02400001 (3360/5131)
2025-06-23 15:59:19,631 [INFO] Fetching units for 07058A02400002 (3361/5131)
2025-06-23 15:59:35,906 [INFO] Fetching units for 07058A02400003 (3362/5131)
2025-06-23 15:59:52,304 [INFO] Fetching units for 07058A02400004 (3363/5131)
2025-06-23 16:00:08,373 [INFO] Fetching units for 07058A02400005 (3364/5131)
2025-06-23 16:00:24,552 [INFO] Fetching units for 07058A02400006 (3365/5131)
2025-06-23 16:00:40,859 [INFO] Fetching units for 1303301DE9010S (3366/5131)
2025-06-23 16:57:59,892 [INFO] Inserted 10 unit records.
2025-06-23 16:57:59,900 [INFO] Fetching units for 1303302DE9010S (3367/5131)
2025-06-23 16:58:15,998 [INFO] Fetching units for 1303303DE9010S (3368/5131)
2025-06-23 16:58:32,103 [INFO] Fetching units for 1303304DE9010S (3369/5131)
2025-06-23 16:58:48,008 [INFO] Fetching units for 1303305DE9010S (3370/5131)
2025-06-23 16:59:03,837 [INFO] Fetching units for 1303306DE9010S (3371/5131)
2025-06-23 16:59:19,974 [INFO] Fetching units for 1303307DE9010S (3372/5131)
2025-06-23 16:59:35,922 [INFO] Fetching units for 1303308DE9010S (3373/5131)
2025-06-23 16:59:51,818 [INFO] Inserted 10 unit records.
2025-06-23 16:59:51,818 [INFO] Fetching units for 1303309DE9010S (3374/5131)
2025-06-23 17:00:07,864 [INFO] Fetching units for 1303311DE9010S (3375/5131)
2025-06-23 17:00:24,135 [INFO] Fetching units for 1303312DE9010S (3376/5131)
2025-06-23 17:00:40,317 [INFO] Fetching units for 1303313DE9010S (3377/5131)
2025-06-23 17:00:56,596 [INFO] Fetching units for 1303314DE9010S (3378/5131)
2025-06-23 17:01:12,977 [INFO] Fetching units for 1303315DE9010S (3379/5131)
2025-06-23 17:01:29,259 [INFO] Fetching units for 1303316DE9010S (3380/5131)
2025-06-23 17:01:45,450 [INFO] Fetching units for 1303317DE9010S (3381/5131)
2025-06-23 17:02:01,929 [INFO] Fetching units for 1303318DE9010S (3382/5131)
2025-06-23 17:02:18,008 [INFO] Fetching units for 1304201DE9010S (3383/5131)
2025-06-23 17:02:34,375 [INFO] Inserted 12 unit records.
2025-06-23 17:02:34,376 [INFO] Fetching units for 1304401DE9010S (3384/5131)
2025-06-23 17:02:50,783 [INFO] Fetching units for 1304402DE9010S (3385/5131)
2025-06-23 17:03:06,951 [INFO] Fetching units for 1304403DE9010S (3386/5131)
2025-06-23 17:03:22,984 [INFO] Fetching units for 1304404DE9010S (3387/5131)
2025-06-23 17:03:39,406 [INFO] Fetching units for 1304405DE9010S (3388/5131)
2025-06-23 17:03:55,596 [INFO] Fetching units for 1304406DE9010S (3389/5131)
2025-06-23 17:04:11,666 [INFO] Fetching units for 1304407DE9010S (3390/5131)
2025-06-23 17:04:27,948 [INFO] Fetching units for 1304408DE9010S (3391/5131)
2025-06-23 17:04:44,439 [INFO] Fetching units for 1304409DE9010S (3392/5131)
2025-06-23 17:05:00,610 [INFO] Fetching units for 1304701DE9010S (3393/5131)
2025-06-23 17:05:16,815 [INFO] Inserted 10 unit records.
2025-06-23 17:05:16,816 [INFO] Fetching units for 1304702DE9010S (3394/5131)
2025-06-23 17:05:33,080 [INFO] Fetching units for 1304703DE9010S (3395/5131)
2025-06-23 17:05:49,363 [INFO] Fetching units for 1304704DE9010S (3396/5131)
2025-06-23 17:06:05,648 [INFO] Fetching units for 1304706DE9010S (3397/5131)
2025-06-23 17:06:21,812 [INFO] Fetching units for 1304707DE9010S (3398/5131)
2025-06-23 17:06:37,909 [INFO] Inserted 10 unit records.
2025-06-23 17:06:37,909 [INFO] Fetching units for 1304708DE9010S (3399/5131)
2025-06-23 17:06:54,387 [INFO] Fetching units for 1304709DE9010S (3400/5131)
2025-06-23 17:07:11,067 [INFO] Fetching units for 1304710DE9010S (3401/5131)
2025-06-23 17:07:27,251 [INFO] Fetching units for 1304711DE9010S (3402/5131)
2025-06-23 17:07:43,729 [INFO] Fetching units for 1304712DE9010S (3403/5131)
2025-06-23 17:08:02,913 [INFO] Fetching units for 1304713DE9010S (3404/5131)
2025-06-23 17:08:19,061 [INFO] Fetching units for 1304714DE9010S (3405/5131)
2025-06-23 17:08:35,090 [INFO] Fetching units for 1304715DE9010S (3406/5131)
2025-06-23 17:08:51,145 [INFO] Fetching units for 1304716DE9010S (3407/5131)
2025-06-23 17:09:07,702 [INFO] Fetching units for 1304717DE9010S (3408/5131)
2025-06-23 17:09:23,800 [INFO] Inserted 10 unit records.
2025-06-23 17:09:23,800 [INFO] Fetching units for 1304718DE9010S (3409/5131)
2025-06-23 17:09:39,877 [INFO] Fetching units for 1304719DE9010S (3410/5131)
2025-06-23 17:09:56,044 [INFO] Fetching units for 1304720DE9010S (3411/5131)
2025-06-23 17:10:12,537 [INFO] Fetching units for 1304721DE9010S (3412/5131)
2025-06-23 17:10:28,701 [INFO] Fetching units for 1304722DE9010S (3413/5131)
2025-06-23 17:10:45,198 [INFO] Fetching units for 1304723DE9010S (3414/5131)
2025-06-23 17:11:01,261 [INFO] Fetching units for 1304724DE9010S (3415/5131)
2025-06-23 17:11:17,552 [INFO] Fetching units for 1304725DE9010S (3416/5131)
2025-06-23 17:11:33,722 [INFO] Fetching units for 1304727DE9010S (3417/5131)
2025-06-23 17:11:50,211 [INFO] Fetching units for 1304728DE9010S (3418/5131)
2025-06-23 17:12:06,178 [INFO] Inserted 10 unit records.
2025-06-23 17:12:06,178 [INFO] Fetching units for 1304729DE9010S (3419/5131)
2025-06-23 17:12:22,391 [INFO] Fetching units for 1305601DE9010N (3420/5131)
2025-06-23 17:12:38,649 [INFO] Fetching units for 1305602DE9010N (3421/5131)
2025-06-23 17:12:54,822 [INFO] Fetching units for 1305603DE9010N (3422/5131)
2025-06-23 17:13:10,796 [INFO] Fetching units for 1305604DE9010N (3423/5131)
2025-06-23 17:13:26,976 [INFO] Fetching units for 1305605DE9010N (3424/5131)
2025-06-23 17:13:42,968 [INFO] Fetching units for 1305606DE9010N (3425/5131)
2025-06-23 17:13:59,237 [INFO] Fetching units for 1305607DE9010N (3426/5131)
2025-06-23 17:14:15,424 [INFO] Fetching units for 1305608DE9010N (3427/5131)
2025-06-23 17:14:31,592 [INFO] Fetching units for 1305609DE9010N (3428/5131)
2025-06-23 17:14:47,802 [INFO] Inserted 10 unit records.
2025-06-23 17:14:47,802 [INFO] Fetching units for 1305611DE9010N (3429/5131)
2025-06-23 17:15:03,752 [INFO] Fetching units for 1305612DE9010N (3430/5131)
2025-06-23 17:15:19,724 [INFO] Fetching units for 1305613DE9010N (3431/5131)
2025-06-23 17:15:35,665 [INFO] Fetching units for 1305614DE9010N (3432/5131)
2025-06-23 17:15:51,420 [INFO] Fetching units for 1305615DE9010N (3433/5131)
2025-06-23 17:16:07,640 [INFO] Fetching units for 1305616DE9010N (3434/5131)
2025-06-23 17:16:23,920 [INFO] Fetching units for 1305617DE9010N (3435/5131)
2025-06-23 17:16:40,121 [INFO] Fetching units for 1305618DE9010N (3436/5131)
2025-06-23 17:16:56,718 [INFO] Inserted 10 unit records.
2025-06-23 17:16:56,718 [INFO] Fetching units for 1305619DE9010N (3437/5131)
2025-06-23 17:17:12,768 [INFO] Fetching units for 1305620DE9010N (3438/5131)
2025-06-23 17:17:29,076 [INFO] Fetching units for 1305621DE9010N (3439/5131)
2025-06-23 17:17:45,437 [INFO] Fetching units for 1305622DE9010N (3440/5131)
2025-06-23 17:18:01,407 [INFO] Fetching units for 1305623DE9010N (3441/5131)
2025-06-23 17:18:17,804 [INFO] Fetching units for 1305624DE9010N (3442/5131)
2025-06-23 17:18:34,290 [INFO] Fetching units for 1305626DE9010N (3443/5131)
2025-06-23 17:18:50,466 [INFO] Fetching units for 1305627DE9010N (3444/5131)
2025-06-23 17:19:06,636 [INFO] Fetching units for 1305628DE9010N (3445/5131)
2025-06-23 17:19:22,438 [INFO] Inserted 10 unit records.
2025-06-23 17:19:22,438 [INFO] Fetching units for 1305629DE9010N (3446/5131)
2025-06-23 17:19:38,891 [INFO] Fetching units for 1305630DE9010N (3447/5131)
2025-06-23 17:19:54,891 [INFO] Fetching units for 1305631DE9010N (3448/5131)
2025-06-23 17:20:11,059 [INFO] Fetching units for 1305632DE9010N (3449/5131)
2025-06-23 17:20:27,022 [INFO] Fetching units for 1305633DE9010N (3450/5131)
2025-06-23 17:20:43,307 [INFO] Fetching units for 1305634DE9010N (3451/5131)
2025-06-23 17:20:59,383 [INFO] Fetching units for 1305635DE9010N (3452/5131)
2025-06-23 17:21:15,394 [INFO] Fetching units for 1305636DE9010N (3453/5131)
2025-06-23 17:21:31,752 [INFO] Inserted 10 unit records.
2025-06-23 17:21:31,763 [INFO] Fetching units for 1305637DE9010N (3454/5131)
2025-06-23 17:21:48,125 [INFO] Fetching units for 1305638DE9010S (3455/5131)
2025-06-23 17:22:04,229 [INFO] Fetching units for 1305639DE9010S (3456/5131)
2025-06-23 17:22:20,387 [INFO] Fetching units for 1305640DE9010S (3457/5131)
2025-06-23 17:22:36,470 [INFO] Fetching units for 1305641DE9010S (3458/5131)
2025-06-23 17:22:52,726 [INFO] Fetching units for 1305642DE9010S (3459/5131)
2025-06-23 17:23:08,925 [INFO] Fetching units for 1305643DE9010S (3460/5131)
2025-06-23 17:23:25,011 [INFO] Fetching units for 1305644DE9010S (3461/5131)
2025-06-23 17:23:40,974 [INFO] Fetching units for 1305645DE9010N (3462/5131)
2025-06-23 17:23:57,142 [INFO] Fetching units for 1305646DE9010N (3463/5131)
2025-06-23 17:24:13,383 [INFO] Inserted 10 unit records.
2025-06-23 17:24:13,383 [INFO] Fetching units for 1305647DE9010N (3464/5131)
2025-06-23 17:24:29,404 [INFO] Fetching units for 1305648DE9010N (3465/5131)
2025-06-23 17:24:45,402 [INFO] Fetching units for 1305649DE9010N (3466/5131)
2025-06-23 17:25:01,654 [INFO] Fetching units for 1305650DE9010S (3467/5131)
2025-06-23 17:25:17,739 [INFO] Fetching units for 1305652DE9010S (3468/5131)
2025-06-23 17:25:33,816 [INFO] Fetching units for 1305653DE9010S (3469/5131)
2025-06-23 17:25:50,020 [INFO] Inserted 10 unit records.
2025-06-23 17:25:50,020 [INFO] Fetching units for 1305654DE9010S (3470/5131)
2025-06-23 17:26:06,470 [INFO] Fetching units for 1305655DE9010S (3471/5131)
2025-06-23 17:26:22,667 [INFO] Fetching units for 1305656DE9010S (3472/5131)
2025-06-23 17:26:38,852 [INFO] Fetching units for 1305657DE9010S (3473/5131)
2025-06-23 17:26:55,109 [INFO] Fetching units for 1305658DE9010S (3474/5131)
2025-06-23 17:27:11,498 [INFO] Fetching units for 1305659DE9010S (3475/5131)
2025-06-23 17:27:27,679 [INFO] Fetching units for 1305660DE9010S (3476/5131)
2025-06-23 17:27:43,755 [INFO] Fetching units for 1305661DE9010S (3477/5131)
2025-06-23 17:27:59,693 [INFO] Fetching units for 1305662DE9010S (3478/5131)
2025-06-23 17:28:15,758 [INFO] Inserted 12 unit records.
2025-06-23 17:28:15,758 [INFO] Fetching units for 1305663DE9010S (3479/5131)
2025-06-23 17:28:31,816 [INFO] Fetching units for 1305664DE9010S (3480/5131)
2025-06-23 17:32:24,987 [INFO] Fetching units for 1305665DE9010S (3481/5131)
2025-06-23 17:32:41,137 [INFO] Fetching units for 1305666DE9010N (3482/5131)
2025-06-23 17:32:57,421 [INFO] Fetching units for 1305672DE9010N (3483/5131)
2025-06-23 17:33:13,384 [INFO] Fetching units for 1400600DE0090C (3484/5131)
2025-06-23 17:33:32,776 [INFO] Inserted 10 unit records.
2025-06-23 17:33:32,777 [INFO] Fetching units for 1400601DE0090C (3485/5131)
2025-06-23 17:33:52,295 [INFO] Fetching units for 1401300DE0090C (3486/5131)
2025-06-23 17:34:08,371 [INFO] Fetching units for 1401400DE0090C (3487/5131)
2025-06-23 17:34:24,458 [INFO] Fetching units for 1401500DE0090C (3488/5131)
2025-06-23 17:34:40,632 [INFO] Fetching units for 1401600DE0090C (3489/5131)
2025-06-23 17:34:57,020 [INFO] Fetching units for 1401703DE0090C (3490/5131)
2025-06-23 17:35:13,107 [INFO] Fetching units for 1401800DE0090C (3491/5131)
2025-06-23 17:35:29,125 [INFO] Inserted 11 unit records.
2025-06-23 17:35:29,126 [INFO] Fetching units for 1401900DE0090C (3492/5131)
2025-06-23 17:35:45,144 [INFO] Fetching units for 1402000DE0090C (3493/5131)
2025-06-23 17:36:01,418 [INFO] Fetching units for 1402100DE0090C (3494/5131)
2025-06-23 17:36:17,407 [INFO] Fetching units for 1402200DE0090C (3495/5131)
2025-06-23 17:36:33,413 [INFO] Fetching units for 1404201DE9010S (3496/5131)
2025-06-23 17:36:49,559 [INFO] Fetching units for 1404202DE9010S (3497/5131)
2025-06-23 17:37:06,142 [INFO] Fetching units for 1404203DE9010S (3498/5131)
2025-06-23 17:37:22,439 [INFO] Inserted 10 unit records.
2025-06-23 17:37:22,439 [INFO] Fetching units for 1404204DE9010S (3499/5131)
2025-06-23 17:37:38,606 [INFO] Fetching units for 1404205DE9010S (3500/5131)
2025-06-23 17:37:58,569 [INFO] Fetching units for 1404206DE9010S (3501/5131)
2025-06-23 17:38:14,949 [INFO] Fetching units for 1404207DE9010S (3502/5131)
2025-06-23 17:38:31,033 [INFO] Fetching units for 1404208DE9010S (3503/5131)
2025-06-23 17:38:49,063 [INFO] Fetching units for 1404209DE9010S (3504/5131)
2025-06-23 17:39:05,122 [INFO] Fetching units for 1404210DE9010S (3505/5131)
2025-06-23 17:39:21,405 [INFO] Fetching units for 1404211DE9010S (3506/5131)
2025-06-23 17:39:37,493 [INFO] Fetching units for 1404212DE9010S (3507/5131)
2025-06-23 17:39:53,672 [INFO] Fetching units for 1404213DE9010S (3508/5131)
2025-06-23 17:40:09,781 [INFO] Inserted 10 unit records.
2025-06-23 17:40:09,782 [INFO] Fetching units for 1404214DE9010S (3509/5131)
2025-06-23 17:40:25,923 [INFO] Fetching units for 1404215DE9010S (3510/5131)
2025-06-23 17:40:42,095 [INFO] Fetching units for 1404216DE9010S (3511/5131)
2025-06-23 17:40:58,277 [INFO] Fetching units for 1408503DE9010N (3512/5131)
2025-06-23 17:41:14,273 [INFO] Fetching units for 1408504DE9010N (3513/5131)
2025-06-23 17:41:30,737 [INFO] Fetching units for 1408505DE9010N (3514/5131)
2025-06-23 17:41:47,022 [INFO] Fetching units for 1408506DE9010N (3515/5131)
2025-06-23 17:42:03,301 [INFO] Fetching units for 1408507DE9010N (3516/5131)
2025-06-23 17:42:19,412 [INFO] Inserted 10 unit records.
2025-06-23 17:42:19,412 [INFO] Fetching units for 1408508DE9010N (3517/5131)
2025-06-23 17:42:36,549 [INFO] Fetching units for 1408509DE9010N (3518/5131)
2025-06-23 17:42:52,857 [INFO] Fetching units for 1408510DE9010N (3519/5131)
2025-06-23 17:43:08,837 [INFO] Fetching units for 1408511DE9010N (3520/5131)
2025-06-23 17:43:25,176 [INFO] Fetching units for 1408512DE9010N (3521/5131)
2025-06-23 17:43:41,363 [INFO] Fetching units for 1408513DE9010N (3522/5131)
2025-06-23 17:43:57,588 [INFO] Fetching units for 1408514DE9010N (3523/5131)
2025-06-23 17:44:15,210 [INFO] Fetching units for 1408515DE9010N (3524/5131)
2025-06-23 17:44:31,262 [INFO] Fetching units for 1408516DE9010N (3525/5131)
2025-06-23 17:44:47,752 [INFO] Fetching units for 1408517DE9010N (3526/5131)
2025-06-23 17:45:03,757 [INFO] Inserted 12 unit records.
2025-06-23 17:45:03,757 [INFO] Fetching units for 1408701DE9010N (3527/5131)
2025-06-23 17:45:20,129 [INFO] Fetching units for 1408702DE9010N (3528/5131)
2025-06-23 17:45:36,284 [INFO] Fetching units for 1408703DE9010N (3529/5131)
2025-06-23 17:45:52,392 [INFO] Fetching units for 1408704DE9010N (3530/5131)
2025-06-23 17:46:08,458 [INFO] Fetching units for 1408707DE9010N (3531/5131)
2025-06-23 17:46:24,638 [INFO] Fetching units for 1408710DE9010N (3532/5131)
2025-06-23 17:46:41,124 [INFO] Fetching units for 1408711DE9010N (3533/5131)
2025-06-23 17:46:57,605 [INFO] Fetching units for 1408712DE9010N (3534/5131)
2025-06-23 17:47:13,563 [INFO] Inserted 11 unit records.
2025-06-23 17:47:13,563 [INFO] Fetching units for 1408713DE9010N (3535/5131)
2025-06-23 17:47:29,759 [INFO] Fetching units for 1408714DE9010N (3536/5131)
2025-06-23 17:47:45,832 [INFO] Fetching units for 1408715DE9010N (3537/5131)
2025-06-23 17:48:02,123 [INFO] Fetching units for 1408716DE9010N (3538/5131)
2025-06-23 17:48:18,298 [INFO] Fetching units for 1408717DE9010N (3539/5131)
2025-06-23 17:48:34,375 [INFO] Fetching units for 1408718DE9010N (3540/5131)
2025-06-23 17:48:50,475 [INFO] Fetching units for 1408719DE9010N (3541/5131)
2025-06-23 17:49:06,831 [INFO] Fetching units for 1408720DE9010N (3542/5131)
2025-06-23 17:49:22,944 [INFO] Inserted 20 unit records.
2025-06-23 17:49:22,947 [INFO] Fetching units for 1408721DE9010N (3543/5131)
2025-06-23 17:49:39,080 [INFO] Fetching units for 1408722DE9010N (3544/5131)
2025-06-23 17:49:59,167 [INFO] Fetching units for 1408723DE9010N (3545/5131)
2025-06-23 17:50:15,434 [INFO] Fetching units for 1408724DE9010N (3546/5131)
2025-06-23 17:50:31,619 [INFO] Fetching units for 1408725DE9010N (3547/5131)
2025-06-23 17:50:47,708 [INFO] Fetching units for 1408726DE9010N (3548/5131)
2025-06-23 17:51:03,871 [INFO] Fetching units for 1408730DE9010N (3549/5131)
2025-06-23 17:51:20,155 [INFO] Fetching units for 1408731DE9010N (3550/5131)
2025-06-23 17:51:36,399 [INFO] Inserted 13 unit records.
2025-06-23 17:51:36,399 [INFO] Fetching units for 1408732DE9010N (3551/5131)
2025-06-23 17:51:52,720 [INFO] Fetching units for 1408733DE9010N (3552/5131)
2025-06-23 17:52:08,896 [INFO] Fetching units for 1410201DE9011S (3553/5131)
2025-06-23 17:52:25,382 [INFO] Fetching units for 1410202DE9010N (3554/5131)
2025-06-23 17:52:41,467 [INFO] Fetching units for 1410203DE9010N (3555/5131)
2025-06-23 17:52:57,468 [INFO] Fetching units for 1426401DE9012N (3556/5131)
2025-06-23 17:53:13,513 [INFO] Fetching units for 1426402DE9012N (3557/5131)
2025-06-23 17:53:29,587 [INFO] Fetching units for 1426403DE9012N (3558/5131)
2025-06-23 17:53:45,695 [INFO] Inserted 10 unit records.
2025-06-23 17:53:45,696 [INFO] Fetching units for 1426404DE9012N (3559/5131)
2025-06-23 17:54:05,833 [INFO] Fetching units for 1426405DE9012N (3560/5131)
2025-06-23 17:54:22,132 [INFO] Fetching units for 1426406DE9012N (3561/5131)
2025-06-23 17:54:38,517 [INFO] Fetching units for 1426407DE9012N (3562/5131)
2025-06-23 17:54:54,780 [INFO] Fetching units for 1426408DE9012N (3563/5131)
2025-06-23 17:55:10,971 [INFO] Fetching units for 1426409DE9012N (3564/5131)
2025-06-23 17:55:27,141 [INFO] Fetching units for 1426410DE9012N (3565/5131)
2025-06-23 17:55:43,150 [INFO] Fetching units for 1426601DE9012N (3566/5131)
2025-06-23 17:55:59,203 [INFO] Fetching units for 1426602DE9012N (3567/5131)
2025-06-23 17:56:15,292 [INFO] Inserted 10 unit records.
2025-06-23 17:56:15,292 [INFO] Fetching units for 1426603DE9012N (3568/5131)
2025-06-23 17:56:31,449 [INFO] Fetching units for 1426604DE9012N (3569/5131)
2025-06-23 17:56:48,247 [INFO] Fetching units for 1426605DE9012N (3570/5131)
2025-06-23 17:57:04,335 [INFO] Fetching units for 1426606DE9012N (3571/5131)
2025-06-23 17:57:20,394 [INFO] Fetching units for 1426607DE9012N (3572/5131)
2025-06-23 17:57:36,481 [INFO] Fetching units for 1426608DE9012N (3573/5131)
2025-06-23 17:57:52,866 [INFO] Fetching units for 1426609DE9012N (3574/5131)
2025-06-23 17:58:08,725 [INFO] Fetching units for 1426610DE9012N (3575/5131)
2025-06-23 17:58:24,910 [INFO] Fetching units for 1426611DE9012N (3576/5131)
2025-06-23 17:58:41,115 [INFO] Inserted 10 unit records.
2025-06-23 17:58:41,115 [INFO] Fetching units for 1426612DE9012N (3577/5131)
2025-06-23 17:58:57,474 [INFO] Fetching units for 1426613DE9012N (3578/5131)
2025-06-23 17:59:13,475 [INFO] Fetching units for 1426614DE9012N (3579/5131)
2025-06-23 17:59:29,759 [INFO] Inserted 12 unit records.
2025-06-23 17:59:29,759 [INFO] Fetching units for 1426615DE9012N (3580/5131)
2025-06-23 17:59:46,023 [INFO] Fetching units for 1426616DE9012N (3581/5131)
2025-06-23 18:00:02,503 [INFO] Fetching units for 1426617DE9012N (3582/5131)
2025-06-23 18:00:18,987 [INFO] Fetching units for 1426618DE9012N (3583/5131)
2025-06-23 18:00:35,271 [INFO] Fetching units for 1426619DE9012N (3584/5131)
2025-06-23 18:00:51,505 [INFO] Fetching units for 1427101DE9012N (3585/5131)
2025-06-23 18:01:07,766 [INFO] Fetching units for 1427102DE9012N (3586/5131)
2025-06-23 18:01:23,115 [ERROR] Failed to fetch units for 1427102DE9012N: HTTPSConnectionPool(host='ovc.catastro.meh.es', port=443): Read timed out. (read timeout=15)
2025-06-23 18:01:45,426 [INFO] Inserted 10 unit records.
2025-06-23 18:01:45,439 [INFO] Fetching units for 1427103DE9012N (3587/5131)
2025-06-23 18:02:01,388 [INFO] Fetching units for 1427104DE9012N (3588/5131)
2025-06-23 18:02:19,022 [INFO] Fetching units for 1504701DE9010S (3589/5131)
2025-06-23 18:02:35,391 [INFO] Fetching units for 1504801DE9010N (3590/5131)
2025-06-23 18:02:50,413 [ERROR] Failed to fetch units for 1504801DE9010N: HTTPSConnectionPool(host='ovc.catastro.meh.es', port=443): Max retries exceeded with url: /OVCServWeb/OVCWcfCallejero/COVCCallejero.svc/json/Consulta_DNPRC?RefCat=1504801DE9010N (Caused by ConnectTimeoutError(<urllib3.connection.HTTPSConnection object at 0x0000025FC2593100>, 'Connection to ovc.catastro.meh.es timed out. (connect timeout=15)'))
2025-06-23 18:03:11,938 [INFO] Fetching units for 1504802DE9010N (3591/5131)
2025-06-23 18:03:28,526 [INFO] Fetching units for 1504803DE9010N (3592/5131)
2025-06-23 18:03:44,714 [INFO] Fetching units for 1504804DE9010N (3593/5131)
2025-06-23 18:04:00,791 [INFO] Fetching units for 1504805DE9010N (3594/5131)
2025-06-23 18:04:16,999 [INFO] Fetching units for 1504806DE9010N (3595/5131)
2025-06-23 18:04:33,426 [INFO] Inserted 10 unit records.
2025-06-23 18:04:33,426 [INFO] Fetching units for 1504807DE9010N (3596/5131)
2025-06-23 18:04:49,622 [INFO] Fetching units for 1504808DE9010N (3597/5131)
2025-06-23 18:05:05,916 [INFO] Fetching units for 1504809DE9010N (3598/5131)
2025-06-23 18:05:22,203 [INFO] Fetching units for 1504810DE9010N (3599/5131)
2025-06-23 18:05:38,574 [INFO] Fetching units for 1504811DE9010S (3600/5131)
2025-06-23 18:05:54,549 [INFO] Fetching units for 1504812DE9010S (3601/5131)
2025-06-23 18:06:10,637 [INFO] Fetching units for 1504813DE9010S (3602/5131)
2025-06-23 18:06:26,806 [INFO] Fetching units for 1504814DE9010S (3603/5131)
2025-06-23 18:06:42,998 [INFO] Fetching units for 1504815DE9010S (3604/5131)
2025-06-23 18:07:05,953 [INFO] Inserted 10 unit records.
2025-06-23 18:07:05,953 [INFO] Fetching units for 1504816DE9010S (3605/5131)
2025-06-23 18:07:22,213 [INFO] Fetching units for 1504817DE9010S (3606/5131)
2025-06-23 18:07:39,514 [INFO] Fetching units for 1504818DE9010S (3607/5131)
2025-06-23 18:07:56,102 [INFO] Fetching units for 1504819DE9010S (3608/5131)
2025-06-23 18:08:12,274 [INFO] Fetching units for 1504820DE9010S (3609/5131)
2025-06-23 18:08:28,410 [INFO] Fetching units for 1504821DE9010S (3610/5131)
2025-06-23 18:08:44,637 [INFO] Fetching units for 1504822DE9010S (3611/5131)
2025-06-23 18:09:00,824 [INFO] Fetching units for 1504823DE9010S (3612/5131)
2025-06-23 18:09:17,004 [INFO] Fetching units for 1504824DE9010S (3613/5131)
2025-06-23 18:09:33,206 [INFO] Inserted 10 unit records.
2025-06-23 18:09:33,206 [INFO] Fetching units for 1504825DE9010S (3614/5131)
2025-06-23 18:09:49,359 [INFO] Fetching units for 1504826DE9010S (3615/5131)
2025-06-23 18:10:05,739 [INFO] Fetching units for 1504827DE9010N (3616/5131)
2025-06-23 18:10:21,794 [INFO] Fetching units for 1504828DE9010N (3617/5131)
2025-06-23 18:10:38,303 [INFO] Fetching units for 1504829DE9010N (3618/5131)
2025-06-23 18:10:54,484 [INFO] Fetching units for 1504830DE9010N (3619/5131)
2025-06-23 18:11:11,175 [INFO] Fetching units for 1504831DE9010N (3620/5131)
2025-06-23 18:11:27,354 [INFO] Fetching units for 1504832DE9010N (3621/5131)
2025-06-23 18:11:43,732 [INFO] Fetching units for 1504833DE9010N (3622/5131)
2025-06-23 18:12:00,061 [INFO] Inserted 13 unit records.
2025-06-23 18:12:00,065 [INFO] Fetching units for 1504834DE9010N (3623/5131)
2025-06-23 18:12:17,117 [INFO] Fetching units for 1504835DE9010N (3624/5131)
2025-06-23 18:12:33,291 [INFO] Fetching units for 1504836DE9010S (3625/5131)
2025-06-23 18:12:49,295 [INFO] Fetching units for 1505201DE9010N (3626/5131)
2025-06-23 18:13:07,880 [INFO] Fetching units for 1505202DE9010N (3627/5131)
2025-06-23 18:13:24,221 [INFO] Fetching units for 1505203DE9010N (3628/5131)
2025-06-23 18:15:17,040 [INFO] Fetching units for 1505204DE9010N (3629/5131)
2025-06-23 18:15:33,228 [INFO] Fetching units for 1505205DE9010N (3630/5131)
2025-06-23 18:15:49,436 [INFO] Fetching units for 1505206DE9010N (3631/5131)
2025-06-23 18:16:04,443 [ERROR] Failed to fetch units for 1505206DE9010N: HTTPSConnectionPool(host='ovc.catastro.meh.es', port=443): Max retries exceeded with url: /OVCServWeb/OVCWcfCallejero/COVCCallejero.svc/json/Consulta_DNPRC?RefCat=1505206DE9010N (Caused by ConnectTimeoutError(<urllib3.connection.HTTPSConnection object at 0x0000025FC25DF7F0>, 'Connection to ovc.catastro.meh.es timed out. (connect timeout=15)'))
2025-06-23 18:16:24,448 [ERROR] Failed to fetch units for 1505206DE9010N: HTTPSConnectionPool(host='ovc.catastro.meh.es', port=443): Max retries exceeded with url: /OVCServWeb/OVCWcfCallejero/COVCCallejero.svc/json/Consulta_DNPRC?RefCat=1505206DE9010N (Caused by ConnectTimeoutError(<urllib3.connection.HTTPSConnection object at 0x0000025FC25DE1A0>, 'Connection to ovc.catastro.meh.es timed out. (connect timeout=15)'))
2025-06-23 18:17:00,389 [INFO] Inserted 11 unit records.
2025-06-23 18:17:00,394 [INFO] Fetching units for 1505207DE9010N (3632/5131)
2025-06-23 18:17:16,840 [INFO] Fetching units for 1505208DE9010N (3633/5131)
2025-06-23 18:17:36,917 [INFO] Fetching units for 1505209DE9010N (3634/5131)
2025-06-23 18:17:53,510 [INFO] Fetching units for 1505210DE9010N (3635/5131)
2025-06-23 18:18:09,989 [INFO] Fetching units for 1505211DE9010N (3636/5131)
2025-06-23 18:18:26,370 [INFO] Fetching units for 1505212DE9010S (3637/5131)
2025-06-23 18:18:49,441 [INFO] Inserted 15 unit records.
2025-06-23 18:18:49,441 [INFO] Fetching units for 1505213DE9010S (3638/5131)
2025-06-23 18:19:05,711 [INFO] Fetching units for 1505214DE9010S (3639/5131)
2025-06-23 18:19:22,181 [INFO] Fetching units for 1505215DE9010S (3640/5131)
2025-06-23 18:19:38,175 [INFO] Fetching units for 1505216DE9010S (3641/5131)
2025-06-23 18:19:54,347 [INFO] Fetching units for 1505218DE9010S (3642/5131)
2025-06-23 18:20:10,693 [INFO] Fetching units for 1505219DE9010S (3643/5131)
2025-06-23 18:20:26,853 [INFO] Fetching units for 1505220DE9010N (3644/5131)
2025-06-23 18:20:42,998 [INFO] Inserted 10 unit records.
2025-06-23 18:20:42,998 [INFO] Fetching units for 1505221DE9010N (3645/5131)
2025-06-23 18:20:59,058 [INFO] Fetching units for 1505222DE9010N (3646/5131)
2025-06-23 18:21:15,236 [INFO] Fetching units for 1505223DE9010N (3647/5131)
2025-06-23 18:21:35,306 [INFO] Fetching units for 1505224DE9010N (3648/5131)
2025-06-23 18:21:51,584 [INFO] Fetching units for 1505225DE9010N (3649/5131)
2025-06-23 18:22:07,767 [INFO] Fetching units for 1505226DE9010N (3650/5131)
2025-06-23 18:22:23,710 [INFO] Fetching units for 1505227DE9010N (3651/5131)
2025-06-23 18:22:39,614 [INFO] Fetching units for 1505228DE9010N (3652/5131)
2025-06-23 18:22:55,536 [INFO] Fetching units for 1505229DE9010N (3653/5131)
2025-06-23 18:23:11,374 [INFO] Fetching units for 1505230DE9010N (3654/5131)
2025-06-23 18:23:27,378 [INFO] Inserted 10 unit records.
2025-06-23 18:23:27,378 [INFO] Fetching units for 1505231DE9010N (3655/5131)
2025-06-23 18:23:43,249 [INFO] Fetching units for 1505232DE9010N (3656/5131)
2025-06-23 18:23:59,784 [INFO] Fetching units for 1505233DE9010N (3657/5131)
2025-06-23 18:24:15,622 [INFO] Fetching units for 1505234DE9010N (3658/5131)
2025-06-23 18:24:31,624 [INFO] Fetching units for 1505235DE9010S (3659/5131)
2025-06-23 18:24:47,576 [INFO] Fetching units for 1505236DE9010N (3660/5131)
2025-06-23 18:25:03,491 [INFO] Inserted 18 unit records.
2025-06-23 18:25:03,491 [INFO] Fetching units for 1505236DE9010S (3661/5131)
2025-06-23 18:25:19,886 [INFO] Fetching units for 1505237DE9010N (3662/5131)
2025-06-23 18:25:35,796 [INFO] Fetching units for 1505238DE9010N (3663/5131)
2025-06-23 18:25:51,757 [INFO] Fetching units for 1505239DE9010N (3664/5131)
2025-06-23 18:26:07,628 [INFO] Fetching units for 1506301DE9010N (3665/5131)
2025-06-23 18:26:23,932 [INFO] Fetching units for 1506302DE9010N (3666/5131)
2025-06-23 18:26:39,952 [INFO] Fetching units for 1506303DE9010N (3667/5131)
2025-06-23 18:26:55,772 [INFO] Fetching units for 1506304DE9010N (3668/5131)
2025-06-23 18:27:11,575 [INFO] Fetching units for 1506305DE9010N (3669/5131)
2025-06-23 18:27:28,264 [INFO] Fetching units for 1506306DE9010N (3670/5131)
2025-06-23 18:27:44,244 [INFO] Inserted 21 unit records.
2025-06-23 18:27:44,244 [INFO] Fetching units for 1506307DE9010N (3671/5131)
2025-06-23 18:28:00,003 [INFO] Fetching units for 1506308DE9010N (3672/5131)
2025-06-23 18:28:15,805 [INFO] Fetching units for 1506309DE9010N (3673/5131)
2025-06-23 18:28:31,577 [INFO] Fetching units for 1506310DE9010N (3674/5131)
2025-06-23 18:28:47,645 [INFO] Fetching units for 1506311DE9010N (3675/5131)
2025-06-23 18:29:03,529 [INFO] Fetching units for 1506313DE9010N (3676/5131)
2025-06-23 18:29:19,338 [INFO] Inserted 14 unit records.
2025-06-23 18:29:19,338 [INFO] Fetching units for 1506314DE9010N (3677/5131)
2025-06-23 18:29:44,698 [INFO] Fetching units for 1506315DE9010N (3678/5131)
2025-06-23 18:30:00,621 [INFO] Fetching units for 1506316DE9010N (3679/5131)
2025-06-23 18:30:16,508 [INFO] Fetching units for 1506317DE9010N (3680/5131)
2025-06-23 18:30:32,360 [INFO] Fetching units for 1506318DE9010N (3681/5131)
2025-06-23 18:30:48,315 [INFO] Fetching units for 1506319DE9010N (3682/5131)
2025-06-23 18:31:04,268 [INFO] Fetching units for 1506320DE9010N (3683/5131)
2025-06-23 18:31:20,105 [INFO] Fetching units for 1506321DE9010N (3684/5131)
2025-06-23 18:31:35,977 [INFO] Inserted 10 unit records.
2025-06-23 18:31:35,977 [INFO] Fetching units for 1506322DE9010N (3685/5131)
2025-06-23 18:31:58,243 [INFO] Fetching units for 1506323DE9010N (3686/5131)
2025-06-23 18:32:22,688 [INFO] Fetching units for 1506324DE9010N (3687/5131)
2025-06-23 18:32:38,522 [INFO] Fetching units for 1506325DE9010N (3688/5131)
2025-06-23 18:32:54,293 [INFO] Fetching units for 1506326DE9010N (3689/5131)
2025-06-23 18:33:10,272 [INFO] Fetching units for 1506327DE9010N (3690/5131)
2025-06-23 18:33:26,201 [INFO] Fetching units for 1506328DE9010N (3691/5131)
2025-06-23 18:33:42,020 [INFO] Fetching units for 1506329DE9010N (3692/5131)
2025-06-23 18:33:57,904 [INFO] Inserted 10 unit records.
2025-06-23 18:33:57,904 [INFO] Fetching units for 1506330DE9010N (3693/5131)
2025-06-23 18:34:13,878 [INFO] Fetching units for 1506331DE9010N (3694/5131)
2025-06-23 18:34:29,899 [INFO] Fetching units for 1506332DE9010N (3695/5131)
2025-06-23 18:34:45,769 [INFO] Fetching units for 1506333DE9010N (3696/5131)
2025-06-23 18:35:01,505 [INFO] Fetching units for 1506334DE9010N (3697/5131)
2025-06-23 18:35:17,343 [INFO] Fetching units for 1506335DE9010N (3698/5131)
2025-06-23 18:35:33,265 [INFO] Fetching units for 1506336DE9010N (3699/5131)
2025-06-23 18:35:49,050 [INFO] Fetching units for 1506337DE9010N (3700/5131)
2025-06-23 18:36:04,798 [INFO] Inserted 10 unit records.
2025-06-23 18:36:04,799 [INFO] Fetching units for 1506338DE9010N (3701/5131)
2025-06-23 18:36:20,624 [INFO] Fetching units for 1506339DE9010N (3702/5131)
2025-06-23 18:36:36,528 [INFO] Fetching units for 1506340DE9010N (3703/5131)
2025-06-23 18:36:52,349 [INFO] Fetching units for 1506341DE9010N (3704/5131)
2025-06-23 18:37:08,169 [INFO] Fetching units for 1506342DE9010N (3705/5131)
2025-06-23 18:37:23,916 [INFO] Inserted 11 unit records.
2025-06-23 18:37:23,916 [INFO] Fetching units for 1506343DE9010N (3706/5131)
2025-06-23 18:37:39,878 [INFO] Fetching units for 1506345DE9010N (3707/5131)
2025-06-23 18:37:55,805 [INFO] Fetching units for 1506346DE9010N (3708/5131)
2025-06-23 18:38:15,317 [INFO] Fetching units for 1508401DE9010N (3709/5131)
2025-06-23 18:38:31,222 [INFO] Fetching units for 1508402DE9010N (3710/5131)
2025-06-23 18:38:47,089 [INFO] Fetching units for 1508403DE9010N (3711/5131)
2025-06-23 18:39:02,975 [INFO] Fetching units for 1508404DE9010N (3712/5131)
2025-06-23 18:39:18,878 [INFO] Inserted 10 unit records.
2025-06-23 18:39:18,879 [INFO] Fetching units for 1508405DE9010N (3713/5131)
2025-06-23 18:39:34,734 [INFO] Fetching units for 1508408DE9010N (3714/5131)
2025-06-23 18:39:50,719 [INFO] Fetching units for 1508409DE9010N (3715/5131)
2025-06-23 18:40:06,739 [INFO] Fetching units for 1508411DE9010N (3716/5131)
2025-06-23 18:40:22,575 [INFO] Fetching units for 1508412DE9010N (3717/5131)
2025-06-23 18:40:38,379 [INFO] Fetching units for 1508413DE9010N (3718/5131)
2025-06-23 18:40:54,399 [INFO] Fetching units for 1508414DE9010N (3719/5131)
2025-06-23 18:41:10,303 [INFO] Fetching units for 1508417DE9010N (3720/5131)
2025-06-23 18:41:26,273 [INFO] Fetching units for 1508418DE9010N (3721/5131)
2025-06-23 18:41:45,709 [INFO] Inserted 10 unit records.
2025-06-23 18:41:45,709 [INFO] Fetching units for 1508419DE9010N (3722/5131)
2025-06-23 18:42:01,717 [INFO] Inserted 14 unit records.
2025-06-23 18:42:01,717 [INFO] Fetching units for 1508420DE9010N (3723/5131)
2025-06-23 18:42:17,648 [INFO] Fetching units for 1508801DE9010N (3724/5131)
2025-06-23 18:42:33,619 [INFO] Fetching units for 1508802DE9010N (3725/5131)
2025-06-23 18:42:49,590 [INFO] Fetching units for 1508803DE9010N (3726/5131)
2025-06-23 18:43:05,612 [INFO] Fetching units for 1508804DE9010N (3727/5131)
2025-06-23 18:43:21,462 [INFO] Fetching units for 1508805DE9010N (3728/5131)
2025-06-23 18:43:37,415 [INFO] Fetching units for 1508806DE9010N (3729/5131)
2025-06-23 18:43:53,287 [INFO] Fetching units for 1508807DE9010N (3730/5131)
2025-06-23 18:44:09,709 [INFO] Inserted 11 unit records.
2025-06-23 18:44:09,710 [INFO] Fetching units for 1508808DE9010N (3731/5131)
2025-06-23 18:44:25,494 [INFO] Fetching units for 1508809DE9010N (3732/5131)
2025-06-23 18:44:41,465 [INFO] Fetching units for 1508810DE9010N (3733/5131)
2025-06-23 18:44:57,413 [INFO] Fetching units for 1508811DE9010N (3734/5131)
2025-06-23 18:45:13,335 [INFO] Fetching units for 1508812DE9010N (3735/5131)
2025-06-23 18:45:29,291 [INFO] Fetching units for 1508813DE9010N (3736/5131)
2025-06-23 18:45:45,094 [INFO] Fetching units for 1508814DE9010N (3737/5131)
2025-06-23 18:46:01,063 [INFO] Inserted 10 unit records.
2025-06-23 18:46:01,063 [INFO] Fetching units for 1525301DE9012N (3738/5131)
2025-06-23 18:46:17,152 [INFO] Fetching units for 1525302DE9012N (3739/5131)
2025-06-23 18:46:33,069 [INFO] Fetching units for 1525303DE9012N (3740/5131)
2025-06-23 18:46:49,108 [INFO] Fetching units for 1525304DE9012N (3741/5131)
2025-06-23 18:47:05,055 [INFO] Fetching units for 1525305DE9012N (3742/5131)
2025-06-23 18:47:21,032 [INFO] Fetching units for 1525306DE9012N (3743/5131)
2025-06-23 18:47:36,985 [INFO] Fetching units for 1525307DE9012N (3744/5131)
2025-06-23 18:47:52,938 [INFO] Fetching units for 1525309DE9012N (3745/5131)
2025-06-23 18:48:08,786 [INFO] Inserted 10 unit records.
2025-06-23 18:48:08,786 [INFO] Fetching units for 1525310DE9012N (3746/5131)
2025-06-23 18:48:24,964 [INFO] Fetching units for 1525311DE9012N (3747/5131)
2025-06-23 18:48:40,971 [INFO] Fetching units for 1525312DE9012N (3748/5131)
2025-06-23 18:48:56,972 [INFO] Fetching units for 1525313DE9012N (3749/5131)
2025-06-23 18:49:12,906 [INFO] Fetching units for 1525314DE9012N (3750/5131)
2025-06-23 18:49:29,044 [INFO] Fetching units for 1525315DE9012N (3751/5131)
2025-06-23 18:49:45,031 [INFO] Fetching units for 1525316DE9012N (3752/5131)
2025-06-23 18:50:00,916 [INFO] Fetching units for 1525317DE9012N (3753/5131)
2025-06-23 18:50:16,720 [INFO] Fetching units for 1525318DE9012N (3754/5131)
2025-06-23 18:50:32,724 [INFO] Fetching units for 1525319DE9012N (3755/5131)
2025-06-23 18:50:48,505 [INFO] Inserted 10 unit records.
2025-06-23 18:50:48,505 [INFO] Fetching units for 1525320DE9012N (3756/5131)
2025-06-23 18:51:04,483 [INFO] Fetching units for 1525321DE9012N (3757/5131)
2025-06-23 18:51:20,400 [INFO] Fetching units for 1525322DE9012N (3758/5131)
2025-06-23 18:51:36,605 [INFO] Fetching units for 1525323DE9012N (3759/5131)
2025-06-23 18:51:52,605 [INFO] Fetching units for 1525324DE9012S (3760/5131)
2025-06-23 18:52:08,679 [INFO] Fetching units for 1525325DE9012N (3761/5131)
2025-06-23 18:52:24,630 [INFO] Fetching units for 1525326DE9012N (3762/5131)
2025-06-23 18:52:40,603 [INFO] Fetching units for 1525327DE9012N (3763/5131)
2025-06-23 18:52:56,531 [INFO] Inserted 10 unit records.
2025-06-23 18:52:56,531 [INFO] Fetching units for 1525328DE9012N (3764/5131)
2025-06-23 18:53:12,309 [INFO] Fetching units for 1525329DE9012S (3765/5131)
2025-06-23 18:53:28,130 [INFO] Fetching units for 1525330DE9012S (3766/5131)
2025-06-23 18:53:44,036 [INFO] Fetching units for 1525331DE9012S (3767/5131)
2025-06-23 18:53:59,790 [INFO] Fetching units for 1525332DE9012S (3768/5131)
2025-06-23 18:54:15,689 [INFO] Fetching units for 1525333DE9012S (3769/5131)
2025-06-23 18:54:31,513 [INFO] Fetching units for 1525334DE9012S (3770/5131)
2025-06-23 18:54:47,657 [INFO] Inserted 10 unit records.
2025-06-23 18:54:47,657 [INFO] Fetching units for 1525335DE9012S (3771/5131)
2025-06-23 18:55:03,518 [INFO] Fetching units for 1525336DE9012S (3772/5131)
2025-06-23 18:55:19,371 [INFO] Fetching units for 1525337DE9012N (3773/5131)
2025-06-23 18:55:35,292 [INFO] Fetching units for 1525338DE9012S (3774/5131)
2025-06-23 18:55:51,385 [INFO] Fetching units for 1526101DE9012N (3775/5131)
2025-06-23 18:56:07,480 [INFO] Fetching units for 1526102DE9012N (3776/5131)
2025-06-23 18:56:23,370 [INFO] Fetching units for 1526103DE9012N (3777/5131)
2025-06-23 18:56:39,254 [INFO] Fetching units for 1526104DE9012N (3778/5131)
2025-06-23 18:56:55,281 [INFO] Fetching units for 1526105DE9012N (3779/5131)
2025-06-23 18:57:11,280 [INFO] Fetching units for 1526106DE9012N (3780/5131)
2025-06-23 18:57:27,142 [INFO] Inserted 10 unit records.
2025-06-23 18:57:27,142 [INFO] Fetching units for 1526107DE9012N (3781/5131)
2025-06-23 18:57:43,053 [INFO] Fetching units for 1526108DE9012N (3782/5131)
2025-06-23 18:57:59,007 [INFO] Fetching units for 1526109DE9012N (3783/5131)
2025-06-23 18:58:14,911 [INFO] Fetching units for 1526110DE9012N (3784/5131)
2025-06-23 18:58:30,747 [INFO] Fetching units for 1526111DE9012N (3785/5131)
2025-06-23 18:58:46,529 [INFO] Fetching units for 1526112DE9012N (3786/5131)
2025-06-23 18:59:02,510 [INFO] Fetching units for 1526401DE9012N (3787/5131)
2025-06-23 18:59:18,294 [INFO] Inserted 10 unit records.
2025-06-23 18:59:18,294 [INFO] Fetching units for 1526402DE9012N (3788/5131)
2025-06-23 18:59:34,079 [INFO] Fetching units for 1526403DE9012N (3789/5131)
2025-06-23 18:59:49,882 [INFO] Fetching units for 1526404DE9012N (3790/5131)
2025-06-23 19:00:05,785 [INFO] Fetching units for 1526405DE9012N (3791/5131)
2025-06-23 19:00:21,674 [INFO] Fetching units for 1526406DE9012N (3792/5131)
2025-06-23 19:00:37,440 [INFO] Inserted 10 unit records.
2025-06-23 19:00:37,440 [INFO] Fetching units for 1526407DE9012N (3793/5131)
2025-06-23 19:00:53,249 [INFO] Fetching units for 1526408DE9012N (3794/5131)
2025-06-23 19:01:09,150 [INFO] Fetching units for 1526409DE9012N (3795/5131)
2025-06-23 19:01:25,017 [INFO] Fetching units for 1526410DE9012N (3796/5131)
2025-06-23 19:01:40,849 [INFO] Inserted 10 unit records.
2025-06-23 19:01:40,849 [INFO] Fetching units for 1526411DE9012N (3797/5131)
2025-06-23 19:01:56,662 [INFO] Fetching units for 1526412DE9012N (3798/5131)
2025-06-23 19:02:13,010 [INFO] Fetching units for 1526413DE9012N (3799/5131)
2025-06-23 19:02:28,880 [INFO] Fetching units for 1526414DE9012N (3800/5131)
2025-06-23 19:02:44,731 [INFO] Fetching units for 1526415DE9012N (3801/5131)
2025-06-23 19:03:00,612 [INFO] Fetching units for 1526701DE9012N (3802/5131)
2025-06-23 19:03:16,612 [INFO] Fetching units for 1526702DE9012N (3803/5131)
2025-06-23 19:03:32,534 [INFO] Fetching units for 1526703DE9012N (3804/5131)
2025-06-23 19:03:48,672 [INFO] Fetching units for 1526704DE9012N (3805/5131)
2025-06-23 19:04:04,636 [INFO] Inserted 10 unit records.
2025-06-23 19:04:04,637 [INFO] Fetching units for 1526705DE9012N (3806/5131)
2025-06-23 19:04:20,744 [INFO] Fetching units for 1526706DE9012N (3807/5131)
2025-06-23 19:04:36,613 [INFO] Fetching units for 1526707DE9012N (3808/5131)
2025-06-23 19:04:52,485 [INFO] Fetching units for 1526708DE9012N (3809/5131)
2025-06-23 19:05:08,419 [INFO] Fetching units for 1526709DE9012N (3810/5131)
2025-06-23 19:05:24,408 [INFO] Fetching units for 1526710DE9012N (3811/5131)
2025-06-23 19:05:40,297 [INFO] Fetching units for 1526711DE9012N (3812/5131)
2025-06-23 19:05:56,133 [INFO] Fetching units for 1526712DE9012N (3813/5131)
2025-06-23 19:06:12,266 [INFO] Fetching units for 1526713DE9012N (3814/5131)
2025-06-23 19:06:28,339 [INFO] Fetching units for 1526714DE9012N (3815/5131)
2025-06-23 19:06:44,296 [INFO] Inserted 10 unit records.
2025-06-23 19:06:44,296 [INFO] Fetching units for 1526715DE9012N (3816/5131)
2025-06-23 19:07:00,245 [INFO] Fetching units for 1526716DE9012N (3817/5131)
2025-06-23 19:07:16,183 [INFO] Fetching units for 1603501DE9010S (3818/5131)
2025-06-23 19:07:32,227 [INFO] Fetching units for 1604201DE9010S (3819/5131)
2025-06-23 19:07:48,357 [INFO] Fetching units for 1604202DE9010S (3820/5131)
2025-06-23 19:08:04,460 [INFO] Fetching units for 1604203DE9010S (3821/5131)
2025-06-23 19:08:20,397 [INFO] Fetching units for 1604204DE9010S (3822/5131)
2025-06-23 19:08:36,419 [INFO] Fetching units for 1604501DE9010N (3823/5131)
2025-06-23 19:08:52,388 [INFO] Fetching units for 1604502DE9010N (3824/5131)
2025-06-23 19:09:08,274 [INFO] Fetching units for 1604503DE9010S (3825/5131)
2025-06-23 19:09:24,281 [INFO] Inserted 10 unit records.
2025-06-23 19:09:24,281 [INFO] Fetching units for 1604504DE9010N (3826/5131)
2025-06-23 19:09:40,463 [INFO] Fetching units for 1604505DE9010S (3827/5131)
2025-06-23 19:09:56,502 [INFO] Fetching units for 1604506DE9010S (3828/5131)
2025-06-23 19:10:12,389 [INFO] Fetching units for 1604507DE9010S (3829/5131)
2025-06-23 19:10:28,325 [INFO] Fetching units for 1604508DE9010N (3830/5131)
2025-06-23 19:10:44,237 [INFO] Fetching units for 1604509DE9010N (3831/5131)
2025-06-23 19:11:00,083 [INFO] Fetching units for 1604510DE9010S (3832/5131)
2025-06-23 19:11:15,937 [INFO] Fetching units for 1604601DE9010S (3833/5131)
2025-06-23 19:11:32,221 [INFO] Fetching units for 1604901DE9010S (3834/5131)
2025-06-23 19:11:48,227 [INFO] Fetching units for 1605801DE9010N (3835/5131)
2025-06-23 19:12:04,155 [INFO] Inserted 10 unit records.
2025-06-23 19:12:04,155 [INFO] Fetching units for 1605802DE9010N (3836/5131)
2025-06-23 19:12:20,183 [INFO] Fetching units for 1605803DE9010N (3837/5131)
2025-06-23 19:12:36,238 [INFO] Fetching units for 1605804DE9010N (3838/5131)
2025-06-23 19:12:52,440 [INFO] Fetching units for 1605805DE9010N (3839/5131)
2025-06-23 19:13:08,312 [INFO] Fetching units for 1605806DE9010N (3840/5131)
2025-06-23 19:13:24,313 [INFO] Fetching units for 1605807DE9010N (3841/5131)
2025-06-23 19:13:40,237 [INFO] Fetching units for 1605808DE9010N (3842/5131)
2025-06-23 19:13:56,331 [INFO] Inserted 10 unit records.
2025-06-23 19:13:56,331 [INFO] Fetching units for 1606101DE9010N (3843/5131)
2025-06-23 19:14:12,244 [INFO] Fetching units for 1606102DE9010N (3844/5131)
2025-06-23 19:14:28,193 [INFO] Fetching units for 1606103DE9010N (3845/5131)
2025-06-23 19:14:44,082 [INFO] Fetching units for 1606104DE9010N (3846/5131)
2025-06-23 19:15:00,052 [INFO] Fetching units for 1606105DE9010N (3847/5131)
2025-06-23 19:15:16,121 [INFO] Fetching units for 1606106DE9010N (3848/5131)
2025-06-23 19:15:32,227 [INFO] Fetching units for 1606401DE9010N (3849/5131)
2025-06-23 19:15:48,294 [INFO] Fetching units for 1606402DE9010N (3850/5131)
2025-06-23 19:16:04,292 [INFO] Fetching units for 1606403DE9010N (3851/5131)
2025-06-23 19:16:24,194 [INFO] Fetching units for 1606404DE9010N (3852/5131)
2025-06-23 19:16:40,448 [INFO] Inserted 10 unit records.
2025-06-23 19:16:40,449 [INFO] Fetching units for 1606405DE9010N (3853/5131)
2025-06-23 19:16:56,246 [INFO] Fetching units for 1606406DE9010N (3854/5131)
2025-06-23 19:17:12,176 [INFO] Fetching units for 1606407DE9010N (3855/5131)
2025-06-23 19:17:27,996 [INFO] Fetching units for 1606409DE9010N (3856/5131)
2025-06-23 19:17:43,925 [INFO] Fetching units for 1606410DE9010N (3857/5131)
2025-06-23 19:17:59,938 [INFO] Fetching units for 1606411DE9010N (3858/5131)
2025-06-23 19:18:16,107 [INFO] Fetching units for 1606412DE9010N (3859/5131)
2025-06-23 19:18:32,226 [INFO] Fetching units for 1606413DE9010N (3860/5131)
2025-06-23 19:18:48,282 [INFO] Fetching units for 1606414DE9010N (3861/5131)
2025-06-23 19:19:04,128 [INFO] Inserted 10 unit records.
2025-06-23 19:19:04,128 [INFO] Fetching units for 1606415DE9010N (3862/5131)
2025-06-23 19:19:20,306 [INFO] Fetching units for 1606416DE9010N (3863/5131)
2025-06-23 19:19:36,276 [INFO] Fetching units for 1607101DE9010N (3864/5131)
2025-06-23 19:19:52,346 [INFO] Fetching units for 1607102DE9010N (3865/5131)
2025-06-23 19:20:08,249 [INFO] Fetching units for 1607601DE9010N (3866/5131)
2025-06-23 19:20:24,285 [INFO] Fetching units for 1607602DE9010N (3867/5131)
2025-06-23 19:20:40,191 [INFO] Fetching units for 1607603DE9010N (3868/5131)
2025-06-23 19:20:56,144 [INFO] Fetching units for 1607604DE9010N (3869/5131)
2025-06-23 19:21:12,013 [INFO] Fetching units for 1607605DE9010N (3870/5131)
2025-06-23 19:21:27,968 [INFO] Fetching units for 1607606DE9010N (3871/5131)
2025-06-23 19:21:43,904 [INFO] Inserted 10 unit records.
2025-06-23 19:21:43,904 [INFO] Fetching units for 1607607DE9010N (3872/5131)
2025-06-23 19:21:59,777 [INFO] Fetching units for 1607608DE9010N (3873/5131)
2025-06-23 19:22:15,660 [INFO] Fetching units for 1607609DE9010N (3874/5131)
2025-06-23 19:22:31,665 [INFO] Fetching units for 1607610DE9010N (3875/5131)
2025-06-23 19:22:47,592 [INFO] Fetching units for 1607611DE9010N (3876/5131)
2025-06-23 19:23:03,384 [INFO] Fetching units for 1607612DE9010N (3877/5131)
2025-06-23 19:23:19,149 [INFO] Inserted 10 unit records.
2025-06-23 19:23:19,149 [INFO] Fetching units for 1607613DE9010N (3878/5131)
2025-06-23 19:23:35,228 [INFO] Fetching units for 1607614DE9010N (3879/5131)
2025-06-23 19:23:51,215 [INFO] Fetching units for 1607615DE9010N (3880/5131)
2025-06-23 19:24:07,138 [INFO] Fetching units for 1608901DE9010N (3881/5131)
2025-06-23 19:24:23,106 [INFO] Fetching units for 1608902DE9010N (3882/5131)
2025-06-23 19:24:39,109 [INFO] Fetching units for 1608903DE9010N (3883/5131)
2025-06-23 19:24:55,062 [INFO] Fetching units for 1608904DE9010N (3884/5131)
2025-06-23 19:25:10,948 [INFO] Fetching units for 1608905DE9010N (3885/5131)
2025-06-23 19:25:26,878 [INFO] Fetching units for 1608906DE9010N (3886/5131)
2025-06-23 19:25:43,090 [INFO] Fetching units for 1608907DE9010N (3887/5131)
2025-06-23 19:25:58,970 [INFO] Inserted 10 unit records.
2025-06-23 19:25:58,970 [INFO] Fetching units for 1608908DE9010N (3888/5131)
2025-06-23 19:26:14,780 [INFO] Fetching units for 1608909DE9010N (3889/5131)
2025-06-23 19:26:30,723 [INFO] Fetching units for 1608910DE9010N (3890/5131)
2025-06-23 19:26:46,787 [INFO] Fetching units for 1608911DE9010N (3891/5131)
2025-06-23 19:27:02,725 [INFO] Fetching units for 1608912DE9010N (3892/5131)
2025-06-23 19:27:18,712 [INFO] Fetching units for 1608913DE9010N (3893/5131)
2025-06-23 19:27:34,934 [INFO] Fetching units for 1608914DE9010N (3894/5131)
2025-06-23 19:27:50,785 [INFO] Fetching units for 1608915DE9010N (3895/5131)
2025-06-23 19:28:06,695 [INFO] Fetching units for 1608916DE9010N (3896/5131)
2025-06-23 19:28:22,589 [INFO] Inserted 10 unit records.
2025-06-23 19:28:22,589 [INFO] Fetching units for 1608918DE9010N (3897/5131)
2025-06-23 19:28:38,479 [INFO] Fetching units for 1608919DE9010N (3898/5131)
2025-06-23 19:28:54,435 [INFO] Fetching units for 1624301DE9012N (3899/5131)
2025-06-23 19:29:10,236 [INFO] Fetching units for 1624302DE9012N (3900/5131)
2025-06-23 19:29:26,139 [INFO] Fetching units for 1624303DE9012N (3901/5131)
2025-06-23 19:29:42,042 [INFO] Fetching units for 1624304DE9012N (3902/5131)
2025-06-23 19:29:58,032 [INFO] Fetching units for 1624305DE9012N (3903/5131)
2025-06-23 19:30:13,984 [INFO] Fetching units for 1624306DE9012N (3904/5131)
2025-06-23 19:30:29,853 [INFO] Fetching units for 1624307DE9012N (3905/5131)
2025-06-23 19:30:45,773 [INFO] Inserted 10 unit records.
2025-06-23 19:30:45,773 [INFO] Fetching units for 1624308DE9012N (3906/5131)
2025-06-23 19:31:01,977 [INFO] Fetching units for 1624309DE9012N (3907/5131)
2025-06-23 19:31:17,847 [INFO] Fetching units for 1624310DE9012N (3908/5131)
2025-06-23 19:31:33,756 [INFO] Fetching units for 1624311DE9012N (3909/5131)
2025-06-23 19:31:49,667 [INFO] Fetching units for 1624312DE9012N (3910/5131)
2025-06-23 19:32:05,643 [INFO] Fetching units for 1624313DE9012N (3911/5131)
2025-06-23 19:32:21,561 [INFO] Fetching units for 1624314DE9012N (3912/5131)
2025-06-23 19:32:37,483 [INFO] Fetching units for 1624315DE9012N (3913/5131)
2025-06-23 19:32:53,300 [INFO] Fetching units for 1624316DE9012S (3914/5131)
2025-06-23 19:33:09,544 [INFO] Fetching units for 1624317DE9012S (3915/5131)
2025-06-23 19:33:25,466 [INFO] Inserted 10 unit records.
2025-06-23 19:33:25,466 [INFO] Fetching units for 1624318DE9012S (3916/5131)
2025-06-23 19:33:41,414 [INFO] Fetching units for 1624319DE9012S (3917/5131)
2025-06-23 19:33:57,287 [INFO] Fetching units for 1624320DE9012S (3918/5131)
2025-06-23 19:34:13,423 [INFO] Fetching units for 1624321DE9012S (3919/5131)
2025-06-23 19:34:29,388 [INFO] Fetching units for 1624322DE9012S (3920/5131)
2025-06-23 19:34:45,313 [INFO] Fetching units for 1624323DE9012S (3921/5131)
2025-06-23 19:35:01,285 [INFO] Fetching units for 1624324DE9012S (3922/5131)
2025-06-23 19:35:17,269 [INFO] Fetching units for 1624325DE9012S (3923/5131)
2025-06-23 19:35:33,143 [INFO] Fetching units for 1624326DE9012S (3924/5131)
2025-06-23 19:35:49,000 [INFO] Inserted 10 unit records.
2025-06-23 19:35:49,000 [INFO] Fetching units for 1624327DE9012S (3925/5131)
2025-06-23 19:36:04,978 [INFO] Fetching units for 1624328DE9012S (3926/5131)
2025-06-23 19:36:21,452 [INFO] Fetching units for 1624329DE9012S (3927/5131)
2025-06-23 19:36:37,301 [INFO] Fetching units for 1624330DE9012S (3928/5131)
2025-06-23 19:36:53,240 [INFO] Fetching units for 1624331DE9012S (3929/5131)
2025-06-23 19:37:09,162 [INFO] Fetching units for 1624332DE9012S (3930/5131)
2025-06-23 19:37:25,214 [INFO] Fetching units for 1624333DE9012S (3931/5131)
2025-06-23 19:37:41,118 [INFO] Fetching units for 1624334DE9012N (3932/5131)
2025-06-23 19:37:57,052 [INFO] Fetching units for 1624335DE9012N (3933/5131)
2025-06-23 19:38:12,921 [INFO] Inserted 10 unit records.
2025-06-23 19:38:12,922 [INFO] Fetching units for 1624336DE9012N (3934/5131)
2025-06-23 19:38:28,941 [INFO] Fetching units for 1624337DE9012N (3935/5131)
2025-06-23 19:38:44,834 [INFO] Fetching units for 1624338DE9012N (3936/5131)
2025-06-23 19:39:00,736 [INFO] Fetching units for 1624339DE9012N (3937/5131)
2025-06-23 19:39:16,586 [INFO] Fetching units for 1624340DE9012N (3938/5131)
2025-06-23 19:39:32,593 [INFO] Fetching units for 1624341DE9012N (3939/5131)
2025-06-23 19:39:48,532 [INFO] Fetching units for 1624342DE9012N (3940/5131)
2025-06-23 19:40:04,464 [INFO] Fetching units for 1624343DE9012N (3941/5131)
2025-06-23 19:40:20,426 [INFO] Fetching units for 1624344DE9012N (3942/5131)
2025-06-23 19:40:36,389 [INFO] Fetching units for 1624345DE9012N (3943/5131)
2025-06-23 19:40:52,420 [INFO] Inserted 10 unit records.
2025-06-23 19:40:52,421 [INFO] Fetching units for 1624346DE9012N (3944/5131)
2025-06-23 19:41:08,212 [INFO] Fetching units for 1624347DE9012N (3945/5131)
2025-06-23 19:41:24,016 [INFO] Fetching units for 1624348DE9012N (3946/5131)
2025-06-23 19:41:39,987 [INFO] Fetching units for 1624349DE9012N (3947/5131)
2025-06-23 19:41:55,903 [INFO] Fetching units for 1624350DE9012N (3948/5131)
2025-06-23 19:42:11,727 [INFO] Fetching units for 1624351DE9012N (3949/5131)
2025-06-23 19:42:27,581 [INFO] Fetching units for 1625501DE9012N (3950/5131)
2025-06-23 19:42:44,020 [INFO] Fetching units for 1625502DE9012N (3951/5131)
2025-06-23 19:42:59,968 [INFO] Fetching units for 1625503DE9012N (3952/5131)
2025-06-23 19:43:15,841 [INFO] Fetching units for 1625504DE9012N (3953/5131)
2025-06-23 19:43:31,778 [INFO] Inserted 10 unit records.
2025-06-23 19:43:31,778 [INFO] Fetching units for 1625505DE9012N (3954/5131)
2025-06-23 19:43:47,816 [INFO] Fetching units for 1625506DE9012N (3955/5131)
2025-06-23 19:44:03,635 [INFO] Fetching units for 1625507DE9012N (3956/5131)
2025-06-23 19:44:19,636 [INFO] Fetching units for 1625508DE9012N (3957/5131)
2025-06-23 19:44:35,451 [INFO] Fetching units for 1625509DE9012N (3958/5131)
2025-06-23 19:44:51,498 [INFO] Fetching units for 1626501DE9012N (3959/5131)
2025-06-23 19:45:07,441 [INFO] Inserted 10 unit records.
2025-06-23 19:45:07,441 [INFO] Fetching units for 1626502DE9012N (3960/5131)
2025-06-23 19:45:23,574 [INFO] Fetching units for 1626503DE9012N (3961/5131)
2025-06-23 19:45:39,480 [INFO] Fetching units for 1626504DE9012N (3962/5131)
2025-06-23 19:45:55,543 [INFO] Fetching units for 1626505DE9012N (3963/5131)
2025-06-23 19:46:11,731 [INFO] Fetching units for 1626506DE9012N (3964/5131)
2025-06-23 19:46:27,732 [INFO] Fetching units for 1626507DE9012N (3965/5131)
2025-06-23 19:46:43,673 [INFO] Fetching units for 1626508DE9012N (3966/5131)
2025-06-23 19:46:59,592 [INFO] Fetching units for 1626509DE9012N (3967/5131)
2025-06-23 19:47:19,070 [INFO] Inserted 10 unit records.
2025-06-23 19:47:19,070 [INFO] Fetching units for 1626510DE9012N (3968/5131)
2025-06-23 19:47:34,925 [INFO] Fetching units for 1626511DE9012N (3969/5131)
2025-06-23 19:47:50,790 [INFO] Fetching units for 1626512DE9012N (3970/5131)
2025-06-23 19:48:06,784 [INFO] Fetching units for 1626513DE9012N (3971/5131)
2025-06-23 19:48:22,955 [INFO] Fetching units for 1626514DE9012N (3972/5131)
2025-06-23 19:48:38,859 [INFO] Fetching units for 1626515DE9012N (3973/5131)
2025-06-23 19:48:55,544 [INFO] Fetching units for 1626516DE9012N (3974/5131)
2025-06-23 19:49:11,623 [INFO] Inserted 10 unit records.
2025-06-23 19:49:11,623 [INFO] Fetching units for 1626517DE9012N (3975/5131)
2025-06-23 19:49:27,687 [INFO] Fetching units for 1626518DE9012N (3976/5131)
2025-06-23 19:49:43,619 [INFO] Fetching units for 1626519DE9012N (3977/5131)
2025-06-23 19:49:59,593 [INFO] Fetching units for 1626520DE9012N (3978/5131)
2025-06-23 19:50:17,411 [INFO] Fetching units for 1626521DE9012N (3979/5131)
2025-06-23 19:50:33,246 [INFO] Fetching units for 1626522DE9012N (3980/5131)
2025-06-23 19:50:49,415 [INFO] Fetching units for 1626901DE9012N (3981/5131)
2025-06-23 19:51:05,387 [INFO] Fetching units for 1626902DE9012N (3982/5131)
2025-06-23 19:51:22,108 [INFO] Fetching units for 1626903DE9012N (3983/5131)
2025-06-23 19:51:38,377 [INFO] Fetching units for 1626904DE9012N (3984/5131)
2025-06-23 19:51:54,317 [INFO] Inserted 10 unit records.
2025-06-23 19:51:54,317 [INFO] Fetching units for 1626905DE9012N (3985/5131)
2025-06-23 19:52:10,304 [INFO] Fetching units for 1626906DE9012N (3986/5131)
2025-06-23 19:52:26,308 [INFO] Fetching units for 1626907DE9012N (3987/5131)
2025-06-23 19:52:42,268 [INFO] Fetching units for 1626908DE9012N (3988/5131)
2025-06-23 19:52:58,180 [INFO] Fetching units for 1626909DE9012N (3989/5131)
2025-06-23 19:53:13,196 [ERROR] Failed to fetch units for 1626909DE9012N: HTTPSConnectionPool(host='ovc.catastro.meh.es', port=443): Max retries exceeded with url: /OVCServWeb/OVCWcfCallejero/COVCCallejero.svc/json/Consulta_DNPRC?RefCat=1626909DE9012N (Caused by ConnectTimeoutError(<urllib3.connection.HTTPSConnection object at 0x0000025FC27B72B0>, 'Connection to ovc.catastro.meh.es timed out. (connect timeout=15)'))
2025-06-23 19:53:21,603 [ERROR] Failed to fetch units for 1626909DE9012N: HTTPSConnectionPool(host='ovc.catastro.meh.es', port=443): Max retries exceeded with url: /OVCServWeb/OVCWcfCallejero/COVCCallejero.svc/json/Consulta_DNPRC?RefCat=1626909DE9012N (Caused by NameResolutionError("<urllib3.connection.HTTPSConnection object at 0x0000025FC27B6FE0>: Failed to resolve 'ovc.catastro.meh.es' ([Errno 11001] getaddrinfo failed)"))
2025-06-23 19:53:55,882 [INFO] Fetching units for 1626910DE9012N (3990/5131)
2025-06-23 19:54:11,703 [INFO] Fetching units for 1626911DE9012N (3991/5131)
2025-06-23 19:54:30,122 [INFO] Fetching units for 1626912DE9012N (3992/5131)
2025-06-23 19:54:46,540 [INFO] Fetching units for 1626913DE9012N (3993/5131)
2025-06-23 19:55:02,644 [INFO] Fetching units for 1626914DE9012N (3994/5131)
2025-06-23 19:55:18,875 [INFO] Inserted 10 unit records.
2025-06-23 19:55:18,875 [INFO] Fetching units for 1626915DE9012N (3995/5131)
2025-06-23 19:55:34,867 [INFO] Fetching units for 1626916DE9012N (3996/5131)
2025-06-23 19:55:50,737 [INFO] Fetching units for 1626917DE9012N (3997/5131)
2025-06-23 19:56:06,991 [INFO] Fetching units for 1626918DE9012N (3998/5131)
2025-06-23 19:56:22,894 [INFO] Fetching units for 1626919DE9012N (3999/5131)
2025-06-23 19:56:38,732 [INFO] Fetching units for 1626920DE9012N (4000/5131)
2025-06-23 19:56:54,734 [INFO] Fetching units for 1702303DE9010S (4001/5131)
2025-06-23 19:57:10,907 [INFO] Fetching units for 1702501DE9010S (4002/5131)
2025-06-23 19:57:26,974 [INFO] Inserted 11 unit records.
2025-06-23 19:57:26,975 [INFO] Fetching units for 1702502DE9010S (4003/5131)
2025-06-23 19:57:42,878 [INFO] Fetching units for 1702503DE9010S (4004/5131)
2025-06-23 19:57:58,682 [INFO] Fetching units for 1702504DE9010S (4005/5131)
2025-06-23 19:58:14,520 [INFO] Fetching units for 1702505DE9010S (4006/5131)
2025-06-23 19:58:30,324 [INFO] Fetching units for 1706500DE9010N (4007/5131)
2025-06-23 19:58:46,310 [INFO] Fetching units for 1706501DE9010N (4008/5131)
2025-06-23 19:59:02,643 [INFO] Inserted 22 unit records.
2025-06-23 19:59:02,643 [INFO] Fetching units for 1706502DE9010N (4009/5131)
2025-06-23 19:59:18,817 [INFO] Fetching units for 1706503DE9010N (4010/5131)
2025-06-23 19:59:34,715 [INFO] Fetching units for 1706504DE9010N (4011/5131)
2025-06-23 19:59:50,602 [INFO] Fetching units for 1706505DE9010N (4012/5131)
2025-06-23 20:00:06,573 [INFO] Fetching units for 1706506DE9010N (4013/5131)
2025-06-23 20:00:23,580 [INFO] Fetching units for 1706509DE9010N (4014/5131)
2025-06-23 20:00:39,451 [INFO] Fetching units for 1706510DE9010N (4015/5131)
2025-06-23 20:00:55,715 [INFO] Inserted 10 unit records.
2025-06-23 20:00:55,716 [INFO] Fetching units for 1706511DE9010N (4016/5131)
2025-06-23 20:01:12,873 [INFO] Fetching units for 1706512DE9010N (4017/5131)
2025-06-23 20:01:29,608 [INFO] Fetching units for 1706513DE9010N (4018/5131)
2025-06-23 20:01:46,233 [INFO] Fetching units for 1706514DE9010N (4019/5131)
2025-06-23 20:02:02,115 [INFO] Fetching units for 1706515DE9010N (4020/5131)
2025-06-23 20:02:18,003 [INFO] Fetching units for 1706516DE9010N (4021/5131)
2025-06-23 20:02:34,154 [INFO] Fetching units for 1706517DE9010N (4022/5131)
2025-06-23 20:02:50,190 [INFO] Fetching units for 1706518DE9010N (4023/5131)
2025-06-23 20:03:06,029 [INFO] Fetching units for 1706519DE9010N (4024/5131)
2025-06-23 20:03:21,883 [INFO] Fetching units for 1706520DE9010N (4025/5131)
2025-06-23 20:03:37,852 [INFO] Inserted 10 unit records.
2025-06-23 20:03:37,852 [INFO] Fetching units for 1706521DE9010N (4026/5131)
2025-06-23 20:03:53,725 [INFO] Fetching units for 1706522DE9010N (4027/5131)
2025-06-23 20:04:09,694 [INFO] Fetching units for 1706523DE9010N (4028/5131)
2025-06-23 20:04:25,537 [INFO] Fetching units for 1706524DE9010N (4029/5131)
2025-06-23 20:04:41,485 [INFO] Fetching units for 1706525DE9010N (4030/5131)
2025-06-23 20:04:57,658 [INFO] Fetching units for 1706526DE9010N (4031/5131)
2025-06-23 20:05:13,625 [INFO] Fetching units for 1706527DE9010N (4032/5131)
2025-06-23 20:05:29,662 [INFO] Fetching units for 1706528DE9010N (4033/5131)
2025-06-23 20:05:45,732 [INFO] Fetching units for 1706529DE9010N (4034/5131)
2025-06-23 20:06:01,587 [INFO] Inserted 11 unit records.
2025-06-23 20:06:01,587 [INFO] Fetching units for 1706530DE9010N (4035/5131)
2025-06-23 20:06:17,622 [INFO] Fetching units for 1706531DE9010N (4036/5131)
2025-06-23 20:06:33,817 [INFO] Fetching units for 1706532DE9010N (4037/5131)
2025-06-23 20:06:49,912 [INFO] Fetching units for 1706533DE9010N (4038/5131)
2025-06-23 20:07:06,032 [INFO] Fetching units for 1706534DE9010N (4039/5131)
2025-06-23 20:07:22,018 [INFO] Fetching units for 1706535DE9010N (4040/5131)
2025-06-23 20:07:37,946 [INFO] Fetching units for 1706536DE9010N (4041/5131)
2025-06-23 20:07:53,857 [INFO] Fetching units for 1706538DE9010N (4042/5131)
2025-06-23 20:08:09,912 [INFO] Fetching units for 1706539DE9010N (4043/5131)
2025-06-23 20:08:25,997 [INFO] Inserted 10 unit records.
2025-06-23 20:08:25,997 [INFO] Fetching units for 1706540DE9010N (4044/5131)
2025-06-23 20:08:41,891 [INFO] Fetching units for 1706541DE9010N (4045/5131)
2025-06-23 20:08:57,935 [INFO] Fetching units for 1706543DE9010N (4046/5131)
2025-06-23 20:09:13,776 [INFO] Fetching units for 1706544DE9010N (4047/5131)
2025-06-23 20:09:29,602 [INFO] Fetching units for 1706545DE9010N (4048/5131)
2025-06-23 20:09:45,507 [INFO] Inserted 10 unit records.
2025-06-23 20:09:45,507 [INFO] Fetching units for 1706546DE9010N (4049/5131)
2025-06-23 20:10:01,540 [INFO] Fetching units for 1706547DE9010N (4050/5131)
2025-06-23 20:10:17,503 [INFO] Fetching units for 1706548DE9010N (4051/5131)
2025-06-23 20:10:33,615 [INFO] Fetching units for 1706549DE9010N (4052/5131)
2025-06-23 20:10:49,548 [INFO] Fetching units for 1706550DE9010N (4053/5131)
2025-06-23 20:11:05,619 [INFO] Fetching units for 1706552DE9010N (4054/5131)
2025-06-23 20:11:21,638 [INFO] Fetching units for 1706553DE9010N (4055/5131)
2025-06-23 20:11:37,476 [INFO] Fetching units for 1706554DE9010N (4056/5131)
2025-06-23 20:11:53,646 [INFO] Fetching units for 1706555DE9010N (4057/5131)
2025-06-23 20:12:09,904 [INFO] Inserted 10 unit records.
2025-06-23 20:12:09,904 [INFO] Fetching units for 1706556DE9010N (4058/5131)
2025-06-23 20:12:26,323 [INFO] Fetching units for 1706557DE9010N (4059/5131)
2025-06-23 20:12:42,357 [INFO] Fetching units for 1706558DE9010N (4060/5131)
2025-06-23 20:12:58,195 [INFO] Fetching units for 1706559DE9010N (4061/5131)
2025-06-23 20:13:14,280 [INFO] Fetching units for 1706560DE9010N (4062/5131)
2025-06-23 20:13:30,233 [INFO] Fetching units for 1706561DE9010N (4063/5131)
2025-06-23 20:13:46,070 [INFO] Fetching units for 1706562DE9010N (4064/5131)
2025-06-23 20:14:01,940 [INFO] Fetching units for 1706563DE9010N (4065/5131)
2025-06-23 20:14:18,044 [INFO] Fetching units for 1706564DE9010N (4066/5131)
2025-06-23 20:14:33,942 [INFO] Fetching units for 1706565DE9010N (4067/5131)
2025-06-23 20:14:49,894 [INFO] Inserted 10 unit records.
2025-06-23 20:14:49,895 [INFO] Fetching units for 1706566DE9010N (4068/5131)
2025-06-23 20:15:06,154 [INFO] Fetching units for 1707901DE9010N (4069/5131)
2025-06-23 20:15:22,541 [INFO] Fetching units for 1707902DE9010N (4070/5131)
2025-06-23 20:15:38,629 [INFO] Fetching units for 1707903DE9010N (4071/5131)
2025-06-23 20:15:54,516 [INFO] Fetching units for 1707904DE9010N (4072/5131)
2025-06-23 20:16:10,402 [INFO] Fetching units for 1707905DE9010N (4073/5131)
2025-06-23 20:16:26,355 [INFO] Fetching units for 1707906DE9010N (4074/5131)
2025-06-23 20:16:42,359 [INFO] Fetching units for 1707907DE9010N (4075/5131)
2025-06-23 20:16:58,181 [INFO] Fetching units for 1707908DE9010N (4076/5131)
2025-06-23 20:17:14,146 [INFO] Inserted 10 unit records.
2025-06-23 20:17:14,146 [INFO] Fetching units for 1707909DE9010N (4077/5131)
2025-06-23 20:17:30,488 [INFO] Fetching units for 1707910DE9010N (4078/5131)
2025-06-23 20:17:46,508 [INFO] Fetching units for 1707911DE9010N (4079/5131)
2025-06-23 20:18:02,429 [INFO] Fetching units for 1707912DE9010N (4080/5131)
2025-06-23 20:18:18,298 [INFO] Fetching units for 1707913DE9010N (4081/5131)
2025-06-23 20:18:34,240 [INFO] Fetching units for 1707914DE9010N (4082/5131)
2025-06-23 20:18:50,137 [INFO] Fetching units for 1707915DE9010N (4083/5131)
2025-06-23 20:19:06,016 [INFO] Fetching units for 1707916DE9010N (4084/5131)
2025-06-23 20:19:22,263 [INFO] Fetching units for 1707917DE9010N (4085/5131)
2025-06-23 20:19:38,666 [INFO] Fetching units for 1707918DE9010N (4086/5131)
2025-06-23 20:19:54,614 [INFO] Inserted 10 unit records.
2025-06-23 20:19:54,614 [INFO] Fetching units for 1707919DE9010N (4087/5131)
2025-06-23 20:20:10,522 [INFO] Fetching units for 1707920DE9010N (4088/5131)
2025-06-23 20:20:26,652 [INFO] Fetching units for 1707921DE9010N (4089/5131)
2025-06-23 20:20:42,730 [INFO] Fetching units for 1707922DE9010N (4090/5131)
2025-06-23 20:20:58,699 [INFO] Fetching units for 1707923DE9010N (4091/5131)
2025-06-23 20:21:14,650 [INFO] Fetching units for 1708101DE9010N (4092/5131)
2025-06-23 20:21:30,588 [INFO] Fetching units for 1708102DE9010N (4093/5131)
2025-06-23 20:21:46,575 [INFO] Fetching units for 1709102DE9010N (4094/5131)
2025-06-23 20:22:02,479 [INFO] Fetching units for 1709103DE9010N (4095/5131)
2025-06-23 20:22:18,433 [INFO] Fetching units for 1709104DE9010N (4096/5131)
2025-06-23 20:22:34,603 [INFO] Inserted 10 unit records.
2025-06-23 20:22:34,604 [INFO] Fetching units for 1709105DE9010N (4097/5131)
2025-06-23 20:22:50,558 [INFO] Fetching units for 1709106DE9010N (4098/5131)
2025-06-23 20:23:05,579 [ERROR] Failed to fetch units for 1709106DE9010N: HTTPSConnectionPool(host='ovc.catastro.meh.es', port=443): Max retries exceeded with url: /OVCServWeb/OVCWcfCallejero/COVCCallejero.svc/json/Consulta_DNPRC?RefCat=1709106DE9010N (Caused by ConnectTimeoutError(<urllib3.connection.HTTPSConnection object at 0x0000025FC28533D0>, 'Connection to ovc.catastro.meh.es timed out. (connect timeout=15)'))
2025-06-23 20:23:25,609 [ERROR] Failed to fetch units for 1709106DE9010N: HTTPSConnectionPool(host='ovc.catastro.meh.es', port=443): Max retries exceeded with url: /OVCServWeb/OVCWcfCallejero/COVCCallejero.svc/json/Consulta_DNPRC?RefCat=1709106DE9010N (Caused by ConnectTimeoutError(<urllib3.connection.HTTPSConnection object at 0x0000025FC2852500>, 'Connection to ovc.catastro.meh.es timed out. (connect timeout=15)'))
2025-06-23 20:23:51,556 [INFO] Fetching units for 1709107DE9010N (4099/5131)
2025-06-23 20:24:07,509 [INFO] Fetching units for 1709108DE9010N (4100/5131)
2025-06-23 20:24:23,290 [INFO] Inserted 10 unit records.
2025-06-23 20:24:23,290 [INFO] Fetching units for 1709109DE9010N (4101/5131)
2025-06-23 20:24:39,184 [INFO] Fetching units for 1709110DE9010N (4102/5131)
2025-06-23 20:24:54,987 [INFO] Fetching units for 1709111DE9010N (4103/5131)
2025-06-23 20:25:11,041 [INFO] Fetching units for 1709112DE9010N (4104/5131)
2025-06-23 20:25:26,910 [INFO] Fetching units for 1709113DE9010N (4105/5131)
2025-06-23 20:25:42,846 [INFO] Fetching units for 1709114DE9010N (4106/5131)
2025-06-23 20:25:58,696 [INFO] Inserted 12 unit records.
2025-06-23 20:25:58,696 [INFO] Fetching units for 1709115DE9010N (4107/5131)
2025-06-23 20:26:14,755 [INFO] Fetching units for 1709116DE9010N (4108/5131)
2025-06-23 20:26:30,693 [INFO] Fetching units for 1709117DE9010N (4109/5131)
2025-06-23 20:26:46,744 [INFO] Fetching units for 1709118DE9010N (4110/5131)
2025-06-23 20:27:02,584 [INFO] Fetching units for 1709119DE9010N (4111/5131)
2025-06-23 20:27:18,701 [INFO] Fetching units for 1709120DE9010N (4112/5131)
2025-06-23 20:27:34,789 [INFO] Fetching units for 1709121DE9010N (4113/5131)
2025-06-23 20:27:50,643 [INFO] Fetching units for 1709122DE9010N (4114/5131)
2025-06-23 20:28:06,485 [INFO] Fetching units for 1709123DE9010N (4115/5131)
2025-06-23 20:28:22,450 [INFO] Fetching units for 1709124DE9010N (4116/5131)
2025-06-23 20:28:38,384 [INFO] Inserted 10 unit records.
2025-06-23 20:28:38,384 [INFO] Fetching units for 1709125DE9010N (4117/5131)
2025-06-23 20:28:54,342 [INFO] Fetching units for 1709126DE9010N (4118/5131)
2025-06-23 20:29:10,137 [INFO] Fetching units for 1709127DE9010N (4119/5131)
2025-06-23 20:29:26,048 [INFO] Fetching units for 1709128DE9010N (4120/5131)
2025-06-23 20:29:41,934 [INFO] Fetching units for 1709129DE9010N (4121/5131)
2025-06-23 20:29:57,841 [INFO] Fetching units for 1709131DE9010N (4122/5131)
2025-06-23 20:30:13,722 [INFO] Fetching units for 1709133DE9010N (4123/5131)
2025-06-23 20:30:29,878 [INFO] Fetching units for 1709134DE9010N (4124/5131)
2025-06-23 20:30:45,920 [INFO] Inserted 24 unit records.
2025-06-23 20:30:45,920 [INFO] Fetching units for 1709135DE9010N (4125/5131)
2025-06-23 20:31:01,869 [INFO] Fetching units for 1709136DE9010N (4126/5131)
2025-06-23 20:31:17,706 [INFO] Fetching units for 1709137DE9010N (4127/5131)
2025-06-23 20:31:33,726 [INFO] Fetching units for 1709138DE9010N (4128/5131)
2025-06-23 20:31:49,678 [INFO] Fetching units for 1709139DE9010N (4129/5131)
2025-06-23 20:32:05,534 [INFO] Fetching units for 1709140DE9010N (4130/5131)
2025-06-23 20:32:21,554 [INFO] Fetching units for 1709141DE9010N (4131/5131)
2025-06-23 20:32:37,662 [INFO] Fetching units for 1709142DE9010N (4132/5131)
2025-06-23 20:32:53,496 [INFO] Inserted 10 unit records.
2025-06-23 20:32:53,496 [INFO] Fetching units for 1709143DE9010N (4133/5131)
2025-06-23 20:33:09,452 [INFO] Inserted 11 unit records.
2025-06-23 20:33:09,452 [INFO] Fetching units for 1709144DE9010N (4134/5131)
2025-06-23 20:33:25,359 [INFO] Inserted 12 unit records.
2025-06-23 20:33:25,359 [INFO] Fetching units for 1709145DE9010N (4135/5131)
2025-06-23 20:33:41,689 [INFO] Fetching units for 1709146DE9010N (4136/5131)
2025-06-23 20:33:57,444 [INFO] Fetching units for 1709148DE9010N (4137/5131)
2025-06-23 20:34:13,263 [INFO] Fetching units for 1709149DE9010N (4138/5131)
2025-06-23 20:34:29,102 [INFO] Inserted 15 unit records.
2025-06-23 20:34:29,103 [INFO] Fetching units for 1709150DE9010N (4139/5131)
2025-06-23 20:34:45,088 [INFO] Fetching units for 1709151DE9010N (4140/5131)
2025-06-23 20:35:01,206 [INFO] Fetching units for 1709152DE9010N (4141/5131)
2025-06-23 20:35:17,060 [INFO] Fetching units for 1709153DE9010N (4142/5131)
2025-06-23 20:35:33,111 [INFO] Fetching units for 1709154DE9010N (4143/5131)
2025-06-23 20:35:49,214 [INFO] Inserted 10 unit records.
2025-06-23 20:35:49,215 [INFO] Fetching units for 1709155DE9010N (4144/5131)
2025-06-23 20:36:05,020 [INFO] Fetching units for 1710201DE9011S (4145/5131)
2025-06-23 20:36:20,990 [INFO] Fetching units for 1710202DE9011S (4146/5131)
2025-06-23 20:36:37,168 [INFO] Inserted 30 unit records.
2025-06-23 20:36:37,168 [INFO] Fetching units for 1710203DE9011S (4147/5131)
2025-06-23 20:36:53,514 [INFO] Fetching units for 1710204DE9010N (4148/5131)
2025-06-23 20:37:09,350 [INFO] Fetching units for 1710205DE9011S (4149/5131)
2025-06-23 20:37:25,463 [INFO] Inserted 28 unit records.
2025-06-23 20:37:25,463 [INFO] Fetching units for 1710206DE9011S (4150/5131)
2025-06-23 20:37:41,504 [INFO] Inserted 22 unit records.
2025-06-23 20:37:41,504 [INFO] Fetching units for 1710207DE9011S (4151/5131)
2025-06-23 20:37:57,563 [INFO] Fetching units for 1710208DE9011S (4152/5131)
2025-06-23 20:38:13,489 [INFO] Inserted 23 unit records.
2025-06-23 20:38:13,489 [INFO] Fetching units for 1710402DE9011S (4153/5131)
2025-06-23 20:38:29,403 [INFO] Fetching units for 1710403DE9011S (4154/5131)
2025-06-23 20:38:45,174 [INFO] Fetching units for 1710404DE9011S (4155/5131)
2025-06-23 20:39:01,057 [INFO] Fetching units for 1710405DE9011S (4156/5131)
2025-06-23 20:39:16,923 [INFO] Inserted 18 unit records.
2025-06-23 20:39:16,923 [INFO] Fetching units for 1712301DE9011S (4157/5131)
2025-06-23 20:39:32,802 [INFO] Fetching units for 1723401DE9012S (4158/5131)
2025-06-23 20:39:48,705 [INFO] Fetching units for 1723402DE9012S (4159/5131)
2025-06-23 20:40:04,718 [INFO] Fetching units for 1723403DE9012S (4160/5131)
2025-06-23 20:40:20,914 [INFO] Fetching units for 1723404DE9012S (4161/5131)
2025-06-23 20:40:37,297 [INFO] Fetching units for 1723405DE9012S (4162/5131)
2025-06-23 20:40:53,208 [INFO] Fetching units for 1723406DE9012S (4163/5131)
2025-06-23 20:41:09,237 [INFO] Fetching units for 1723407DE9012S (4164/5131)
2025-06-23 20:41:25,048 [INFO] Fetching units for 1723408DE9012S (4165/5131)
2025-06-23 20:41:41,134 [INFO] Inserted 10 unit records.
2025-06-23 20:41:41,134 [INFO] Fetching units for 1723409DE9012S (4166/5131)
2025-06-23 20:41:57,181 [INFO] Fetching units for 1723410DE9012S (4167/5131)
2025-06-23 20:42:13,151 [INFO] Fetching units for 1723411DE9012S (4168/5131)
2025-06-23 20:42:29,449 [INFO] Fetching units for 1723412DE9012S (4169/5131)
2025-06-23 20:42:45,342 [INFO] Fetching units for 1723413DE9012S (4170/5131)
2025-06-23 20:43:01,195 [INFO] Fetching units for 1723414DE9012S (4171/5131)
2025-06-23 20:43:17,416 [INFO] Fetching units for 1723415DE9012S (4172/5131)
2025-06-23 20:43:33,288 [INFO] Fetching units for 1723416DE9012S (4173/5131)
2025-06-23 20:43:49,342 [INFO] Fetching units for 1723417DE9012S (4174/5131)
2025-06-23 20:44:05,174 [INFO] Inserted 10 unit records.
2025-06-23 20:44:05,174 [INFO] Fetching units for 1723418DE9012S (4175/5131)
2025-06-23 20:44:21,245 [INFO] Fetching units for 1723901DE9012S (4176/5131)
2025-06-23 20:44:37,163 [INFO] Fetching units for 1723902DE9012S (4177/5131)
2025-06-23 20:44:53,070 [INFO] Fetching units for 1723903DE9012S (4178/5131)
2025-06-23 20:45:08,874 [INFO] Fetching units for 1723904DE9012S (4179/5131)
2025-06-23 20:45:24,832 [INFO] Fetching units for 1723905DE9012S (4180/5131)
2025-06-23 20:45:40,720 [INFO] Fetching units for 1723906DE9012S (4181/5131)
2025-06-23 20:45:56,698 [INFO] Fetching units for 1723907DE9012S (4182/5131)
2025-06-23 20:46:12,604 [INFO] Fetching units for 1723908DE9012S (4183/5131)
2025-06-23 20:46:31,832 [INFO] Inserted 10 unit records.
2025-06-23 20:46:31,832 [INFO] Fetching units for 1723909DE9012S (4184/5131)
2025-06-23 20:46:47,675 [INFO] Fetching units for 1724501DE9012N (4185/5131)
2025-06-23 20:47:03,480 [INFO] Fetching units for 1724502DE9012N (4186/5131)
2025-06-23 20:47:19,266 [INFO] Fetching units for 1724503DE9012S (4187/5131)
2025-06-23 20:47:35,219 [INFO] Fetching units for 1724504DE9012S (4188/5131)
2025-06-23 20:47:51,184 [INFO] Fetching units for 1724505DE9012S (4189/5131)
2025-06-23 20:48:06,983 [INFO] Inserted 11 unit records.
2025-06-23 20:48:06,983 [INFO] Fetching units for 1724506DE9012S (4190/5131)
2025-06-23 20:48:23,063 [INFO] Fetching units for 1724507DE9012S (4191/5131)
2025-06-23 20:48:39,051 [INFO] Fetching units for 1724508DE9012S (4192/5131)
2025-06-23 20:48:54,854 [INFO] Fetching units for 1724509DE9012S (4193/5131)
2025-06-23 20:49:10,595 [INFO] Fetching units for 1724510DE9012S (4194/5131)
2025-06-23 20:49:26,361 [INFO] Fetching units for 1724511DE9012S (4195/5131)
2025-06-23 20:49:42,267 [INFO] Inserted 11 unit records.
2025-06-23 20:49:42,267 [INFO] Fetching units for 1724512DE9012S (4196/5131)
2025-06-23 20:49:58,168 [INFO] Fetching units for 1724513DE9012N (4197/5131)
2025-06-23 20:50:14,089 [INFO] Fetching units for 1724514DE9012N (4198/5131)
2025-06-23 20:50:29,960 [INFO] Fetching units for 1724515DE9012N (4199/5131)
2025-06-23 20:50:45,929 [INFO] Fetching units for 1724516DE9012N (4200/5131)
2025-06-23 20:51:01,866 [INFO] Fetching units for 1724517DE9012N (4201/5131)
2025-06-23 20:51:17,753 [INFO] Fetching units for 1724518DE9012N (4202/5131)
2025-06-23 20:51:33,576 [INFO] Fetching units for 1724519DE9012N (4203/5131)
2025-06-23 20:51:49,713 [INFO] Fetching units for 1724520DE9012N (4204/5131)
2025-06-23 20:52:05,556 [INFO] Fetching units for 1724521DE9012N (4205/5131)
2025-06-23 20:52:21,359 [INFO] Inserted 19 unit records.
2025-06-23 20:52:21,359 [INFO] Fetching units for 1724522DE9012N (4206/5131)
2025-06-23 20:52:37,156 [INFO] Fetching units for 1724523DE9012N (4207/5131)
2025-06-23 20:52:53,128 [INFO] Fetching units for 1724524DE9012N (4208/5131)
2025-06-23 20:53:08,993 [INFO] Fetching units for 1724525DE9012N (4209/5131)
2025-06-23 20:53:24,834 [INFO] Fetching units for 1724526DE9012N (4210/5131)
2025-06-23 20:53:40,653 [INFO] Fetching units for 1724527DE9012N (4211/5131)
2025-06-23 20:53:56,598 [INFO] Inserted 10 unit records.
2025-06-23 20:53:56,598 [INFO] Fetching units for 1724528DE9012N (4212/5131)
2025-06-23 20:54:12,425 [INFO] Fetching units for 1724529DE9012N (4213/5131)
2025-06-23 20:54:28,300 [INFO] Fetching units for 1724530DE9012N (4214/5131)
2025-06-23 20:54:44,151 [INFO] Fetching units for 1724531DE9012N (4215/5131)
2025-06-23 20:55:00,105 [INFO] Fetching units for 1724533DE9012N (4216/5131)
2025-06-23 20:55:16,074 [INFO] Fetching units for 1724535DE9012N (4217/5131)
2025-06-23 20:55:31,894 [INFO] Inserted 13 unit records.
2025-06-23 20:55:31,894 [INFO] Fetching units for 1724536DE9012N (4218/5131)
2025-06-23 20:55:47,684 [INFO] Fetching units for 1724901DE9012S (4219/5131)
2025-06-23 20:56:03,803 [INFO] Fetching units for 1724902DE9012S (4220/5131)
2025-06-23 20:56:19,934 [INFO] Fetching units for 1724903DE9012S (4221/5131)
2025-06-23 20:56:35,709 [INFO] Fetching units for 1724904DE9012S (4222/5131)
2025-06-23 20:56:51,583 [INFO] Fetching units for 1724905DE9012S (4223/5131)
2025-06-23 20:57:07,664 [INFO] Fetching units for 1724906DE9012S (4224/5131)
2025-06-23 20:57:23,484 [INFO] Fetching units for 1724907DE9012S (4225/5131)
2025-06-23 20:57:46,590 [INFO] Fetching units for 1724908DE9012S (4226/5131)
2025-06-23 20:58:12,210 [INFO] Inserted 11 unit records.
2025-06-23 20:58:12,210 [INFO] Fetching units for 1724909DE9012S (4227/5131)
2025-06-23 20:58:28,168 [INFO] Fetching units for 1724910DE9012S (4228/5131)
2025-06-23 20:58:44,004 [INFO] Fetching units for 1724911DE9012S (4229/5131)
2025-06-23 20:58:59,773 [INFO] Fetching units for 1724912DE9012S (4230/5131)
2025-06-23 20:59:15,662 [INFO] Fetching units for 1724913DE9012S (4231/5131)
2025-06-23 20:59:31,680 [INFO] Fetching units for 1724915DE9012S (4232/5131)
2025-06-23 20:59:47,536 [INFO] Fetching units for 1724916DE9012S (4233/5131)
2025-06-23 21:00:03,499 [INFO] Fetching units for 1724919DE9012S (4234/5131)
2025-06-23 21:00:31,126 [INFO] Inserted 11 unit records.
2025-06-23 21:00:31,126 [INFO] Fetching units for 1724920DE9012S (4235/5131)
2025-06-23 21:00:47,301 [INFO] Fetching units for 1724921DE9012S (4236/5131)
2025-06-23 21:01:03,155 [INFO] Fetching units for 1724922DE9012S (4237/5131)
2025-06-23 21:01:19,108 [INFO] Fetching units for 1725901DE9012N (4238/5131)
2025-06-23 21:01:35,046 [INFO] Fetching units for 1725902DE9012N (4239/5131)
2025-06-23 21:01:53,584 [INFO] Fetching units for 1725903DE9012N (4240/5131)
2025-06-23 21:02:09,650 [INFO] Fetching units for 1725904DE9012N (4241/5131)
2025-06-23 21:02:25,737 [INFO] Fetching units for 1725905DE9012N (4242/5131)
2025-06-23 21:02:41,728 [INFO] Inserted 10 unit records.
2025-06-23 21:02:41,728 [INFO] Fetching units for 1725906DE9012N (4243/5131)
2025-06-23 21:02:57,865 [INFO] Fetching units for 1725907DE9012N (4244/5131)
2025-06-23 21:03:13,905 [INFO] Fetching units for 1725908DE9012N (4245/5131)
2025-06-23 21:03:30,451 [INFO] Fetching units for 1725909DE9012N (4246/5131)
2025-06-23 21:03:46,326 [INFO] Fetching units for 1725910DE9012N (4247/5131)
2025-06-23 21:04:02,274 [INFO] Fetching units for 1725911DE9012N (4248/5131)
2025-06-23 21:04:18,240 [INFO] Inserted 10 unit records.
2025-06-23 21:04:18,240 [INFO] Fetching units for 1725912DE9012N (4249/5131)
2025-06-23 21:04:34,283 [INFO] Fetching units for 1725913DE9012S (4250/5131)
2025-06-23 21:04:50,136 [INFO] Fetching units for 1725914DE9012S (4251/5131)
2025-06-23 21:05:06,172 [INFO] Fetching units for 1725915DE9012S (4252/5131)
2025-06-23 21:05:22,093 [INFO] Fetching units for 1725916DE9012S (4253/5131)
2025-06-23 21:05:37,967 [INFO] Fetching units for 1725917DE9012S (4254/5131)
2025-06-23 21:05:54,434 [INFO] Fetching units for 1725918DE9012N (4255/5131)
2025-06-23 21:06:10,453 [INFO] Fetching units for 1725919DE9012N (4256/5131)
2025-06-23 21:06:26,489 [INFO] Fetching units for 1725920DE9012N (4257/5131)
2025-06-23 21:06:42,378 [INFO] Inserted 10 unit records.
2025-06-23 21:06:42,378 [INFO] Fetching units for 1725921DE9012N (4258/5131)
2025-06-23 21:06:58,231 [INFO] Fetching units for 1725922DE9012N (4259/5131)
2025-06-23 21:07:14,321 [INFO] Fetching units for 1725923DE9012N (4260/5131)
2025-06-23 21:07:30,152 [INFO] Fetching units for 1725924DE9012N (4261/5131)
2025-06-23 21:07:46,041 [INFO] Fetching units for 1725925DE9012N (4262/5131)
2025-06-23 21:08:12,851 [INFO] Fetching units for 1725926DE9012N (4263/5131)
2025-06-23 21:08:29,137 [INFO] Fetching units for 1725927DE9012N (4264/5131)
2025-06-23 21:08:45,029 [INFO] Fetching units for 1725928DE9012N (4265/5131)
2025-06-23 21:09:01,363 [INFO] Fetching units for 1725929DE9012N (4266/5131)
2025-06-23 21:09:17,509 [INFO] Inserted 10 unit records.
2025-06-23 21:09:17,509 [INFO] Fetching units for 1725930DE9012N (4267/5131)
2025-06-23 21:09:33,570 [INFO] Fetching units for 1725931DE9012N (4268/5131)
2025-06-23 21:09:49,505 [INFO] Fetching units for 1725932DE9012N (4269/5131)
2025-06-23 21:10:05,488 [INFO] Fetching units for 1725933DE9012N (4270/5131)
2025-06-23 21:10:21,359 [INFO] Fetching units for 1725934DE9012N (4271/5131)
2025-06-23 21:10:37,668 [INFO] Fetching units for 1725935DE9012N (4272/5131)
2025-06-23 21:10:53,567 [INFO] Fetching units for 1725936DE9012N (4273/5131)
2025-06-23 21:11:10,035 [INFO] Fetching units for 1725937DE9012N (4274/5131)
2025-06-23 21:11:25,055 [ERROR] Failed to fetch units for 1725937DE9012N: HTTPSConnectionPool(host='ovc.catastro.meh.es', port=443): Max retries exceeded with url: /OVCServWeb/OVCWcfCallejero/COVCCallejero.svc/json/Consulta_DNPRC?RefCat=1725937DE9012N (Caused by ConnectTimeoutError(<urllib3.connection.HTTPSConnection object at 0x0000025FC297FA60>, 'Connection to ovc.catastro.meh.es timed out. (connect timeout=15)'))
2025-06-23 21:12:08,608 [INFO] Fetching units for 1726601DE9012N (4275/5131)
2025-06-23 21:12:23,627 [ERROR] Failed to fetch units for 1726601DE9012N: HTTPSConnectionPool(host='ovc.catastro.meh.es', port=443): Max retries exceeded with url: /OVCServWeb/OVCWcfCallejero/COVCCallejero.svc/json/Consulta_DNPRC?RefCat=1726601DE9012N (Caused by ConnectTimeoutError(<urllib3.connection.HTTPSConnection object at 0x0000025FC299AE60>, 'Connection to ovc.catastro.meh.es timed out. (connect timeout=15)'))
2025-06-23 21:12:44,517 [INFO] Fetching units for 1726602DE9012N (4276/5131)
2025-06-23 21:13:15,503 [ERROR] Failed to fetch units for 1726602DE9012N: HTTPSConnectionPool(host='ovc.catastro.meh.es', port=443): Read timed out. (read timeout=15)
2025-06-23 21:13:51,046 [INFO] Inserted 10 unit records.
2025-06-23 21:13:51,046 [INFO] Fetching units for 1726603DE9012N (4277/5131)
2025-06-23 21:14:07,129 [INFO] Fetching units for 1726604DE9012N (4278/5131)
2025-06-23 21:14:22,133 [ERROR] Failed to fetch units for 1726604DE9012N: HTTPSConnectionPool(host='ovc.catastro.meh.es', port=443): Max retries exceeded with url: /OVCServWeb/OVCWcfCallejero/COVCCallejero.svc/json/Consulta_DNPRC?RefCat=1726604DE9012N (Caused by ConnectTimeoutError(<urllib3.connection.HTTPSConnection object at 0x0000025FC2999FC0>, 'Connection to ovc.catastro.meh.es timed out. (connect timeout=15)'))
2025-06-23 21:14:42,152 [ERROR] Failed to fetch units for 1726604DE9012N: HTTPSConnectionPool(host='ovc.catastro.meh.es', port=443): Max retries exceeded with url: /OVCServWeb/OVCWcfCallejero/COVCCallejero.svc/json/Consulta_DNPRC?RefCat=1726604DE9012N (Caused by ConnectTimeoutError(<urllib3.connection.HTTPSConnection object at 0x0000025FC29998A0>, 'Connection to ovc.catastro.meh.es timed out. (connect timeout=15)'))
2025-06-23 21:15:15,238 [INFO] Fetching units for 1726605DE9012N (4279/5131)
2025-06-23 21:15:31,175 [INFO] Fetching units for 1726606DE9012N (4280/5131)
2025-06-23 21:15:46,393 [ERROR] Failed to fetch units for 1726606DE9012N: HTTPSConnectionPool(host='ovc.catastro.meh.es', port=443): Read timed out. (read timeout=15)
2025-06-23 21:16:12,008 [INFO] Fetching units for 1726607DE9012N (4281/5131)
2025-06-23 21:16:35,568 [INFO] Fetching units for 1726608DE9012N (4282/5131)
2025-06-23 21:16:52,482 [INFO] Fetching units for 1726701DE9012N (4283/5131)
2025-06-23 21:17:13,459 [INFO] Fetching units for 1726702DE9012N (4284/5131)
2025-06-23 21:17:29,428 [INFO] Fetching units for 1726703DE9012N (4285/5131)
2025-06-23 21:17:44,440 [ERROR] Failed to fetch units for 1726703DE9012N: HTTPSConnectionPool(host='ovc.catastro.meh.es', port=443): Max retries exceeded with url: /OVCServWeb/OVCWcfCallejero/COVCCallejero.svc/json/Consulta_DNPRC?RefCat=1726703DE9012N (Caused by ConnectTimeoutError(<urllib3.connection.HTTPSConnection object at 0x0000025FC299B070>, 'Connection to ovc.catastro.meh.es timed out. (connect timeout=15)'))
2025-06-23 21:18:10,528 [INFO] Fetching units for 1726704DE9012N (4286/5131)
2025-06-23 21:18:25,538 [ERROR] Failed to fetch units for 1726704DE9012N: HTTPSConnectionPool(host='ovc.catastro.meh.es', port=443): Max retries exceeded with url: /OVCServWeb/OVCWcfCallejero/COVCCallejero.svc/json/Consulta_DNPRC?RefCat=1726704DE9012N (Caused by ConnectTimeoutError(<urllib3.connection.HTTPSConnection object at 0x0000025FC299B4C0>, 'Connection to ovc.catastro.meh.es timed out. (connect timeout=15)'))
2025-06-23 21:19:01,674 [INFO] Inserted 10 unit records.
2025-06-23 21:19:01,674 [INFO] Fetching units for 1726705DE9012N (4287/5131)
2025-06-23 21:19:22,618 [INFO] Fetching units for 1726706DE9012N (4288/5131)
2025-06-23 21:19:38,722 [INFO] Fetching units for 1726707DE9012N (4289/5131)
2025-06-23 21:19:58,541 [INFO] Fetching units for 1726708DE9012N (4290/5131)
2025-06-23 21:20:13,560 [ERROR] Failed to fetch units for 1726708DE9012N: HTTPSConnectionPool(host='ovc.catastro.meh.es', port=443): Max retries exceeded with url: /OVCServWeb/OVCWcfCallejero/COVCCallejero.svc/json/Consulta_DNPRC?RefCat=1726708DE9012N (Caused by ConnectTimeoutError(<urllib3.connection.HTTPSConnection object at 0x0000025FC299A080>, 'Connection to ovc.catastro.meh.es timed out. (connect timeout=15)'))
2025-06-23 21:20:34,437 [INFO] Fetching units for 1726709DE9012N (4291/5131)
2025-06-23 21:20:54,026 [INFO] Fetching units for 1726710DE9012N (4292/5131)
2025-06-23 21:21:12,969 [INFO] Fetching units for 1726711DE9012N (4293/5131)
2025-06-23 21:21:27,976 [ERROR] Failed to fetch units for 1726711DE9012N: HTTPSConnectionPool(host='ovc.catastro.meh.es', port=443): Max retries exceeded with url: /OVCServWeb/OVCWcfCallejero/COVCCallejero.svc/json/Consulta_DNPRC?RefCat=1726711DE9012N (Caused by ConnectTimeoutError(<urllib3.connection.HTTPSConnection object at 0x0000025FC29C9060>, 'Connection to ovc.catastro.meh.es timed out. (connect timeout=15)'))
2025-06-23 21:21:49,816 [INFO] Fetching units for 1726712DE9012N (4294/5131)
2025-06-23 21:22:05,915 [INFO] Inserted 12 unit records.
2025-06-23 21:22:05,915 [INFO] Fetching units for 1726901DE9012N (4295/5131)
2025-06-23 21:22:17,161 [ERROR] Failed to fetch units for 1726901DE9012N: HTTPSConnectionPool(host='ovc.catastro.meh.es', port=443): Max retries exceeded with url: /OVCServWeb/OVCWcfCallejero/COVCCallejero.svc/json/Consulta_DNPRC?RefCat=1726901DE9012N (Caused by NameResolutionError("<urllib3.connection.HTTPSConnection object at 0x0000025FC29999C0>: Failed to resolve 'ovc.catastro.meh.es' ([Errno 11001] getaddrinfo failed)"))
2025-06-23 21:22:38,041 [INFO] Fetching units for 1726902DE9012N (4296/5131)
2025-06-23 21:22:54,576 [INFO] Fetching units for 1726903DE9012N (4297/5131)
2025-06-23 21:23:13,619 [INFO] Fetching units for 1726904DE9012N (4298/5131)
2025-06-23 21:23:45,038 [INFO] Fetching units for 1726905DE9012N (4299/5131)
2025-06-23 21:24:00,054 [ERROR] Failed to fetch units for 1726905DE9012N: HTTPSConnectionPool(host='ovc.catastro.meh.es', port=443): Max retries exceeded with url: /OVCServWeb/OVCWcfCallejero/COVCCallejero.svc/json/Consulta_DNPRC?RefCat=1726905DE9012N (Caused by ConnectTimeoutError(<urllib3.connection.HTTPSConnection object at 0x0000025FC2999420>, 'Connection to ovc.catastro.meh.es timed out. (connect timeout=15)'))
2025-06-23 21:24:33,323 [INFO] Fetching units for 1726906DE9012N (4300/5131)
2025-06-23 21:24:49,581 [INFO] Fetching units for 1726907DE9012N (4301/5131)
2025-06-23 21:25:05,478 [INFO] Fetching units for 1726908DE9012N (4302/5131)
2025-06-23 21:25:20,492 [ERROR] Failed to fetch units for 1726908DE9012N: HTTPSConnectionPool(host='ovc.catastro.meh.es', port=443): Max retries exceeded with url: /OVCServWeb/OVCWcfCallejero/COVCCallejero.svc/json/Consulta_DNPRC?RefCat=1726908DE9012N (Caused by ConnectTimeoutError(<urllib3.connection.HTTPSConnection object at 0x0000025FC29C85E0>, 'Connection to ovc.catastro.meh.es timed out. (connect timeout=15)'))
2025-06-23 21:25:40,513 [ERROR] Failed to fetch units for 1726908DE9012N: HTTPSConnectionPool(host='ovc.catastro.meh.es', port=443): Max retries exceeded with url: /OVCServWeb/OVCWcfCallejero/COVCCallejero.svc/json/Consulta_DNPRC?RefCat=1726908DE9012N (Caused by ConnectTimeoutError(<urllib3.connection.HTTPSConnection object at 0x0000025FC29CAA10>, 'Connection to ovc.catastro.meh.es timed out. (connect timeout=15)'))
2025-06-23 21:25:50,529 [ERROR] Failed to fetch units for 1726908DE9012N: HTTPSConnectionPool(host='ovc.catastro.meh.es', port=443): Max retries exceeded with url: /OVCServWeb/OVCWcfCallejero/COVCCallejero.svc/json/Consulta_DNPRC?RefCat=1726908DE9012N (Caused by NameResolutionError("<urllib3.connection.HTTPSConnection object at 0x0000025FC299ABF0>: Failed to resolve 'ovc.catastro.meh.es' ([Errno 11001] getaddrinfo failed)"))
2025-06-23 21:26:25,543 [INFO] Fetching units for 1726909DE9012N (4303/5131)
2025-06-23 21:26:41,537 [INFO] Fetching units for 1726910DE9012N (4304/5131)
2025-06-23 21:26:57,404 [INFO] Fetching units for 1726911DE9012N (4305/5131)
2025-06-23 21:27:13,674 [INFO] Inserted 10 unit records.
2025-06-23 21:27:13,675 [INFO] Fetching units for 1726912DE9012N (4306/5131)
2025-06-23 21:27:30,184 [INFO] Fetching units for 1726913DE9012N (4307/5131)
2025-06-23 21:27:46,533 [INFO] Fetching units for 1726914DE9012N (4308/5131)
2025-06-23 21:28:09,870 [INFO] Fetching units for 1726915DE9012N (4309/5131)
2025-06-23 21:28:26,138 [INFO] Fetching units for 1726916DE9012N (4310/5131)
2025-06-23 21:28:42,075 [INFO] Fetching units for 1726917DE9012N (4311/5131)
2025-06-23 21:28:53,316 [ERROR] Failed to fetch units for 1726917DE9012N: HTTPSConnectionPool(host='ovc.catastro.meh.es', port=443): Max retries exceeded with url: /OVCServWeb/OVCWcfCallejero/COVCCallejero.svc/json/Consulta_DNPRC?RefCat=1726917DE9012N (Caused by NameResolutionError("<urllib3.connection.HTTPSConnection object at 0x0000025FC29CBC40>: Failed to resolve 'ovc.catastro.meh.es' ([Errno 11001] getaddrinfo failed)"))
2025-06-23 21:29:09,551 [ERROR] Failed to fetch units for 1726917DE9012N: HTTPSConnectionPool(host='ovc.catastro.meh.es', port=443): Max retries exceeded with url: /OVCServWeb/OVCWcfCallejero/COVCCallejero.svc/json/Consulta_DNPRC?RefCat=1726917DE9012N (Caused by NameResolutionError("<urllib3.connection.HTTPSConnection object at 0x0000025FC29CA350>: Failed to resolve 'ovc.catastro.meh.es' ([Errno 11001] getaddrinfo failed)"))
2025-06-23 21:29:30,777 [ERROR] Failed to fetch units for 1726917DE9012N: HTTPSConnectionPool(host='ovc.catastro.meh.es', port=443): Max retries exceeded with url: /OVCServWeb/OVCWcfCallejero/COVCCallejero.svc/json/Consulta_DNPRC?RefCat=1726917DE9012N (Caused by NameResolutionError("<urllib3.connection.HTTPSConnection object at 0x0000025FC29CAD70>: Failed to resolve 'ovc.catastro.meh.es' ([Errno 11001] getaddrinfo failed)"))
2025-06-23 21:30:05,792 [INFO] Fetching units for 1726918DE9012N (4312/5131)
2025-06-23 21:30:22,125 [INFO] Fetching units for 1726919DE9012N (4313/5131)
2025-06-23 21:30:38,014 [INFO] Fetching units for 1726920DE9012N (4314/5131)
2025-06-23 21:30:53,960 [INFO] Fetching units for 1726921DE9012N (4315/5131)
2025-06-23 21:31:09,789 [INFO] Fetching units for 1801401DE9011S (4316/5131)
2025-06-23 21:31:21,020 [ERROR] Failed to fetch units for 1801401DE9011S: HTTPSConnectionPool(host='ovc.catastro.meh.es', port=443): Max retries exceeded with url: /OVCServWeb/OVCWcfCallejero/COVCCallejero.svc/json/Consulta_DNPRC?RefCat=1801401DE9011S (Caused by NameResolutionError("<urllib3.connection.HTTPSConnection object at 0x0000025FC299AAD0>: Failed to resolve 'ovc.catastro.meh.es' ([Errno 11001] getaddrinfo failed)"))
2025-06-23 21:31:45,607 [INFO] Inserted 11 unit records.
2025-06-23 21:31:45,607 [INFO] Fetching units for 1801402DE9011S (4317/5131)
2025-06-23 21:32:12,085 [INFO] Fetching units for 1801403DE9011S (4318/5131)
2025-06-23 21:32:29,154 [INFO] Fetching units for 1801404DE9011S (4319/5131)
2025-06-23 21:32:44,929 [INFO] Fetching units for 1801405DE9011S (4320/5131)
2025-06-23 21:33:00,828 [INFO] Fetching units for 1806401DE9010N (4321/5131)
2025-06-23 21:33:16,747 [INFO] Fetching units for 1806402DE9010N (4322/5131)
2025-06-23 21:33:32,588 [INFO] Inserted 14 unit records.
2025-06-23 21:33:32,588 [INFO] Fetching units for 1806404DE9010N (4323/5131)
2025-06-23 21:33:48,396 [INFO] Fetching units for 1806405DE9010N (4324/5131)
2025-06-23 21:34:03,424 [ERROR] Failed to fetch units for 1806405DE9010N: HTTPSConnectionPool(host='ovc.catastro.meh.es', port=443): Max retries exceeded with url: /OVCServWeb/OVCWcfCallejero/COVCCallejero.svc/json/Consulta_DNPRC?RefCat=1806405DE9010N (Caused by ConnectTimeoutError(<urllib3.connection.HTTPSConnection object at 0x0000025FC299BD00>, 'Connection to ovc.catastro.meh.es timed out. (connect timeout=15)'))
2025-06-23 21:34:19,667 [ERROR] Failed to fetch units for 1806405DE9010N: HTTPSConnectionPool(host='ovc.catastro.meh.es', port=443): Max retries exceeded with url: /OVCServWeb/OVCWcfCallejero/COVCCallejero.svc/json/Consulta_DNPRC?RefCat=1806405DE9010N (Caused by NameResolutionError("<urllib3.connection.HTTPSConnection object at 0x0000025FC29E4F40>: Failed to resolve 'ovc.catastro.meh.es' ([Errno 11001] getaddrinfo failed)"))
2025-06-23 21:34:45,938 [INFO] Inserted 32 unit records.
2025-06-23 21:34:45,938 [INFO] Fetching units for 1806406DE9010N (4325/5131)
2025-06-23 21:35:01,758 [INFO] Fetching units for 1806407DE9010N (4326/5131)
2025-06-23 21:35:16,763 [ERROR] Failed to fetch units for 1806407DE9010N: HTTPSConnectionPool(host='ovc.catastro.meh.es', port=443): Max retries exceeded with url: /OVCServWeb/OVCWcfCallejero/COVCCallejero.svc/json/Consulta_DNPRC?RefCat=1806407DE9010N (Caused by ConnectTimeoutError(<urllib3.connection.HTTPSConnection object at 0x0000025FC29E7A00>, 'Connection to ovc.catastro.meh.es timed out. (connect timeout=15)'))
2025-06-23 21:35:33,036 [ERROR] Failed to fetch units for 1806407DE9010N: HTTPSConnectionPool(host='ovc.catastro.meh.es', port=443): Max retries exceeded with url: /OVCServWeb/OVCWcfCallejero/COVCCallejero.svc/json/Consulta_DNPRC?RefCat=1806407DE9010N (Caused by NameResolutionError("<urllib3.connection.HTTPSConnection object at 0x0000025FC29E5F90>: Failed to resolve 'ovc.catastro.meh.es' ([Errno 11001] getaddrinfo failed)"))
2025-06-23 21:35:54,283 [ERROR] Failed to fetch units for 1806407DE9010N: HTTPSConnectionPool(host='ovc.catastro.meh.es', port=443): Max retries exceeded with url: /OVCServWeb/OVCWcfCallejero/COVCCallejero.svc/json/Consulta_DNPRC?RefCat=1806407DE9010N (Caused by NameResolutionError("<urllib3.connection.HTTPSConnection object at 0x0000025FC29E71F0>: Failed to resolve 'ovc.catastro.meh.es' ([Errno 11001] getaddrinfo failed)"))
2025-06-23 21:36:29,300 [INFO] Fetching units for 1806408DE9010N (4327/5131)
2025-06-23 21:36:48,669 [ERROR] Failed to fetch units for 1806408DE9010N: HTTPSConnectionPool(host='ovc.catastro.meh.es', port=443): Read timed out. (read timeout=15)
2025-06-23 21:37:09,558 [INFO] Fetching units for 1806409DE9010N (4328/5131)
2025-06-23 21:37:25,400 [INFO] Fetching units for 1806410DE9010N (4329/5131)
2025-06-23 21:37:40,404 [ERROR] Failed to fetch units for 1806410DE9010N: HTTPSConnectionPool(host='ovc.catastro.meh.es', port=443): Max retries exceeded with url: /OVCServWeb/OVCWcfCallejero/COVCCallejero.svc/json/Consulta_DNPRC?RefCat=1806410DE9010N (Caused by ConnectTimeoutError(<urllib3.connection.HTTPSConnection object at 0x0000025FC29E7DF0>, 'Connection to ovc.catastro.meh.es timed out. (connect timeout=15)'))
2025-06-23 21:38:01,303 [INFO] Fetching units for 1806411DE9010N (4330/5131)
2025-06-23 21:38:27,130 [INFO] Fetching units for 1806412DE9010N (4331/5131)
2025-06-23 21:38:45,721 [INFO] Fetching units for 1806413DE9010N (4332/5131)
2025-06-23 21:39:01,741 [INFO] Fetching units for 1806414DE9010N (4333/5131)
2025-06-23 21:39:22,471 [INFO] Fetching units for 1808101DE9010N (4334/5131)
2025-06-23 21:39:38,290 [INFO] Fetching units for 1808102DE9010N (4335/5131)
2025-06-23 21:39:54,174 [INFO] Inserted 10 unit records.
2025-06-23 21:39:54,174 [INFO] Fetching units for 1808103DE9010N (4336/5131)
2025-06-23 21:40:11,158 [ERROR] Failed to fetch units for 1808103DE9010N: HTTPSConnectionPool(host='ovc.catastro.meh.es', port=443): Read timed out. (read timeout=15)
2025-06-23 21:40:31,175 [ERROR] Failed to fetch units for 1808103DE9010N: HTTPSConnectionPool(host='ovc.catastro.meh.es', port=443): Max retries exceeded with url: /OVCServWeb/OVCWcfCallejero/COVCCallejero.svc/json/Consulta_DNPRC?RefCat=1808103DE9010N (Caused by ConnectTimeoutError(<urllib3.connection.HTTPSConnection object at 0x0000025FC29E74C0>, 'Connection to ovc.catastro.meh.es timed out. (connect timeout=15)'))
2025-06-23 21:40:56,188 [ERROR] Failed to fetch units for 1808103DE9010N: HTTPSConnectionPool(host='ovc.catastro.meh.es', port=443): Max retries exceeded with url: /OVCServWeb/OVCWcfCallejero/COVCCallejero.svc/json/Consulta_DNPRC?RefCat=1808103DE9010N (Caused by ConnectTimeoutError(<urllib3.connection.HTTPSConnection object at 0x0000025FC2A14430>, 'Connection to ovc.catastro.meh.es timed out. (connect timeout=15)'))
2025-06-23 21:41:31,212 [INFO] Fetching units for 1808104DE9010N (4337/5131)
2025-06-23 21:41:54,521 [INFO] Fetching units for 1808105DE9010N (4338/5131)
2025-06-23 21:42:11,435 [INFO] Fetching units for 1808106DE9010N (4339/5131)
2025-06-23 21:42:26,441 [ERROR] Failed to fetch units for 1808106DE9010N: HTTPSConnectionPool(host='ovc.catastro.meh.es', port=443): Max retries exceeded with url: /OVCServWeb/OVCWcfCallejero/COVCCallejero.svc/json/Consulta_DNPRC?RefCat=1808106DE9010N (Caused by ConnectTimeoutError(<urllib3.connection.HTTPSConnection object at 0x0000025FC2A14820>, 'Connection to ovc.catastro.meh.es timed out. (connect timeout=15)'))
2025-06-23 21:42:48,401 [INFO] Fetching units for 1808201DE9010N (4340/5131)
2025-06-23 21:43:04,344 [INFO] Fetching units for 1808202DE9010N (4341/5131)
2025-06-23 21:43:20,262 [INFO] Fetching units for 1808203DE9010N (4342/5131)
2025-06-23 21:43:36,088 [INFO] Fetching units for 1808204DE9010N (4343/5131)
2025-06-23 21:43:51,092 [ERROR] Failed to fetch units for 1808204DE9010N: HTTPSConnectionPool(host='ovc.catastro.meh.es', port=443): Max retries exceeded with url: /OVCServWeb/OVCWcfCallejero/COVCCallejero.svc/json/Consulta_DNPRC?RefCat=1808204DE9010N (Caused by ConnectTimeoutError(<urllib3.connection.HTTPSConnection object at 0x0000025FC29E72B0>, 'Connection to ovc.catastro.meh.es timed out. (connect timeout=15)'))
2025-06-23 21:44:12,266 [INFO] Fetching units for 1808205DE9010N (4344/5131)
2025-06-23 21:44:28,077 [INFO] Inserted 13 unit records.
2025-06-23 21:44:28,077 [INFO] Fetching units for 1808206DE9010N (4345/5131)
2025-06-23 21:44:51,753 [ERROR] Failed to fetch units for 1808206DE9010N: HTTPSConnectionPool(host='ovc.catastro.meh.es', port=443): Read timed out. (read timeout=15)
2025-06-23 21:45:12,674 [INFO] Fetching units for 1808207DE9010N (4346/5131)
2025-06-23 21:45:28,502 [INFO] Fetching units for 1808208DE9010N (4347/5131)
2025-06-23 21:45:43,515 [ERROR] Failed to fetch units for 1808208DE9010N: HTTPSConnectionPool(host='ovc.catastro.meh.es', port=443): Max retries exceeded with url: /OVCServWeb/OVCWcfCallejero/COVCCallejero.svc/json/Consulta_DNPRC?RefCat=1808208DE9010N (Caused by ConnectTimeoutError(<urllib3.connection.HTTPSConnection object at 0x0000025FC2A140A0>, 'Connection to ovc.catastro.meh.es timed out. (connect timeout=15)'))
2025-06-23 21:46:03,516 [ERROR] Failed to fetch units for 1808208DE9010N: HTTPSConnectionPool(host='ovc.catastro.meh.es', port=443): Max retries exceeded with url: /OVCServWeb/OVCWcfCallejero/COVCCallejero.svc/json/Consulta_DNPRC?RefCat=1808208DE9010N (Caused by ConnectTimeoutError(<urllib3.connection.HTTPSConnection object at 0x0000025FC2A17550>, 'Connection to ovc.catastro.meh.es timed out. (connect timeout=15)'))
2025-06-23 21:46:37,226 [ERROR] Failed to fetch units for 1808208DE9010N: HTTPSConnectionPool(host='ovc.catastro.meh.es', port=443): Read timed out. (read timeout=15)
2025-06-23 21:47:12,253 [INFO] Fetching units for 1808209DE9010N (4348/5131)
2025-06-23 21:47:28,171 [INFO] Fetching units for 1808210DE9010N (4349/5131)
2025-06-23 21:47:44,029 [INFO] Fetching units for 1808211DE9010N (4350/5131)
2025-06-23 21:47:59,868 [INFO] Fetching units for 1808212DE9010N (4351/5131)
2025-06-23 21:48:15,709 [INFO] Fetching units for 1808213DE9010N (4352/5131)
2025-06-23 21:48:31,651 [INFO] Fetching units for 1808214DE9010N (4353/5131)
2025-06-23 21:48:47,590 [INFO] Fetching units for 1808215DE9010N (4354/5131)
2025-06-23 21:49:03,581 [INFO] Fetching units for 1808216DE9010N (4355/5131)
2025-06-23 21:49:19,497 [INFO] Inserted 10 unit records.
2025-06-23 21:49:19,497 [INFO] Fetching units for 1808217DE9010N (4356/5131)
2025-06-23 21:49:35,628 [INFO] Fetching units for 1808218DE9010N (4357/5131)
2025-06-23 21:49:51,888 [INFO] Fetching units for 1808219DE9010N (4358/5131)
2025-06-23 21:50:07,867 [INFO] Fetching units for 1808220DE9010N (4359/5131)
2025-06-23 21:50:23,746 [INFO] Fetching units for 1808401DE9010N (4360/5131)
2025-06-23 21:50:39,689 [INFO] Fetching units for 1808402DE9010N (4361/5131)
2025-06-23 21:51:12,258 [INFO] Fetching units for 1808403DE9010N (4362/5131)
2025-06-23 21:51:28,058 [ERROR] Failed to fetch units for 1808403DE9010N: ('Connection aborted.', ConnectionResetError(10054, 'An existing connection was forcibly closed by the remote host', None, 10054, None))
2025-06-23 21:51:57,060 [INFO] Inserted 10 unit records.
2025-06-23 21:51:57,060 [INFO] Fetching units for 1808404DE9010N (4363/5131)
2025-06-23 21:52:19,747 [ERROR] Failed to fetch units for 1808404DE9010N: ('Connection aborted.', ConnectionResetError(10054, 'An existing connection was forcibly closed by the remote host', None, 10054, None))
2025-06-23 21:52:40,547 [INFO] Fetching units for 1808405DE9010N (4364/5131)
2025-06-23 21:52:58,986 [INFO] Fetching units for 1808406DE9010N (4365/5131)
2025-06-23 21:53:14,845 [INFO] Fetching units for 1808407DE9010N (4366/5131)
2025-06-23 21:53:37,357 [INFO] Fetching units for 1808408DE9010N (4367/5131)
2025-06-23 21:53:53,091 [INFO] Fetching units for 1808413DE9010N (4368/5131)
2025-06-23 21:54:09,533 [INFO] Fetching units for 1808501DE9010N (4369/5131)
2025-06-23 21:54:25,324 [INFO] Inserted 11 unit records.
2025-06-23 21:54:25,324 [INFO] Fetching units for 1808502DE9010N (4370/5131)
2025-06-23 21:54:40,339 [ERROR] Failed to fetch units for 1808502DE9010N: HTTPSConnectionPool(host='ovc.catastro.meh.es', port=443): Max retries exceeded with url: /OVCServWeb/OVCWcfCallejero/COVCCallejero.svc/json/Consulta_DNPRC?RefCat=1808502DE9010N (Caused by ConnectTimeoutError(<urllib3.connection.HTTPSConnection object at 0x0000025FC2A15780>, 'Connection to ovc.catastro.meh.es timed out. (connect timeout=15)'))
2025-06-23 21:55:10,940 [INFO] Fetching units for 1808503DE9010N (4371/5131)
2025-06-23 21:55:26,953 [INFO] Fetching units for 1808504DE9010N (4372/5131)
2025-06-23 21:56:01,495 [INFO] Fetching units for 1808901DE9010N (4373/5131)
2025-06-23 21:56:26,333 [INFO] Fetching units for 1808902DE9010N (4374/5131)
2025-06-23 21:56:37,552 [ERROR] Failed to fetch units for 1808902DE9010N: HTTPSConnectionPool(host='ovc.catastro.meh.es', port=443): Max retries exceeded with url: /OVCServWeb/OVCWcfCallejero/COVCCallejero.svc/json/Consulta_DNPRC?RefCat=1808902DE9010N (Caused by NameResolutionError("<urllib3.connection.HTTPSConnection object at 0x0000025FC2A34B20>: Failed to resolve 'ovc.catastro.meh.es' ([Errno 11001] getaddrinfo failed)"))
2025-06-23 21:57:10,750 [INFO] Fetching units for 1809601DE9010N (4375/5131)
2025-06-23 21:57:25,756 [ERROR] Failed to fetch units for 1809601DE9010N: HTTPSConnectionPool(host='ovc.catastro.meh.es', port=443): Max retries exceeded with url: /OVCServWeb/OVCWcfCallejero/COVCCallejero.svc/json/Consulta_DNPRC?RefCat=1809601DE9010N (Caused by ConnectTimeoutError(<urllib3.connection.HTTPSConnection object at 0x0000025FC2A36440>, 'Connection to ovc.catastro.meh.es timed out. (connect timeout=15)'))
2025-06-23 21:58:07,233 [INFO] Fetching units for 1809602DE9010N (4376/5131)
2025-06-23 21:58:23,107 [INFO] Fetching units for 1809603DE9010N (4377/5131)
2025-06-23 21:58:39,032 [INFO] Fetching units for 1809604DE9010N (4378/5131)
2025-06-23 21:58:50,258 [ERROR] Failed to fetch units for 1809604DE9010N: HTTPSConnectionPool(host='ovc.catastro.meh.es', port=443): Max retries exceeded with url: /OVCServWeb/OVCWcfCallejero/COVCCallejero.svc/json/Consulta_DNPRC?RefCat=1809604DE9010N (Caused by NameResolutionError("<urllib3.connection.HTTPSConnection object at 0x0000025FC2A17070>: Failed to resolve 'ovc.catastro.meh.es' ([Errno 11001] getaddrinfo failed)"))
2025-06-23 21:59:06,490 [ERROR] Failed to fetch units for 1809604DE9010N: HTTPSConnectionPool(host='ovc.catastro.meh.es', port=443): Max retries exceeded with url: /OVCServWeb/OVCWcfCallejero/COVCCallejero.svc/json/Consulta_DNPRC?RefCat=1809604DE9010N (Caused by NameResolutionError("<urllib3.connection.HTTPSConnection object at 0x0000025FC2A14340>: Failed to resolve 'ovc.catastro.meh.es' ([Errno 11001] getaddrinfo failed)"))
2025-06-23 21:59:32,461 [INFO] Inserted 14 unit records.
2025-06-23 21:59:32,461 [INFO] Fetching units for 1809605DE9010N (4379/5131)
2025-06-23 21:59:56,135 [INFO] Fetching units for 1809606DE9010N (4380/5131)
2025-06-23 22:00:26,989 [INFO] Fetching units for 1809607DE9010N (4381/5131)
2025-06-23 22:00:58,271 [INFO] Fetching units for 1809701DE9010N (4382/5131)
2025-06-23 22:01:13,290 [ERROR] Failed to fetch units for 1809701DE9010N: HTTPSConnectionPool(host='ovc.catastro.meh.es', port=443): Max retries exceeded with url: /OVCServWeb/OVCWcfCallejero/COVCCallejero.svc/json/Consulta_DNPRC?RefCat=1809701DE9010N (Caused by ConnectTimeoutError(<urllib3.connection.HTTPSConnection object at 0x0000025FC2A15F90>, 'Connection to ovc.catastro.meh.es timed out. (connect timeout=15)'))
2025-06-23 22:01:45,342 [INFO] Fetching units for 1809702DE9010N (4383/5131)
2025-06-23 22:02:07,311 [INFO] Fetching units for 1809703DE9010N (4384/5131)
2025-06-23 22:02:23,154 [INFO] Fetching units for 1809704DE9010N (4385/5131)
2025-06-23 22:02:39,194 [INFO] Fetching units for 1809708DE9010N (4386/5131)
2025-06-23 22:03:14,295 [INFO] Inserted 10 unit records.
2025-06-23 22:03:14,295 [INFO] Fetching units for 1809710DE9010N (4387/5131)
2025-06-23 22:03:32,956 [ERROR] Failed to fetch units for 1809710DE9010N: HTTPSConnectionPool(host='ovc.catastro.meh.es', port=443): Read timed out. (read timeout=15)
2025-06-23 22:03:49,229 [ERROR] Failed to fetch units for 1809710DE9010N: HTTPSConnectionPool(host='ovc.catastro.meh.es', port=443): Max retries exceeded with url: /OVCServWeb/OVCWcfCallejero/COVCCallejero.svc/json/Consulta_DNPRC?RefCat=1809710DE9010N (Caused by NameResolutionError("<urllib3.connection.HTTPSConnection object at 0x0000025FC2A16CE0>: Failed to resolve 'ovc.catastro.meh.es' ([Errno 11001] getaddrinfo failed)"))
2025-06-23 22:04:25,044 [INFO] Fetching units for 1809711DE9010N (4388/5131)
2025-06-23 22:04:40,860 [INFO] Fetching units for 1809712DE9010N (4389/5131)
2025-06-23 22:04:56,628 [INFO] Fetching units for 1809713DE9010N (4390/5131)
2025-06-23 22:05:12,616 [INFO] Fetching units for 1809714DE9010N (4391/5131)
2025-06-23 22:05:28,424 [INFO] Fetching units for 1809715DE9010N (4392/5131)
2025-06-23 22:05:44,379 [INFO] Fetching units for 1809901DE9010N (4393/5131)
2025-06-23 22:06:00,304 [INFO] Fetching units for 1809902DE9010N (4394/5131)
2025-06-23 22:06:16,379 [INFO] Fetching units for 1809903DE9010N (4395/5131)
2025-06-23 22:06:34,393 [INFO] Inserted 10 unit records.
2025-06-23 22:06:34,393 [INFO] Fetching units for 1809904DE9010N (4396/5131)
2025-06-23 22:06:49,402 [ERROR] Failed to fetch units for 1809904DE9010N: HTTPSConnectionPool(host='ovc.catastro.meh.es', port=443): Max retries exceeded with url: /OVCServWeb/OVCWcfCallejero/COVCCallejero.svc/json/Consulta_DNPRC?RefCat=1809904DE9010N (Caused by ConnectTimeoutError(<urllib3.connection.HTTPSConnection object at 0x0000025FC2A16DA0>, 'Connection to ovc.catastro.meh.es timed out. (connect timeout=15)'))
2025-06-23 22:07:26,035 [INFO] Fetching units for 1809905DE9010N (4397/5131)
2025-06-23 22:07:42,071 [ERROR] Failed to fetch units for 1809905DE9010N: HTTPSConnectionPool(host='ovc.catastro.meh.es', port=443): Read timed out. (read timeout=15)
2025-06-23 22:08:03,194 [INFO] Fetching units for 1809906DE9010N (4398/5131)
2025-06-23 22:08:18,217 [ERROR] Failed to fetch units for 1809906DE9010N: HTTPSConnectionPool(host='ovc.catastro.meh.es', port=443): Max retries exceeded with url: /OVCServWeb/OVCWcfCallejero/COVCCallejero.svc/json/Consulta_DNPRC?RefCat=1809906DE9010N (Caused by ConnectTimeoutError(<urllib3.connection.HTTPSConnection object at 0x0000025FC2A36D10>, 'Connection to ovc.catastro.meh.es timed out. (connect timeout=15)'))
2025-06-23 22:08:49,944 [INFO] Fetching units for 1809907DE9010N (4399/5131)
2025-06-23 22:09:09,158 [INFO] Fetching units for 1809908DE9010N (4400/5131)
2025-06-23 22:09:24,979 [INFO] Fetching units for 1809909DE9010N (4401/5131)
2025-06-23 22:09:40,901 [INFO] Fetching units for 1810801DE9010N (4402/5131)
2025-06-23 22:09:55,902 [ERROR] Failed to fetch units for 1810801DE9010N: HTTPSConnectionPool(host='ovc.catastro.meh.es', port=443): Max retries exceeded with url: /OVCServWeb/OVCWcfCallejero/COVCCallejero.svc/json/Consulta_DNPRC?RefCat=1810801DE9010N (Caused by ConnectTimeoutError(<urllib3.connection.HTTPSConnection object at 0x0000025FC29E6DA0>, 'Connection to ovc.catastro.meh.es timed out. (connect timeout=15)'))
2025-06-23 22:10:12,209 [ERROR] Failed to fetch units for 1810801DE9010N: HTTPSConnectionPool(host='ovc.catastro.meh.es', port=443): Max retries exceeded with url: /OVCServWeb/OVCWcfCallejero/COVCCallejero.svc/json/Consulta_DNPRC?RefCat=1810801DE9010N (Caused by NameResolutionError("<urllib3.connection.HTTPSConnection object at 0x0000025FC2A16BC0>: Failed to resolve 'ovc.catastro.meh.es' ([Errno 11001] getaddrinfo failed)"))
2025-06-23 22:10:53,020 [INFO] Fetching units for 1810802DE9010N (4403/5131)
2025-06-23 22:11:08,722 [ERROR] Failed to fetch units for 1810802DE9010N: HTTPSConnectionPool(host='ovc.catastro.meh.es', port=443): Read timed out. (read timeout=15)
2025-06-23 22:11:39,228 [INFO] Fetching units for 1810803DE9010N (4404/5131)
2025-06-23 22:11:54,233 [ERROR] Failed to fetch units for 1810803DE9010N: HTTPSConnectionPool(host='ovc.catastro.meh.es', port=443): Max retries exceeded with url: /OVCServWeb/OVCWcfCallejero/COVCCallejero.svc/json/Consulta_DNPRC?RefCat=1810803DE9010N (Caused by ConnectTimeoutError(<urllib3.connection.HTTPSConnection object at 0x0000025FC2A37AF0>, 'Connection to ovc.catastro.meh.es timed out. (connect timeout=15)'))
2025-06-23 22:12:14,515 [ERROR] Failed to fetch units for 1810803DE9010N: HTTPSConnectionPool(host='ovc.catastro.meh.es', port=443): Read timed out. (read timeout=15)
2025-06-23 22:12:40,630 [INFO] Fetching units for 1810804DE9010N (4405/5131)
2025-06-23 22:12:56,567 [INFO] Inserted 10 unit records.
2025-06-23 22:12:56,567 [INFO] Fetching units for 1810806DE9010N (4406/5131)
2025-06-23 22:13:12,510 [INFO] Fetching units for 1810807DE9010N (4407/5131)
2025-06-23 22:13:27,522 [ERROR] Failed to fetch units for 1810807DE9010N: HTTPSConnectionPool(host='ovc.catastro.meh.es', port=443): Max retries exceeded with url: /OVCServWeb/OVCWcfCallejero/COVCCallejero.svc/json/Consulta_DNPRC?RefCat=1810807DE9010N (Caused by ConnectTimeoutError(<urllib3.connection.HTTPSConnection object at 0x0000025FC2A171F0>, 'Connection to ovc.catastro.meh.es timed out. (connect timeout=15)'))
2025-06-23 22:13:51,038 [INFO] Fetching units for 1810808DE9010N (4408/5131)
2025-06-23 22:14:08,263 [INFO] Fetching units for 1825401DE9012N (4409/5131)
2025-06-23 22:14:28,318 [INFO] Fetching units for 1825402DE9012N (4410/5131)
2025-06-23 22:14:44,354 [INFO] Fetching units for 1826401DE9012N (4411/5131)
2025-06-23 22:15:00,354 [INFO] Fetching units for 1826402DE9012N (4412/5131)
2025-06-23 22:15:16,156 [INFO] Fetching units for 1826403DE9012N (4413/5131)
2025-06-23 22:15:31,981 [INFO] Inserted 13 unit records.
2025-06-23 22:15:31,981 [INFO] Fetching units for 1826404DE9012N (4414/5131)
2025-06-23 22:15:47,877 [INFO] Fetching units for 1826405DE9012N (4415/5131)
2025-06-23 22:16:03,797 [INFO] Fetching units for 1826406DE9012N (4416/5131)
2025-06-23 22:16:19,703 [INFO] Fetching units for 1826407DE9012N (4417/5131)
2025-06-23 22:16:35,579 [INFO] Fetching units for 1826408DE9012N (4418/5131)
2025-06-23 22:16:51,423 [INFO] Fetching units for 1826409DE9012N (4419/5131)
2025-06-23 22:17:07,395 [INFO] Fetching units for 1826410DE9012N (4420/5131)
2025-06-23 22:17:23,217 [INFO] Fetching units for 1826411DE9012N (4421/5131)
2025-06-23 22:17:39,065 [INFO] Inserted 12 unit records.
2025-06-23 22:17:39,068 [INFO] Fetching units for 1826801DE9012N (4422/5131)
2025-06-23 22:17:54,872 [INFO] Fetching units for 1826802DE9012N (4423/5131)
2025-06-23 22:18:11,342 [INFO] Fetching units for 1826803DE9012N (4424/5131)
2025-06-23 22:18:30,850 [INFO] Fetching units for 1826804DE9012N (4425/5131)
2025-06-23 22:18:46,816 [INFO] Fetching units for 1826805DE9012N (4426/5131)
2025-06-23 22:19:02,617 [INFO] Fetching units for 1826806DE9012N (4427/5131)
2025-06-23 22:19:18,585 [INFO] Fetching units for 1826807DE9012N (4428/5131)
2025-06-23 22:19:34,452 [INFO] Fetching units for 1826808DE9012N (4429/5131)
2025-06-23 22:19:50,312 [INFO] Fetching units for 1826809DE9012N (4430/5131)
2025-06-23 22:20:08,626 [INFO] Fetching units for 1826810DE9012N (4431/5131)
2025-06-23 22:20:24,552 [INFO] Inserted 10 unit records.
2025-06-23 22:20:24,552 [INFO] Fetching units for 1826811DE9012N (4432/5131)
2025-06-23 22:20:40,395 [INFO] Fetching units for 1826812DE9012N (4433/5131)
2025-06-23 22:21:00,156 [INFO] Fetching units for 1826813DE9012N (4434/5131)
2025-06-23 22:21:19,633 [INFO] Fetching units for 1826814DE9012N (4435/5131)
2025-06-23 22:21:37,211 [INFO] Fetching units for 1826815DE9012N (4436/5131)
2025-06-23 22:21:53,058 [INFO] Fetching units for 1826816DE9012N (4437/5131)
2025-06-23 22:22:09,073 [INFO] Fetching units for 1826817DE9012N (4438/5131)
2025-06-23 22:22:30,157 [INFO] Fetching units for 1826818DE9012N (4439/5131)
2025-06-23 22:22:46,147 [INFO] Fetching units for 1826819DE9012N (4440/5131)
2025-06-23 22:23:11,621 [INFO] Fetching units for 1826820DE9012N (4441/5131)
2025-06-23 22:23:43,469 [INFO] Inserted 10 unit records.
2025-06-23 22:23:43,469 [INFO] Fetching units for 1909101DE9010N (4442/5131)
2025-06-23 22:23:59,417 [INFO] Fetching units for 1909102DE9010N (4443/5131)
2025-06-23 22:24:15,413 [INFO] Fetching units for 1909201DE9010N (4444/5131)
2025-06-23 22:24:31,225 [INFO] Fetching units for 1909202DE9010N (4445/5131)
2025-06-23 22:24:47,186 [INFO] Fetching units for 1909203DE9010N (4446/5131)
2025-06-23 22:25:03,084 [INFO] Fetching units for 1909204DE9010N (4447/5131)
2025-06-23 22:25:19,020 [INFO] Fetching units for 1909205DE9010N (4448/5131)
2025-06-23 22:25:35,108 [INFO] Fetching units for 1909207DE9010N (4449/5131)
2025-06-23 22:25:51,349 [INFO] Fetching units for 1909301DE9011S (4450/5131)
2025-06-23 22:26:06,368 [ERROR] Failed to fetch units for 1909301DE9011S: HTTPSConnectionPool(host='ovc.catastro.meh.es', port=443): Max retries exceeded with url: /OVCServWeb/OVCWcfCallejero/COVCCallejero.svc/json/Consulta_DNPRC?RefCat=1909301DE9011S (Caused by ConnectTimeoutError(<urllib3.connection.HTTPSConnection object at 0x0000025FC2A797E0>, 'Connection to ovc.catastro.meh.es timed out. (connect timeout=15)'))
2025-06-23 22:26:29,773 [INFO] Fetching units for 1909302DE9010N (4451/5131)
2025-06-23 22:26:44,785 [ERROR] Failed to fetch units for 1909302DE9010N: HTTPSConnectionPool(host='ovc.catastro.meh.es', port=443): Max retries exceeded with url: /OVCServWeb/OVCWcfCallejero/COVCCallejero.svc/json/Consulta_DNPRC?RefCat=1909302DE9010N (Caused by ConnectTimeoutError(<urllib3.connection.HTTPSConnection object at 0x0000025FC2A7A7D0>, 'Connection to ovc.catastro.meh.es timed out. (connect timeout=15)'))
2025-06-23 22:27:09,253 [INFO] Inserted 22 unit records.
2025-06-23 22:27:09,253 [INFO] Fetching units for 1909303DE9010N (4452/5131)
2025-06-23 22:27:26,776 [INFO] Fetching units for 1909304DE9010N (4453/5131)
2025-06-23 22:27:43,631 [INFO] Fetching units for 1909305DE9010N (4454/5131)
2025-06-23 22:27:59,802 [INFO] Fetching units for 1909306DE9010N (4455/5131)
2025-06-23 22:28:17,869 [INFO] Fetching units for 1909307DE9010N (4456/5131)
2025-06-23 22:28:33,667 [INFO] Fetching units for 1909308DE9010N (4457/5131)
2025-06-23 22:28:49,561 [INFO] Fetching units for 1909309DE9010N (4458/5131)
2025-06-23 22:29:05,464 [INFO] Fetching units for 1909310DE9010N (4459/5131)
2025-06-23 22:29:21,676 [INFO] Fetching units for 1909311DE9010N (4460/5131)
2025-06-23 22:29:37,529 [INFO] Fetching units for 1909312DE9010N (4461/5131)
2025-06-23 22:29:55,770 [INFO] Inserted 10 unit records.
2025-06-23 22:29:55,770 [INFO] Fetching units for 1909313DE9010N (4462/5131)
2025-06-23 22:30:11,628 [INFO] Fetching units for 1909314DE9010N (4463/5131)
2025-06-23 22:30:27,615 [INFO] Fetching units for 1909315DE9010N (4464/5131)
2025-06-23 22:30:43,634 [INFO] Fetching units for 1909902DE9010N (4465/5131)
2025-06-23 22:31:00,372 [INFO] Inserted 30 unit records.
2025-06-23 22:31:00,373 [INFO] Fetching units for 1909903DE9010N (4466/5131)
2025-06-23 22:31:17,506 [INFO] Fetching units for 1909904DE9010N (4467/5131)
2025-06-23 22:31:33,506 [INFO] Fetching units for 1909905DE9010N (4468/5131)
2025-06-23 22:31:49,429 [INFO] Fetching units for 1909906DE9010N (4469/5131)
2025-06-23 22:32:05,265 [INFO] Fetching units for 1909907DE9010N (4470/5131)
2025-06-23 22:32:21,187 [INFO] Fetching units for 1909908DE9010N (4471/5131)
2025-06-23 22:32:37,272 [INFO] Fetching units for 1909909DE9010N (4472/5131)
2025-06-23 22:32:53,259 [INFO] Fetching units for 1910601DE9021S (4473/5131)
2025-06-23 22:33:09,162 [INFO] Inserted 10 unit records.
2025-06-23 22:33:09,162 [INFO] Fetching units for 1910602DE9011S (4474/5131)
2025-06-23 22:33:25,067 [INFO] Fetching units for 1910603DE9011S (4475/5131)
2025-06-23 22:33:41,271 [INFO] Fetching units for 1910604DE9011S (4476/5131)
2025-06-23 22:34:00,465 [ERROR] Failed to fetch units for 1910604DE9011S: ('Connection aborted.', ConnectionResetError(10054, 'An existing connection was forcibly closed by the remote host', None, 10054, None))
2025-06-23 22:34:21,472 [INFO] Fetching units for 1910605DE9011S (4477/5131)
2025-06-23 22:34:39,058 [INFO] Fetching units for 1910606DE9011S (4478/5131)
2025-06-23 22:34:50,482 [ERROR] Failed to fetch units for 1910606DE9011S: HTTPSConnectionPool(host='ovc.catastro.meh.es', port=443): Max retries exceeded with url: /OVCServWeb/OVCWcfCallejero/COVCCallejero.svc/json/Consulta_DNPRC?RefCat=1910606DE9011S (Caused by NameResolutionError("<urllib3.connection.HTTPSConnection object at 0x0000025FC2AA7FD0>: Failed to resolve 'ovc.catastro.meh.es' ([Errno 11001] getaddrinfo failed)"))
2025-06-23 22:35:06,892 [ERROR] Failed to fetch units for 1910606DE9011S: HTTPSConnectionPool(host='ovc.catastro.meh.es', port=443): Max retries exceeded with url: /OVCServWeb/OVCWcfCallejero/COVCCallejero.svc/json/Consulta_DNPRC?RefCat=1910606DE9011S (Caused by NameResolutionError("<urllib3.connection.HTTPSConnection object at 0x0000025FC2A79E40>: Failed to resolve 'ovc.catastro.meh.es' ([Errno 11001] getaddrinfo failed)"))
2025-06-23 22:35:34,161 [INFO] Fetching units for 1910607DE9011S (4479/5131)
2025-06-23 22:35:51,299 [INFO] Fetching units for 1910608DE9011S (4480/5131)
2025-06-23 22:36:11,755 [INFO] Inserted 11 unit records.
2025-06-23 22:36:11,755 [INFO] Fetching units for 1910609DE9011S (4481/5131)
2025-06-23 22:36:29,353 [INFO] Fetching units for 1910610DE9021S (4482/5131)
2025-06-23 22:36:48,849 [INFO] Fetching units for 1910611DE9021S (4483/5131)
2025-06-23 22:37:04,637 [INFO] Fetching units for 1910612DE9011S (4484/5131)
2025-06-23 22:37:20,873 [INFO] Fetching units for 1910613DE9011S (4485/5131)
2025-06-23 22:37:52,984 [INFO] Fetching units for 1910614DE9011S (4486/5131)
2025-06-23 22:38:09,652 [ERROR] Failed to fetch units for 1910614DE9011S: HTTPSConnectionPool(host='ovc.catastro.meh.es', port=443): Read timed out. (read timeout=15)
2025-06-23 22:38:32,013 [INFO] Inserted 10 unit records.
2025-06-23 22:38:32,013 [INFO] Fetching units for 1910615DE9011S (4487/5131)
2025-06-23 22:38:51,449 [INFO] Fetching units for 1910802DE9011S (4488/5131)
2025-06-23 22:39:06,470 [ERROR] Failed to fetch units for 1910802DE9011S: HTTPSConnectionPool(host='ovc.catastro.meh.es', port=443): Max retries exceeded with url: /OVCServWeb/OVCWcfCallejero/COVCCallejero.svc/json/Consulta_DNPRC?RefCat=1910802DE9011S (Caused by ConnectTimeoutError(<urllib3.connection.HTTPSConnection object at 0x0000025FC2AA5CC0>, 'Connection to ovc.catastro.meh.es timed out. (connect timeout=15)'))
2025-06-23 22:39:27,819 [INFO] Fetching units for 1910803DE9010N (4489/5131)
2025-06-23 22:39:43,906 [INFO] Fetching units for 1910804DE9010N (4490/5131)
2025-06-23 22:39:59,861 [INFO] Fetching units for 1910805DE9010N (4491/5131)
2025-06-23 22:40:15,830 [INFO] Fetching units for 1910806DE9010N (4492/5131)
2025-06-23 22:40:31,834 [INFO] Fetching units for 1910807DE9011S (4493/5131)
2025-06-23 22:40:47,872 [INFO] Fetching units for 1910808DE9011S (4494/5131)
2025-06-23 22:41:03,780 [INFO] Fetching units for 1910809DE9011S (4495/5131)
2025-06-23 22:41:19,655 [INFO] Inserted 10 unit records.
2025-06-23 22:41:19,655 [INFO] Fetching units for 1910810DE9011S (4496/5131)
2025-06-23 22:41:35,515 [INFO] Fetching units for 1910811DE9011S (4497/5131)
2025-06-23 22:41:51,686 [INFO] Fetching units for 1910812DE9010N (4498/5131)
2025-06-23 22:42:07,504 [INFO] Fetching units for 1910813DE9011S (4499/5131)
2025-06-23 22:42:25,906 [INFO] Fetching units for 1910814DE9011S (4500/5131)
2025-06-23 22:42:40,928 [ERROR] Failed to fetch units for 1910814DE9011S: HTTPSConnectionPool(host='ovc.catastro.meh.es', port=443): Max retries exceeded with url: /OVCServWeb/OVCWcfCallejero/COVCCallejero.svc/json/Consulta_DNPRC?RefCat=1910814DE9011S (Caused by ConnectTimeoutError(<urllib3.connection.HTTPSConnection object at 0x0000025FC2AA7A60>, 'Connection to ovc.catastro.meh.es timed out. (connect timeout=15)'))
2025-06-23 22:43:03,525 [INFO] Fetching units for 1922201DE9012S (4501/5131)
2025-06-23 22:43:19,545 [INFO] Fetching units for 1926101DE9012N (4502/5131)
2025-06-23 22:43:35,422 [INFO] Fetching units for 1926102DE9012N (4503/5131)
2025-06-23 22:43:51,300 [INFO] Fetching units for 1926103DE9012N (4504/5131)
2025-06-23 22:44:07,372 [INFO] Inserted 10 unit records.
2025-06-23 22:44:07,372 [INFO] Fetching units for 1926104DE9012N (4505/5131)
2025-06-23 22:44:31,504 [INFO] Fetching units for 1926105DE9012N (4506/5131)
2025-06-23 22:44:47,292 [INFO] Fetching units for 1926106DE9012N (4507/5131)
2025-06-23 22:45:02,310 [ERROR] Failed to fetch units for 1926106DE9012N: HTTPSConnectionPool(host='ovc.catastro.meh.es', port=443): Max retries exceeded with url: /OVCServWeb/OVCWcfCallejero/COVCCallejero.svc/json/Consulta_DNPRC?RefCat=1926106DE9012N (Caused by ConnectTimeoutError(<urllib3.connection.HTTPSConnection object at 0x0000025FC2ACB700>, 'Connection to ovc.catastro.meh.es timed out. (connect timeout=15)'))
2025-06-23 22:45:27,823 [INFO] Fetching units for 1926107DE9012N (4508/5131)
2025-06-23 22:45:47,791 [INFO] Fetching units for 1926108DE9012N (4509/5131)
2025-06-23 22:46:03,700 [INFO] Fetching units for 1926109DE9012N (4510/5131)
2025-06-23 22:46:19,614 [INFO] Fetching units for 1926110DE9012N (4511/5131)
2025-06-23 22:46:36,917 [INFO] Fetching units for 1926201DE9012N (4512/5131)
2025-06-23 22:46:52,904 [INFO] Fetching units for 1926202DE9012N (4513/5131)
2025-06-23 22:47:08,696 [INFO] Inserted 10 unit records.
2025-06-23 22:47:08,696 [INFO] Fetching units for 1926203DE9012N (4514/5131)
2025-06-23 22:47:24,994 [INFO] Fetching units for 1926204DE9012N (4515/5131)
2025-06-23 22:47:48,292 [INFO] Fetching units for 1926205DE9012N (4516/5131)
2025-06-23 22:48:04,227 [INFO] Fetching units for 1926206DE9012N (4517/5131)
2025-06-23 22:48:24,144 [INFO] Fetching units for 1926207DE9012N (4518/5131)
2025-06-23 22:48:40,106 [INFO] Fetching units for 1926208DE9012N (4519/5131)
2025-06-23 22:48:56,185 [INFO] Fetching units for 1926209DE9012N (4520/5131)
2025-06-23 22:49:12,056 [INFO] Fetching units for 1926210DE9012N (4521/5131)
2025-06-23 22:49:27,910 [INFO] Fetching units for 1926211DE9012N (4522/5131)
2025-06-23 22:49:53,475 [INFO] Inserted 10 unit records.
2025-06-23 22:49:53,475 [INFO] Fetching units for 1926214DE9022N (4523/5131)
2025-06-23 22:50:09,492 [INFO] Fetching units for 1926215DE9012N (4524/5131)
2025-06-23 22:50:25,279 [INFO] Fetching units for 1926216DE9012N (4525/5131)
2025-06-23 22:50:50,724 [INFO] Fetching units for 1926217DE9012N (4526/5131)
2025-06-23 22:51:06,510 [INFO] Fetching units for 1926218DE9012N (4527/5131)
2025-06-23 22:51:22,448 [INFO] Fetching units for 1926219DE9012N (4528/5131)
2025-06-23 22:51:38,251 [INFO] Fetching units for 1926220DE9012N (4529/5131)
2025-06-23 22:51:54,106 [INFO] Fetching units for 1926221DE9012N (4530/5131)
2025-06-23 22:52:09,927 [INFO] Fetching units for 1926222DE9012N (4531/5131)
2025-06-23 22:52:25,997 [INFO] Fetching units for 1926223DE9012N (4532/5131)
2025-06-23 22:52:41,981 [INFO] Inserted 10 unit records.
2025-06-23 22:52:41,981 [INFO] Fetching units for 1926225DE9012N (4533/5131)
2025-06-23 22:52:57,865 [INFO] Fetching units for 1926226DE9012N (4534/5131)
2025-06-23 22:53:13,658 [INFO] Fetching units for 1926228DE9012N (4535/5131)
2025-06-23 22:53:29,645 [INFO] Fetching units for 1926229DE9012N (4536/5131)
2025-06-23 22:53:45,452 [INFO] Fetching units for 1926230DE9012N (4537/5131)
2025-06-23 22:54:01,250 [INFO] Fetching units for 1926231DE9012N (4538/5131)
2025-06-23 22:54:17,136 [INFO] Fetching units for 1926232DE9012N (4539/5131)
2025-06-23 22:54:33,077 [INFO] Fetching units for 1926233DE9012N (4540/5131)
2025-06-23 22:54:48,864 [INFO] Inserted 10 unit records.
2025-06-23 22:54:48,864 [INFO] Fetching units for 1926234DE9012N (4541/5131)
2025-06-23 22:55:04,731 [INFO] Fetching units for 1926235DE9012N (4542/5131)
2025-06-23 22:55:25,979 [INFO] Fetching units for 1926236DE9012N (4543/5131)
2025-06-23 22:55:42,000 [INFO] Fetching units for 1926237DE9012N (4544/5131)
2025-06-23 22:55:57,804 [INFO] Fetching units for 1926238DE9012N (4545/5131)
2025-06-23 22:56:13,659 [INFO] Fetching units for 1926240DE9012N (4546/5131)
2025-06-23 22:56:39,154 [INFO] Fetching units for 1926241DE9012N (4547/5131)
2025-06-23 22:56:55,076 [INFO] Fetching units for 1926242DE9012N (4548/5131)
2025-06-23 22:57:47,335 [INFO] Fetching units for 1926243DE9012N (4549/5131)
2025-06-23 22:58:03,319 [INFO] Fetching units for 1926244DE9012N (4550/5131)
2025-06-23 22:58:19,201 [INFO] Inserted 10 unit records.
2025-06-23 22:58:19,201 [INFO] Fetching units for 1926245DE9012N (4551/5131)
2025-06-23 22:58:34,961 [INFO] Fetching units for 1926246DE9012N (4552/5131)
2025-06-23 22:58:50,829 [INFO] Fetching units for 4218601DE9041N (4553/5131)
2025-06-23 22:59:02,241 [ERROR] Failed to fetch units for 4218601DE9041N: HTTPSConnectionPool(host='ovc.catastro.meh.es', port=443): Max retries exceeded with url: /OVCServWeb/OVCWcfCallejero/COVCCallejero.svc/json/Consulta_DNPRC?RefCat=4218601DE9041N (Caused by NameResolutionError("<urllib3.connection.HTTPSConnection object at 0x0000025FC2AEF820>: Failed to resolve 'ovc.catastro.meh.es' ([Errno 11001] getaddrinfo failed)"))
2025-06-23 22:59:24,049 [INFO] Inserted 16 unit records.
2025-06-23 22:59:24,049 [INFO] Fetching units for 4218602DE9041N (4554/5131)
2025-06-23 22:59:58,291 [INFO] Fetching units for 4218603DE9041N (4555/5131)
2025-06-23 23:00:27,168 [INFO] Fetching units for 4218604DE9041N (4556/5131)
2025-06-23 23:00:43,063 [INFO] Fetching units for 4218605DE9041N (4557/5131)
2025-06-23 23:00:58,909 [INFO] Fetching units for 4218606DE9041N (4558/5131)
2025-06-23 23:01:22,338 [INFO] Fetching units for 4218607DE9041N (4559/5131)
2025-06-23 23:01:38,161 [INFO] Fetching units for 4218608DE9041N (4560/5131)
2025-06-23 23:01:53,946 [INFO] Inserted 10 unit records.
2025-06-23 23:01:53,946 [INFO] Fetching units for 4218609DE9041N (4561/5131)
2025-06-23 23:02:09,717 [INFO] Fetching units for 4219801DE9041N (4562/5131)
2025-06-23 23:02:25,688 [INFO] Fetching units for 4219802DE9041N (4563/5131)
2025-06-23 23:02:41,575 [INFO] Fetching units for 4219803DE9041N (4564/5131)
2025-06-23 23:02:57,629 [INFO] Fetching units for 4219804DE9041N (4565/5131)
2025-06-23 23:03:13,634 [INFO] Fetching units for 4219805DE9041N (4566/5131)
2025-06-23 23:03:29,619 [INFO] Fetching units for 4219806DE9041N (4567/5131)
2025-06-23 23:03:47,020 [INFO] Fetching units for 4219807DE9041N (4568/5131)
2025-06-23 23:04:02,801 [INFO] Inserted 10 unit records.
2025-06-23 23:04:02,801 [INFO] Fetching units for 4219808DE9041N (4569/5131)
2025-06-23 23:04:18,830 [INFO] Inserted 12 unit records.
2025-06-23 23:04:18,831 [INFO] Fetching units for 4219810DE9041N (4570/5131)
2025-06-23 23:04:34,731 [INFO] Fetching units for 4219811DE9041N (4571/5131)
2025-06-23 23:04:50,552 [INFO] Fetching units for 4318701DE9041S (4572/5131)
2025-06-23 23:05:06,320 [INFO] Fetching units for 4318702DE9041S (4573/5131)
2025-06-23 23:05:30,750 [INFO] Fetching units for 4318703DE9041N (4574/5131)
2025-06-23 23:05:42,192 [ERROR] Failed to fetch units for 4318703DE9041N: HTTPSConnectionPool(host='ovc.catastro.meh.es', port=443): Max retries exceeded with url: /OVCServWeb/OVCWcfCallejero/COVCCallejero.svc/json/Consulta_DNPRC?RefCat=4318703DE9041N (Caused by NameResolutionError("<urllib3.connection.HTTPSConnection object at 0x0000025FC2B35720>: Failed to resolve 'ovc.catastro.meh.es' ([Errno 11001] getaddrinfo failed)"))
2025-06-23 23:06:03,174 [INFO] Fetching units for 4318704DE9041N (4575/5131)
2025-06-23 23:06:19,512 [INFO] Fetching units for 4318705DD9041N (4576/5131)
2025-06-23 23:06:35,316 [INFO] Fetching units for 4319101DE9041N (4577/5131)
2025-06-23 23:06:56,734 [INFO] Inserted 10 unit records.
2025-06-23 23:06:56,734 [INFO] Fetching units for 4319102DE9041N (4578/5131)
2025-06-23 23:07:11,750 [ERROR] Failed to fetch units for 4319102DE9041N: HTTPSConnectionPool(host='ovc.catastro.meh.es', port=443): Max retries exceeded with url: /OVCServWeb/OVCWcfCallejero/COVCCallejero.svc/json/Consulta_DNPRC?RefCat=4319102DE9041N (Caused by ConnectTimeoutError(<urllib3.connection.HTTPSConnection object at 0x0000025FC2B343D0>, 'Connection to ovc.catastro.meh.es timed out. (connect timeout=15)'))
2025-06-23 23:07:36,364 [INFO] Fetching units for 4319103DE9041N (4579/5131)
2025-06-23 23:08:01,826 [INFO] Fetching units for 4319104DE9041N (4580/5131)
2025-06-23 23:08:18,013 [INFO] Fetching units for 4319105DE9041N (4581/5131)
2025-06-23 23:08:37,566 [INFO] Fetching units for 4319106DE9041N (4582/5131)
2025-06-23 23:08:55,849 [INFO] Fetching units for 4319107DE9041N (4583/5131)
2025-06-23 23:09:24,025 [INFO] Fetching units for 4319109DE9041N (4584/5131)
2025-06-23 23:09:39,948 [INFO] Fetching units for 4319110DE9041N (4585/5131)
2025-06-23 23:09:55,847 [INFO] Fetching units for 4319111DE9041N (4586/5131)
2025-06-23 23:10:11,687 [INFO] Fetching units for 4319112DE9041N (4587/5131)
2025-06-23 23:10:27,398 [INFO] Inserted 11 unit records.
2025-06-23 23:10:27,399 [INFO] Fetching units for 4319114DE9041N (4588/5131)
2025-06-23 23:10:45,704 [INFO] Fetching units for 4319115DE9041N (4589/5131)
2025-06-23 23:11:05,093 [INFO] Fetching units for 4319116DE9041N (4590/5131)
2025-06-23 23:11:20,864 [INFO] Fetching units for 4319117DE9041N (4591/5131)
2025-06-23 23:11:36,783 [INFO] Fetching units for 4319118DE9041N (4592/5131)
2025-06-23 23:11:52,722 [INFO] Fetching units for 4320701DE9042S (4593/5131)
2025-06-23 23:12:08,463 [INFO] Inserted 11 unit records.
2025-06-23 23:12:08,463 [INFO] Fetching units for 4320702DE9042S (4594/5131)
2025-06-23 23:12:24,326 [INFO] Fetching units for 4320703DE9042S (4595/5131)
2025-06-23 23:12:40,266 [INFO] Fetching units for 4320704DE9042S (4596/5131)
2025-06-23 23:12:56,216 [INFO] Fetching units for 4320705DE9042S (4597/5131)
2025-06-23 23:13:12,005 [INFO] Fetching units for 4320706DE9042S (4598/5131)
2025-06-23 23:13:27,959 [INFO] Fetching units for 4320707DE9042S (4599/5131)
2025-06-23 23:13:43,811 [INFO] Fetching units for 4320708DE9042S (4600/5131)
2025-06-23 23:13:59,768 [INFO] Fetching units for 4320709DE9042S (4601/5131)
2025-06-23 23:14:15,637 [INFO] Fetching units for 4320710DE9041N (4602/5131)
2025-06-23 23:14:31,660 [INFO] Fetching units for 4320711DE9041N (4603/5131)
2025-06-23 23:14:47,891 [INFO] Inserted 10 unit records.
2025-06-23 23:14:47,892 [INFO] Fetching units for 4320712DE9041N (4604/5131)
2025-06-23 23:15:03,898 [INFO] Fetching units for 4320713DE9041N (4605/5131)
2025-06-23 23:15:19,797 [INFO] Fetching units for 4320714DE9041N (4606/5131)
2025-06-23 23:15:35,687 [INFO] Fetching units for 4320715DE9041N (4607/5131)
2025-06-23 23:15:51,480 [INFO] Fetching units for 4320716DE9042S (4608/5131)
2025-06-23 23:16:08,646 [INFO] Fetching units for 4321601DE9042S (4609/5131)
2025-06-23 23:16:24,654 [INFO] Fetching units for 4321603DE9042S (4610/5131)
2025-06-23 23:16:40,839 [INFO] Inserted 17 unit records.
2025-06-23 23:16:40,839 [INFO] Fetching units for 4321606DE9042S (4611/5131)
2025-06-23 23:16:56,649 [INFO] Fetching units for 4321607DE9042S (4612/5131)
2025-06-23 23:17:12,617 [INFO] Fetching units for 4321901DE9041N (4613/5131)
2025-06-23 23:17:28,607 [INFO] Inserted 10 unit records.
2025-06-23 23:17:28,607 [INFO] Fetching units for 4321902DE9041N (4614/5131)
2025-06-23 23:17:45,801 [INFO] Fetching units for 4321903DE9041N (4615/5131)
2025-06-23 23:18:01,630 [INFO] Fetching units for 4321904DE9041N (4616/5131)
2025-06-23 23:18:17,639 [INFO] Fetching units for 4321905DE9041N (4617/5131)
2025-06-23 23:18:33,393 [INFO] Fetching units for 4321906DE9041N (4618/5131)
2025-06-23 23:18:49,146 [INFO] Fetching units for 4321907DE9041N (4619/5131)
2025-06-23 23:19:04,949 [INFO] Fetching units for 4322601DE9042S (4620/5131)
2025-06-23 23:19:21,033 [INFO] Inserted 11 unit records.
2025-06-23 23:19:21,034 [INFO] Fetching units for 4322602DE9042S (4621/5131)
2025-06-23 23:19:36,922 [INFO] Fetching units for 4419201DE9042S (4622/5131)
2025-06-23 23:19:52,956 [INFO] Fetching units for 4419202DE9042S (4623/5131)
2025-06-23 23:20:08,996 [INFO] Fetching units for 4419203DE9042S (4624/5131)
2025-06-23 23:20:25,090 [INFO] Fetching units for 4419204DE9042S (4625/5131)
2025-06-23 23:20:41,103 [INFO] Fetching units for 4419205DE9041S (4626/5131)
2025-06-23 23:20:57,022 [INFO] Fetching units for 4419206DE9041N (4627/5131)
2025-06-23 23:21:12,893 [INFO] Fetching units for 4419207DE9041N (4628/5131)
2025-06-23 23:21:28,931 [INFO] Fetching units for 4419208DE9041N (4629/5131)
2025-06-23 23:21:44,884 [INFO] Fetching units for 4419209DE9041N (4630/5131)
2025-06-23 23:22:00,916 [INFO] Inserted 10 unit records.
2025-06-23 23:22:00,916 [INFO] Fetching units for 4419210DE9041N (4631/5131)
2025-06-23 23:22:16,858 [INFO] Fetching units for 4419211DE9041N (4632/5131)
2025-06-23 23:22:32,982 [INFO] Fetching units for 4419212DE9041N (4633/5131)
2025-06-23 23:22:48,983 [INFO] Fetching units for 4419213DE9041N (4634/5131)
2025-06-23 23:23:04,869 [INFO] Fetching units for 4419214DE9041N (4635/5131)
2025-06-23 23:23:20,722 [INFO] Fetching units for 4419215DE9041N (4636/5131)
2025-06-23 23:23:36,892 [INFO] Fetching units for 4419216DE9041N (4637/5131)
2025-06-23 23:23:52,831 [INFO] Fetching units for 4419217DE9041N (4638/5131)
2025-06-23 23:24:08,785 [INFO] Fetching units for 4419218DE9041N (4639/5131)
2025-06-23 23:24:24,740 [INFO] Fetching units for 4419219DE9041N (4640/5131)
2025-06-23 23:24:40,851 [INFO] Inserted 10 unit records.
2025-06-23 23:24:40,851 [INFO] Fetching units for 4419221DE9041N (4641/5131)
2025-06-23 23:24:56,750 [INFO] Fetching units for 4419222DE9041N (4642/5131)
2025-06-23 23:25:12,593 [INFO] Fetching units for 4419223DE9041N (4643/5131)
2025-06-23 23:25:28,585 [INFO] Fetching units for 4419224DE9041N (4644/5131)
2025-06-23 23:25:44,516 [INFO] Fetching units for 4419225DE9041N (4645/5131)
2025-06-23 23:26:00,554 [INFO] Fetching units for 4419226DE9041N (4646/5131)
2025-06-23 23:26:16,495 [INFO] Fetching units for 4419227DE9041N (4647/5131)
2025-06-23 23:26:32,365 [INFO] Fetching units for 4419228DE9041N (4648/5131)
2025-06-23 23:26:48,378 [INFO] Inserted 12 unit records.
2025-06-23 23:26:48,378 [INFO] Fetching units for 4419230DE9041N (4649/5131)
2025-06-23 23:27:04,439 [INFO] Fetching units for 4419231DE9041N (4650/5131)
2025-06-23 23:27:20,317 [INFO] Fetching units for 4419232DE9041N (4651/5131)
2025-06-23 23:27:36,238 [INFO] Fetching units for 4419233DE9041N (4652/5131)
2025-06-23 23:27:52,232 [INFO] Fetching units for 4419234DE9041N (4653/5131)
2025-06-23 23:28:08,152 [INFO] Fetching units for 4419236DE9041N (4654/5131)
2025-06-23 23:28:23,964 [INFO] Fetching units for 4419237DE9041N (4655/5131)
2025-06-23 23:28:39,841 [INFO] Fetching units for 4419238DE9041N (4656/5131)
2025-06-23 23:28:56,354 [INFO] Fetching units for 4419239DE9041N (4657/5131)
2025-06-23 23:29:12,351 [INFO] Fetching units for 4419240DE9041N (4658/5131)
2025-06-23 23:29:28,371 [INFO] Inserted 10 unit records.
2025-06-23 23:29:28,371 [INFO] Fetching units for 4419241DE9041N (4659/5131)
2025-06-23 23:29:44,268 [INFO] Fetching units for 4518901DE9041N (4660/5131)
2025-06-23 23:30:00,454 [INFO] Inserted 11 unit records.
2025-06-23 23:30:00,454 [INFO] Fetching units for 4518902DE9041N (4661/5131)
2025-06-23 23:30:16,656 [INFO] Fetching units for 4518903DE9041N (4662/5131)
2025-06-23 23:30:32,440 [INFO] Fetching units for 4518904DE9041N (4663/5131)
2025-06-23 23:30:48,835 [INFO] Fetching units for 4518905DE9041N (4664/5131)
2025-06-23 23:31:04,720 [INFO] Fetching units for 4518906DE9041N (4665/5131)
2025-06-23 23:31:20,739 [INFO] Fetching units for 4518907DE9041N (4666/5131)
2025-06-23 23:31:36,910 [INFO] Inserted 10 unit records.
2025-06-23 23:31:36,910 [INFO] Fetching units for 4518908DE9041N (4667/5131)
2025-06-23 23:31:52,917 [INFO] Fetching units for 4518909DE9041N (4668/5131)
2025-06-23 23:32:08,957 [INFO] Fetching units for 4518910DE9041N (4669/5131)
2025-06-23 23:32:24,874 [INFO] Fetching units for 4518911DE9041N (4670/5131)
2025-06-23 23:32:40,820 [INFO] Fetching units for 4518912DE9041N (4671/5131)
2025-06-23 23:32:56,799 [INFO] Fetching units for 4518913DE9041N (4672/5131)
2025-06-23 23:33:12,802 [INFO] Fetching units for 4518914DE9041N (4673/5131)
2025-06-23 23:33:28,587 [INFO] Inserted 10 unit records.
2025-06-23 23:33:28,587 [INFO] Fetching units for 4518915DE9041N (4674/5131)
2025-06-23 23:33:44,527 [INFO] Fetching units for 4518916DE9041N (4675/5131)
2025-06-23 23:34:00,413 [INFO] Fetching units for 4518917DE9041N (4676/5131)
2025-06-23 23:34:16,494 [INFO] Fetching units for 4518918DE9041N (4677/5131)
2025-06-23 23:34:32,638 [INFO] Fetching units for 4518919DE9041N (4678/5131)
2025-06-23 23:34:48,592 [INFO] Fetching units for 4518920DE9041N (4679/5131)
2025-06-23 23:35:04,615 [INFO] Fetching units for 4518921DE9041N (4680/5131)
2025-06-23 23:35:20,951 [INFO] Fetching units for 4518922DE9041N (4681/5131)
2025-06-23 23:35:36,838 [INFO] Fetching units for 4518923DE9041N (4682/5131)
2025-06-23 23:35:53,046 [INFO] Fetching units for 4518924DE9041N (4683/5131)
2025-06-23 23:36:08,826 [INFO] Inserted 11 unit records.
2025-06-23 23:36:08,826 [INFO] Fetching units for 4518927DE9041N (4684/5131)
2025-06-23 23:36:24,868 [INFO] Fetching units for 4518928DE9041N (4685/5131)
2025-06-23 23:36:40,792 [INFO] Fetching units for 4519201DE9042S (4686/5131)
2025-06-23 23:36:56,658 [INFO] Fetching units for 4519202DE9042S (4687/5131)
2025-06-23 23:37:12,529 [INFO] Fetching units for 4519203DE9042S (4688/5131)
2025-06-23 23:37:28,459 [INFO] Fetching units for 4519204DE9042S (4689/5131)
2025-06-23 23:37:44,366 [INFO] Fetching units for 4519205DE9041N (4690/5131)
2025-06-23 23:38:00,243 [INFO] Inserted 18 unit records.
2025-06-23 23:38:00,243 [INFO] Fetching units for 4519206DE9041N (4691/5131)
2025-06-23 23:38:16,194 [INFO] Fetching units for 4519207DE9041N (4692/5131)
2025-06-23 23:38:32,106 [INFO] Fetching units for 4519208DE9041N (4693/5131)
2025-06-23 23:38:47,895 [INFO] Fetching units for 4519209DE9041N (4694/5131)
2025-06-23 23:39:03,780 [INFO] Fetching units for 4519210DE9041N (4695/5131)
2025-06-23 23:39:19,690 [INFO] Inserted 10 unit records.
2025-06-23 23:39:19,691 [INFO] Fetching units for 4519211DE9041N (4696/5131)
2025-06-23 23:39:35,730 [INFO] Fetching units for 4519212DE9041N (4697/5131)
2025-06-23 23:39:51,775 [INFO] Fetching units for 4519213DE9041N (4698/5131)
2025-06-23 23:40:07,611 [INFO] Fetching units for 4519214DE9041N (4699/5131)
2025-06-23 23:40:23,635 [INFO] Fetching units for 4519215DE9041N (4700/5131)
2025-06-23 23:40:39,671 [INFO] Fetching units for 4519216DE9041N (4701/5131)
2025-06-23 23:40:55,552 [INFO] Fetching units for 4519217DE9041N (4702/5131)
2025-06-23 23:41:11,470 [INFO] Fetching units for 4519218DE9041N (4703/5131)
2025-06-23 23:41:27,410 [INFO] Inserted 10 unit records.
2025-06-23 23:41:27,410 [INFO] Fetching units for 4519219DE9041N (4704/5131)
2025-06-23 23:41:43,417 [INFO] Fetching units for 4519220DE9041N (4705/5131)
2025-06-23 23:41:59,283 [INFO] Fetching units for 4519221DE9041N (4706/5131)
2025-06-23 23:42:15,087 [INFO] Fetching units for 4519223DE9041N (4707/5131)
2025-06-23 23:42:30,921 [INFO] Fetching units for 4519224DE9041N (4708/5131)
2025-06-23 23:42:47,024 [INFO] Fetching units for 4519225DE9041N (4709/5131)
2025-06-23 23:43:02,777 [INFO] Fetching units for 4519226DE9041N (4710/5131)
2025-06-23 23:43:18,604 [INFO] Fetching units for 4718301DE9041N (4711/5131)
2025-06-23 23:43:34,393 [INFO] Inserted 11 unit records.
2025-06-23 23:43:34,393 [INFO] Fetching units for 4718302DE9041N (4712/5131)
2025-06-23 23:43:50,368 [INFO] Fetching units for 4718303DE9041N (4713/5131)
2025-06-23 23:44:06,158 [INFO] Fetching units for 4718304DE9041N (4714/5131)
2025-06-23 23:44:21,967 [INFO] Fetching units for 4718305DE9041N (4715/5131)
2025-06-23 23:44:37,841 [INFO] Fetching units for 4718306DE9041N (4716/5131)
2025-06-23 23:44:53,738 [INFO] Fetching units for 4718310DE9041N (4717/5131)
2025-06-23 23:45:09,562 [INFO] Inserted 12 unit records.
2025-06-23 23:45:09,562 [INFO] Fetching units for 4718311DE9041N (4718/5131)
2025-06-23 23:45:25,367 [INFO] Fetching units for 4719101DE9041N (4719/5131)
2025-06-23 23:45:41,252 [INFO] Fetching units for 4719102DE9041N (4720/5131)
2025-06-23 23:45:57,338 [INFO] Fetching units for 4719103DE9041N (4721/5131)
2025-06-23 23:46:13,108 [INFO] Fetching units for 4719105DE9041N (4722/5131)
2025-06-23 23:46:28,995 [INFO] Fetching units for 4719106DE9041N (4723/5131)
2025-06-23 23:46:44,872 [INFO] Inserted 10 unit records.
2025-06-23 23:46:44,872 [INFO] Fetching units for 4719107DE9041N (4724/5131)
2025-06-23 23:47:00,820 [INFO] Fetching units for 4719108DE9041N (4725/5131)
2025-06-23 23:47:16,707 [INFO] Fetching units for 4719109DE9041N (4726/5131)
2025-06-23 23:47:32,496 [INFO] Fetching units for 4719110DE9041N (4727/5131)
2025-06-23 23:47:48,377 [INFO] Fetching units for 4719111DE9041N (4728/5131)
2025-06-23 23:48:04,386 [INFO] Fetching units for 4719112DE9041N (4729/5131)
2025-06-23 23:48:20,230 [INFO] Fetching units for 4719113DE9041N (4730/5131)
2025-06-23 23:48:36,142 [INFO] Fetching units for 4719114DE9041N (4731/5131)
2025-06-23 23:48:52,017 [INFO] Fetching units for 4719115DE9041N (4732/5131)
2025-06-23 23:49:08,058 [INFO] Inserted 10 unit records.
2025-06-23 23:49:08,058 [INFO] Fetching units for 4719801DE9041N (4733/5131)
2025-06-23 23:49:23,904 [INFO] Fetching units for 4719802DE9041N (4734/5131)
2025-06-23 23:49:39,772 [INFO] Fetching units for 4719803DE9041N (4735/5131)
2025-06-23 23:49:55,562 [INFO] Fetching units for 4719804DE9041N (4736/5131)
2025-06-23 23:50:11,532 [INFO] Fetching units for 4719805DE9041N (4737/5131)
2025-06-23 23:50:27,383 [INFO] Fetching units for 4816301DE9041N (4738/5131)
2025-06-23 23:50:43,223 [INFO] Fetching units for 8878801DE8987N (4739/5131)
2025-06-23 23:50:58,994 [INFO] Fetching units for 8878802DE8987N (4740/5131)
2025-06-23 23:51:15,162 [INFO] Inserted 11 unit records.
2025-06-23 23:51:15,162 [INFO] Fetching units for 8881501DE8988S (4741/5131)
2025-06-23 23:51:31,101 [INFO] Fetching units for 8979501DE8998S (4742/5131)
2025-06-23 23:51:47,020 [INFO] Fetching units for 8979502DE8998S (4743/5131)
2025-06-23 23:52:02,930 [INFO] Fetching units for 8979503DE8998S (4744/5131)
2025-06-23 23:52:19,328 [INFO] Fetching units for 8979504DE8988S (4745/5131)
2025-06-23 23:52:35,212 [INFO] Fetching units for 8979505DE8987N (4746/5131)
2025-06-23 23:52:51,118 [INFO] Fetching units for 8979506DE8987N (4747/5131)
2025-06-23 23:53:07,070 [INFO] Fetching units for 8979507DE8987N (4748/5131)
2025-06-23 23:53:23,088 [INFO] Inserted 10 unit records.
2025-06-23 23:53:23,089 [INFO] Fetching units for 8979508DE8987N (4749/5131)
2025-06-23 23:53:39,144 [INFO] Fetching units for 8979509DE8987N (4750/5131)
2025-06-23 23:53:56,082 [INFO] Fetching units for 8979510DE8987N (4751/5131)
2025-06-23 23:54:11,835 [INFO] Fetching units for 8979511DE8987N (4752/5131)
2025-06-23 23:54:27,721 [INFO] Fetching units for 8979512DE8987N (4753/5131)
2025-06-23 23:54:43,558 [INFO] Fetching units for 8979513DE8987N (4754/5131)
2025-06-23 23:54:59,457 [INFO] Inserted 10 unit records.
2025-06-23 23:54:59,457 [INFO] Fetching units for 8979514DE8987N (4755/5131)
2025-06-23 23:55:15,314 [INFO] Fetching units for 9079201DE8997N (4756/5131)
2025-06-23 23:55:31,312 [INFO] Fetching units for 9079202DE8997N (4757/5131)
2025-06-23 23:55:47,123 [INFO] Fetching units for 9079203DE8987N (4758/5131)
2025-06-23 23:56:03,015 [INFO] Inserted 24 unit records.
2025-06-23 23:56:03,015 [INFO] Fetching units for 9079204DE8987N (4759/5131)
2025-06-23 23:56:18,950 [INFO] Fetching units for 9079205DE8987N (4760/5131)
2025-06-23 23:56:34,801 [INFO] Fetching units for 9079206DE8987N (4761/5131)
2025-06-23 23:56:50,601 [INFO] Fetching units for 9079207DE8997N (4762/5131)
2025-06-23 23:57:06,389 [INFO] Fetching units for 9079213DE8997N (4763/5131)
2025-06-23 23:57:22,157 [INFO] Inserted 11 unit records.
2025-06-23 23:57:22,158 [INFO] Fetching units for 9079215DE8987N (4764/5131)
2025-06-23 23:57:38,116 [INFO] Fetching units for 9079216DE8997N (4765/5131)
2025-06-23 23:57:53,884 [INFO] Fetching units for 9080101DE8998S (4766/5131)
2025-06-23 23:58:09,671 [INFO] Fetching units for 9080103DE8998S (4767/5131)
2025-06-23 23:58:25,537 [INFO] Inserted 10 unit records.
2025-06-23 23:58:25,537 [INFO] Fetching units for 9080105DE8988S (4768/5131)
2025-06-23 23:58:41,432 [INFO] Fetching units for 9080106DE8988S (4769/5131)
2025-06-23 23:58:57,200 [INFO] Fetching units for 9080107DE8998S (4770/5131)
2025-06-23 23:59:12,964 [INFO] Fetching units for 9080108DE8998S (4771/5131)
2025-06-23 23:59:28,814 [INFO] Fetching units for 9080109DE8998S (4772/5131)
2025-06-23 23:59:44,793 [INFO] Fetching units for 9080110DE8998S (4773/5131)
2025-06-24 00:00:00,614 [INFO] Fetching units for 9080112DE8998S (4774/5131)
2025-06-24 00:00:16,500 [INFO] Fetching units for 9080115DE8998S (4775/5131)
2025-06-24 00:00:32,588 [INFO] Fetching units for 9080116DE8998S (4776/5131)
2025-06-24 00:00:48,825 [INFO] Fetching units for 9080117DE8998S (4777/5131)
2025-06-24 00:01:04,729 [INFO] Inserted 10 unit records.
2025-06-24 00:01:04,729 [INFO] Fetching units for 9080118DE8998S (4778/5131)
2025-06-24 00:01:20,700 [INFO] Fetching units for 9080119DE8998S (4779/5131)
2025-06-24 00:01:36,487 [INFO] Fetching units for 9080120DE8998S (4780/5131)
2025-06-24 00:01:52,429 [INFO] Fetching units for 9080121DE8988S (4781/5131)
2025-06-24 00:02:08,310 [INFO] Fetching units for 9080124DE8998S (4782/5131)
2025-06-24 00:02:24,178 [INFO] Fetching units for 9080125DE8998S (4783/5131)
2025-06-24 00:02:40,215 [INFO] Fetching units for 9080126DE8998S (4784/5131)
2025-06-24 00:02:56,269 [INFO] Fetching units for 9080127DE8998S (4785/5131)
2025-06-24 00:03:12,167 [INFO] Fetching units for 9080128DE8998S (4786/5131)
2025-06-24 00:03:28,085 [INFO] Fetching units for 9080801DE8998S (4787/5131)
2025-06-24 00:03:44,018 [INFO] Inserted 10 unit records.
2025-06-24 00:03:44,018 [INFO] Fetching units for 9080802DE8998S (4788/5131)
2025-06-24 00:03:59,984 [INFO] Fetching units for 9080803DE8998S (4789/5131)
2025-06-24 00:04:15,821 [INFO] Fetching units for 9080804DE8998S (4790/5131)
2025-06-24 00:04:31,672 [INFO] Fetching units for 9080805DE8998S (4791/5131)
2025-06-24 00:04:47,544 [INFO] Fetching units for 9080806DE8998S (4792/5131)
2025-06-24 00:05:03,582 [INFO] Fetching units for 9080807DE8998S (4793/5131)
2025-06-24 00:05:19,469 [INFO] Fetching units for 9080808DE8998S (4794/5131)
2025-06-24 00:05:35,370 [INFO] Fetching units for 9080809DE8997N (4795/5131)
2025-06-24 00:05:51,157 [INFO] Fetching units for 9080810DE8998S (4796/5131)
2025-06-24 00:06:07,042 [INFO] Inserted 10 unit records.
2025-06-24 00:06:07,042 [INFO] Fetching units for 9080811DE8998S (4797/5131)
2025-06-24 00:06:22,922 [INFO] Fetching units for 9080812DE8998S (4798/5131)
2025-06-24 00:06:38,805 [INFO] Fetching units for 9080813DE8998S (4799/5131)
2025-06-24 00:06:54,658 [INFO] Fetching units for 9080814DE8998S (4800/5131)
2025-06-24 00:07:10,863 [INFO] Fetching units for 9080815DE8998S (4801/5131)
2025-06-24 00:07:26,846 [INFO] Fetching units for 9080816DE8998S (4802/5131)
2025-06-24 00:07:42,718 [INFO] Fetching units for 9080817DE8998S (4803/5131)
2025-06-24 00:07:58,483 [INFO] Fetching units for 9081400DE8988S (4804/5131)
2025-06-24 00:08:14,419 [INFO] Fetching units for 9081401DE8998S (4805/5131)
2025-06-24 00:08:30,168 [INFO] Inserted 11 unit records.
2025-06-24 00:08:30,168 [INFO] Fetching units for 9081402DE8998S (4806/5131)
2025-06-24 00:08:46,036 [INFO] Fetching units for 9081403DE8998S (4807/5131)
2025-06-24 00:09:01,903 [INFO] Fetching units for 9081404DE8998S (4808/5131)
2025-06-24 00:09:17,876 [INFO] Fetching units for 9081405DE8998S (4809/5131)
2025-06-24 00:09:33,761 [INFO] Fetching units for 9081406DE8998S (4810/5131)
2025-06-24 00:09:49,595 [INFO] Fetching units for 9081407DE8998S (4811/5131)
2025-06-24 00:10:05,469 [INFO] Fetching units for 9081408DE8998S (4812/5131)
2025-06-24 00:10:21,423 [INFO] Fetching units for 9081409DE8998S (4813/5131)
2025-06-24 00:10:37,327 [INFO] Fetching units for 9081410DE8998S (4814/5131)
2025-06-24 00:10:53,106 [INFO] Fetching units for 9081411DE8998S (4815/5131)
2025-06-24 00:11:08,966 [INFO] Inserted 10 unit records.
2025-06-24 00:11:08,966 [INFO] Fetching units for 9081412DE8998S (4816/5131)
2025-06-24 00:11:24,990 [INFO] Fetching units for 9081413DE8998S (4817/5131)
2025-06-24 00:11:40,997 [INFO] Fetching units for 9081414DE8998S (4818/5131)
2025-06-24 00:11:56,826 [INFO] Fetching units for 9081415DE8998S (4819/5131)
2025-06-24 00:12:12,780 [INFO] Fetching units for 9081416DE8998S (4820/5131)
2025-06-24 00:12:28,783 [INFO] Fetching units for 9081417DE8998S (4821/5131)
2025-06-24 00:12:44,735 [INFO] Fetching units for 9081418DE8998S (4822/5131)
2025-06-24 00:13:00,607 [INFO] Fetching units for 9081419DE8998S (4823/5131)
2025-06-24 00:13:16,425 [INFO] Fetching units for 9081420DE8998S (4824/5131)
2025-06-24 00:13:32,398 [INFO] Inserted 10 unit records.
2025-06-24 00:13:32,398 [INFO] Fetching units for 9081421DE8998S (4825/5131)
2025-06-24 00:13:48,379 [INFO] Fetching units for 9081422DE8998S (4826/5131)
2025-06-24 00:14:04,287 [INFO] Fetching units for 9081423DE8998S (4827/5131)
2025-06-24 00:14:20,186 [INFO] Fetching units for 9081424DE8998S (4828/5131)
2025-06-24 00:14:36,055 [INFO] Fetching units for 9081425DE8998S (4829/5131)
2025-06-24 00:14:51,833 [INFO] Fetching units for 9081426DE8988S (4830/5131)
2025-06-24 00:15:07,654 [INFO] Fetching units for 9081427DE8998S (4831/5131)
2025-06-24 00:15:23,424 [INFO] Fetching units for 9180301DE8998S (4832/5131)
2025-06-24 00:15:39,391 [INFO] Fetching units for 9180302DE8998S (4833/5131)
2025-06-24 00:15:55,212 [INFO] Fetching units for 9180303DE8998S (4834/5131)
2025-06-24 00:16:11,165 [INFO] Inserted 10 unit records.
2025-06-24 00:16:11,165 [INFO] Fetching units for 9180304DE8998S (4835/5131)
2025-06-24 00:16:26,971 [INFO] Fetching units for 9180305DE8998S (4836/5131)
2025-06-24 00:16:42,807 [INFO] Fetching units for 9180306DE8998S (4837/5131)
2025-06-24 00:16:58,743 [INFO] Fetching units for 9180307DE8998S (4838/5131)
2025-06-24 00:17:14,585 [INFO] Fetching units for 9180308DE8998S (4839/5131)
2025-06-24 00:17:30,401 [INFO] Fetching units for 9180309DE8998S (4840/5131)
2025-06-24 00:17:46,438 [INFO] Fetching units for 9180310DE8998S (4841/5131)
2025-06-24 00:18:02,258 [INFO] Fetching units for 9180311DE8998S (4842/5131)
2025-06-24 00:18:18,052 [INFO] Fetching units for 9180312DE8998S (4843/5131)
2025-06-24 00:18:33,971 [INFO] Inserted 10 unit records.
2025-06-24 00:18:33,971 [INFO] Fetching units for 9180313DE8998S (4844/5131)
2025-06-24 00:18:49,953 [INFO] Fetching units for 9180314DE8998S (4845/5131)
2025-06-24 00:19:05,775 [INFO] Fetching units for 9180315DE8998S (4846/5131)
2025-06-24 00:19:21,521 [INFO] Fetching units for 9180316DE8998S (4847/5131)
2025-06-24 00:19:37,357 [INFO] Fetching units for 9180317DE8998S (4848/5131)
2025-06-24 00:19:53,299 [INFO] Fetching units for 9180318DE8998S (4849/5131)
2025-06-24 00:20:09,170 [INFO] Fetching units for 9180319DE8998S (4850/5131)
2025-06-24 00:20:25,187 [INFO] Fetching units for 9180320DE8998S (4851/5131)
2025-06-24 00:20:41,008 [INFO] Fetching units for 9180321DE8998S (4852/5131)
2025-06-24 00:20:56,911 [INFO] Inserted 10 unit records.
2025-06-24 00:20:56,911 [INFO] Fetching units for 9180322DE8998S (4853/5131)
2025-06-24 00:21:13,102 [INFO] Fetching units for 9180901DE8998S (4854/5131)
2025-06-24 00:21:28,989 [INFO] Fetching units for 9180902DE8998S (4855/5131)
2025-06-24 00:21:44,902 [INFO] Fetching units for 9180903DE8998S (4856/5131)
2025-06-24 00:22:00,835 [INFO] Fetching units for 9180904DE8998S (4857/5131)
2025-06-24 00:22:16,659 [INFO] Fetching units for 9180905DE8998S (4858/5131)
2025-06-24 00:22:32,509 [INFO] Fetching units for 9180906DE8998S (4859/5131)
2025-06-24 00:22:48,240 [INFO] Fetching units for 9180907DE8998S (4860/5131)
2025-06-24 00:23:04,216 [INFO] Fetching units for 9180908DE8998S (4861/5131)
2025-06-24 00:23:20,009 [INFO] Inserted 10 unit records.
2025-06-24 00:23:20,009 [INFO] Fetching units for 9180909DE8998S (4862/5131)
2025-06-24 00:23:35,816 [INFO] Fetching units for 9180910DE8998S (4863/5131)
2025-06-24 00:23:51,622 [INFO] Fetching units for 9180911DE8998S (4864/5131)
2025-06-24 00:24:07,548 [INFO] Fetching units for 9180912DE8998S (4865/5131)
2025-06-24 00:24:23,406 [INFO] Fetching units for 9181201DE8998S (4866/5131)
2025-06-24 00:24:39,114 [INFO] Fetching units for 9181205DE8998S (4867/5131)
2025-06-24 00:24:55,031 [INFO] Fetching units for 9181206DE8998S (4868/5131)
2025-06-24 00:25:10,982 [INFO] Fetching units for 9181207DE8998S (4869/5131)
2025-06-24 00:25:26,823 [INFO] Fetching units for 9181208DE8998S (4870/5131)
2025-06-24 00:25:42,651 [INFO] Inserted 10 unit records.
2025-06-24 00:25:42,651 [INFO] Fetching units for 9181209DE8998S (4871/5131)
2025-06-24 00:25:58,455 [INFO] Fetching units for 9181210DE8998S (4872/5131)
2025-06-24 00:26:14,360 [INFO] Fetching units for 9181211DE8998S (4873/5131)
2025-06-24 00:26:30,283 [INFO] Fetching units for 9181212DE8998S (4874/5131)
2025-06-24 00:26:46,308 [INFO] Fetching units for 9181213DE8998S (4875/5131)
2025-06-24 00:27:02,148 [INFO] Fetching units for 9181214DE8998S (4876/5131)
2025-06-24 00:27:18,236 [INFO] Fetching units for 9181215DE8998S (4877/5131)
2025-06-24 00:27:34,108 [INFO] Fetching units for 9181216DE8998S (4878/5131)
2025-06-24 00:27:50,071 [INFO] Fetching units for 9181217DE8998S (4879/5131)
2025-06-24 00:28:05,836 [INFO] Inserted 12 unit records.
2025-06-24 00:28:05,836 [INFO] Fetching units for 9181218DE8998S (4880/5131)
2025-06-24 00:28:21,825 [INFO] Fetching units for 9181219DE8998S (4881/5131)
2025-06-24 00:28:37,639 [INFO] Fetching units for 9181220DE8998S (4882/5131)
2025-06-24 00:28:53,458 [INFO] Fetching units for 9181221DE8998S (4883/5131)
2025-06-24 00:29:09,277 [INFO] Fetching units for 9181401DE8998S (4884/5131)
2025-06-24 00:29:25,264 [INFO] Fetching units for 9181402DE8998S (4885/5131)
2025-06-24 00:29:41,135 [INFO] Fetching units for 9181403DE8998S (4886/5131)
2025-06-24 00:29:56,999 [INFO] Fetching units for 9181404DE8998S (4887/5131)
2025-06-24 00:30:12,793 [INFO] Inserted 11 unit records.
2025-06-24 00:30:12,793 [INFO] Fetching units for 9181405DE8998S (4888/5131)
2025-06-24 00:30:28,838 [INFO] Fetching units for 9181406DE8998S (4889/5131)
2025-06-24 00:30:44,833 [INFO] Fetching units for 9181407DE8998S (4890/5131)
2025-06-24 00:31:00,719 [INFO] Fetching units for 9181408DE8998S (4891/5131)
2025-06-24 00:31:16,573 [INFO] Fetching units for 9181409DE8998S (4892/5131)
2025-06-24 00:31:32,560 [INFO] Fetching units for 9181410DE8998S (4893/5131)
2025-06-24 00:31:48,880 [INFO] Fetching units for 9181411DE8998S (4894/5131)
2025-06-24 00:32:04,682 [INFO] Fetching units for 9181412DE8998S (4895/5131)
2025-06-24 00:32:20,472 [INFO] Fetching units for 9181413DE8998S (4896/5131)
2025-06-24 00:32:36,439 [INFO] Fetching units for 9181414DE8998S (4897/5131)
2025-06-24 00:32:52,272 [INFO] Inserted 10 unit records.
2025-06-24 00:32:52,272 [INFO] Fetching units for 9181601DE8998S (4898/5131)
2025-06-24 00:33:08,147 [INFO] Fetching units for 9181602DE8998S (4899/5131)
2025-06-24 00:33:23,967 [INFO] Fetching units for 9181603DE8998S (4900/5131)
2025-06-24 00:33:39,876 [INFO] Fetching units for 9181604DE8998S (4901/5131)
2025-06-24 00:33:55,808 [INFO] Fetching units for 9181605DE8998S (4902/5131)
2025-06-24 00:34:11,647 [INFO] Fetching units for 9181606DE8998S (4903/5131)
2025-06-24 00:34:27,498 [INFO] Fetching units for 9181607DE8998S (4904/5131)
2025-06-24 00:34:43,506 [INFO] Fetching units for 9181801DE8998S (4905/5131)
2025-06-24 00:34:59,339 [INFO] Fetching units for 9181802DE8998S (4906/5131)
2025-06-24 00:35:15,342 [INFO] Fetching units for 9181803DE8998S (4907/5131)
2025-06-24 00:35:31,234 [INFO] Inserted 10 unit records.
2025-06-24 00:35:31,234 [INFO] Fetching units for 9181804DE8998S (4908/5131)
2025-06-24 00:35:47,882 [INFO] Fetching units for 9181805DE8998S (4909/5131)
2025-06-24 00:36:03,736 [INFO] Fetching units for 9181806DE8998S (4910/5131)
2025-06-24 00:36:19,523 [INFO] Fetching units for 9182600DE8998S (4911/5131)
2025-06-24 00:36:35,311 [INFO] Fetching units for 9182601DE8998S (4912/5131)
2025-06-24 00:36:51,277 [INFO] Fetching units for 9182602DE8998S (4913/5131)
2025-06-24 00:37:07,138 [INFO] Inserted 10 unit records.
2025-06-24 00:37:07,138 [INFO] Fetching units for 9182603DE8998S (4914/5131)
2025-06-24 00:37:22,918 [INFO] Fetching units for 9182604DE8998S (4915/5131)
2025-06-24 00:37:38,907 [INFO] Fetching units for 9182605DE8998S (4916/5131)
2025-06-24 00:37:54,777 [INFO] Fetching units for 9182606DE8998S (4917/5131)
2025-06-24 00:38:10,605 [INFO] Fetching units for 9182607DE8998S (4918/5131)
2025-06-24 00:38:26,456 [INFO] Fetching units for 9182608DE8998S (4919/5131)
2025-06-24 00:38:42,388 [INFO] Fetching units for 9182609DE8998S (4920/5131)
2025-06-24 00:38:58,296 [INFO] Fetching units for 9182610DE8998S (4921/5131)
2025-06-24 00:39:14,437 [INFO] Inserted 10 unit records.
2025-06-24 00:39:14,437 [INFO] Fetching units for 9182611DE8998S (4922/5131)
2025-06-24 00:39:30,312 [INFO] Fetching units for 9182612DE8998S (4923/5131)
2025-06-24 00:39:46,154 [INFO] Fetching units for 9182613DE8998S (4924/5131)
2025-06-24 00:40:02,078 [INFO] Fetching units for 9182614DE8998S (4925/5131)
2025-06-24 00:40:17,827 [INFO] Fetching units for 9182616DE8998S (4926/5131)
2025-06-24 00:40:33,572 [INFO] Fetching units for 9182619DE8998S (4927/5131)
2025-06-24 00:40:49,331 [INFO] Inserted 12 unit records.
2025-06-24 00:40:49,331 [INFO] Fetching units for 9280801DE8998S (4928/5131)
2025-06-24 00:41:05,171 [INFO] Fetching units for 9281100DE8998S (4929/5131)
2025-06-24 00:41:21,009 [INFO] Fetching units for 9281101DE8998S (4930/5131)
2025-06-24 00:41:36,805 [INFO] Fetching units for 9281102DE8998S (4931/5131)
2025-06-24 00:41:52,603 [INFO] Fetching units for 9281103DE8998S (4932/5131)
2025-06-24 00:42:08,654 [INFO] Fetching units for 9281104DE8998S (4933/5131)
2025-06-24 00:42:24,473 [INFO] Fetching units for 9281105DE8998S (4934/5131)
2025-06-24 00:42:40,329 [INFO] Inserted 10 unit records.
2025-06-24 00:42:40,329 [INFO] Fetching units for 07058A00109002 (4935/5131)
2025-06-24 00:42:56,365 [INFO] Fetching units for 07058A00109003 (4936/5131)
2025-06-24 00:43:12,267 [INFO] Fetching units for 07058A00109004 (4937/5131)
2025-06-24 00:43:28,079 [INFO] Fetching units for 07058A00109005 (4938/5131)
2025-06-24 00:43:43,833 [INFO] Fetching units for 07058A00109128 (4939/5131)
2025-06-24 00:43:59,721 [INFO] Fetching units for 07058A00209001 (4940/5131)
2025-06-24 00:44:15,767 [INFO] Fetching units for 07058A00209002 (4941/5131)
2025-06-24 00:44:31,631 [INFO] Fetching units for 07058A00209003 (4942/5131)
2025-06-24 00:44:47,488 [INFO] Fetching units for 07058A00309001 (4943/5131)
2025-06-24 00:45:03,313 [INFO] Fetching units for 07058A00309002 (4944/5131)
2025-06-24 00:45:19,374 [INFO] Inserted 10 unit records.
2025-06-24 00:45:19,374 [INFO] Fetching units for 07058A00309003 (4945/5131)
2025-06-24 00:45:35,196 [INFO] Fetching units for 07058A00309004 (4946/5131)
2025-06-24 00:45:51,028 [INFO] Fetching units for 07058A00309005 (4947/5131)
2025-06-24 00:46:06,845 [INFO] Fetching units for 07058A00309119 (4948/5131)
2025-06-24 00:46:22,808 [INFO] Fetching units for 07058A00309120 (4949/5131)
2025-06-24 00:46:38,681 [INFO] Fetching units for 07058A00409001 (4950/5131)
2025-06-24 00:46:54,551 [INFO] Fetching units for 07058A00409002 (4951/5131)
2025-06-24 00:47:10,356 [INFO] Fetching units for 07058A00409504 (4952/5131)
2025-06-24 00:47:26,358 [INFO] Fetching units for 07058A00409505 (4953/5131)
2025-06-24 00:47:42,113 [INFO] Fetching units for 07058A00509001 (4954/5131)
2025-06-24 00:47:58,083 [INFO] Inserted 10 unit records.
2025-06-24 00:47:58,083 [INFO] Fetching units for 07058A00509002 (4955/5131)
2025-06-24 00:48:13,832 [INFO] Fetching units for 07058A00509003 (4956/5131)
2025-06-24 00:48:29,706 [INFO] Fetching units for 07058A00509004 (4957/5131)
2025-06-24 00:48:45,493 [INFO] Fetching units for 07058A00509005 (4958/5131)
2025-06-24 00:49:01,331 [INFO] Fetching units for 07058A00509006 (4959/5131)
2025-06-24 00:49:17,234 [INFO] Fetching units for 07058A00509124 (4960/5131)
2025-06-24 00:49:33,122 [INFO] Fetching units for 07058A00609001 (4961/5131)
2025-06-24 00:49:49,026 [INFO] Fetching units for 07058A00609002 (4962/5131)
2025-06-24 00:50:04,821 [INFO] Fetching units for 07058A00609003 (4963/5131)
2025-06-24 00:50:20,593 [INFO] Fetching units for 07058A00609005 (4964/5131)
2025-06-24 00:50:36,492 [INFO] Inserted 10 unit records.
2025-06-24 00:50:36,492 [INFO] Fetching units for 07058A00609133 (4965/5131)
2025-06-24 00:50:52,323 [INFO] Fetching units for 07058A00609134 (4966/5131)
2025-06-24 00:51:08,096 [INFO] Fetching units for 07058A00709109 (4967/5131)
2025-06-24 00:51:23,881 [INFO] Fetching units for 07058A00809001 (4968/5131)
2025-06-24 00:51:39,881 [INFO] Fetching units for 07058A00809002 (4969/5131)
2025-06-24 00:51:55,772 [INFO] Fetching units for 07058A00809003 (4970/5131)
2025-06-24 00:52:11,625 [INFO] Fetching units for 07058A00809004 (4971/5131)
2025-06-24 00:52:27,393 [INFO] Fetching units for 07058A00809005 (4972/5131)
2025-06-24 00:52:43,516 [INFO] Fetching units for 07058A00809006 (4973/5131)
2025-06-24 00:52:59,254 [INFO] Fetching units for 07058A00809007 (4974/5131)
2025-06-24 00:53:15,307 [INFO] Inserted 10 unit records.
2025-06-24 00:53:15,307 [INFO] Fetching units for 07058A00809008 (4975/5131)
2025-06-24 00:53:31,062 [INFO] Fetching units for 07058A00809009 (4976/5131)
2025-06-24 00:53:46,997 [INFO] Fetching units for 07058A00809010 (4977/5131)
2025-06-24 00:54:02,866 [INFO] Fetching units for 07058A00809011 (4978/5131)
2025-06-24 00:54:18,703 [INFO] Fetching units for 07058A00809012 (4979/5131)
2025-06-24 00:54:34,558 [INFO] Fetching units for 07058A00809013 (4980/5131)
2025-06-24 00:54:50,462 [INFO] Fetching units for 07058A00909001 (4981/5131)
2025-06-24 00:55:06,459 [INFO] Fetching units for 07058A00909002 (4982/5131)
2025-06-24 00:55:22,401 [INFO] Fetching units for 07058A00909003 (4983/5131)
2025-06-24 00:55:38,372 [INFO] Fetching units for 07058A00909004 (4984/5131)
2025-06-24 00:55:54,586 [INFO] Inserted 10 unit records.
2025-06-24 00:55:54,586 [INFO] Fetching units for 07058A00909005 (4985/5131)
2025-06-24 00:56:10,523 [INFO] Fetching units for 07058A00909006 (4986/5131)
2025-06-24 00:56:26,531 [INFO] Fetching units for 07058A00909008 (4987/5131)
2025-06-24 00:56:42,336 [INFO] Fetching units for 07058A00909009 (4988/5131)
2025-06-24 00:56:58,388 [INFO] Fetching units for 07058A00909010 (4989/5131)
2025-06-24 00:57:14,222 [INFO] Fetching units for 07058A01009002 (4990/5131)
2025-06-24 00:57:30,136 [INFO] Fetching units for 07058A01009003 (4991/5131)
2025-06-24 00:57:46,084 [INFO] Fetching units for 07058A01009004 (4992/5131)
2025-06-24 00:58:02,053 [INFO] Fetching units for 07058A01009005 (4993/5131)
2025-06-24 00:58:17,900 [INFO] Fetching units for 07058A01009006 (4994/5131)
2025-06-24 00:58:33,811 [INFO] Inserted 10 unit records.
2025-06-24 00:58:33,811 [INFO] Fetching units for 07058A01009008 (4995/5131)
2025-06-24 00:58:49,622 [INFO] Fetching units for 07058A01009009 (4996/5131)
2025-06-24 00:59:05,602 [INFO] Fetching units for 07058A01009271 (4997/5131)
2025-06-24 00:59:21,448 [INFO] Fetching units for 07058A01009273 (4998/5131)
2025-06-24 00:59:37,225 [INFO] Fetching units for 07058A01009274 (4999/5131)
2025-06-24 00:59:53,004 [INFO] Fetching units for 07058A01009275 (5000/5131)
2025-06-24 01:00:08,944 [INFO] Fetching units for 07058A01109002 (5001/5131)
2025-06-24 01:00:25,048 [INFO] Fetching units for 07058A01109003 (5002/5131)
2025-06-24 01:00:40,975 [INFO] Fetching units for 07058A01109005 (5003/5131)
2025-06-24 01:00:56,855 [INFO] Fetching units for 07058A01109006 (5004/5131)
2025-06-24 01:01:12,818 [INFO] Inserted 10 unit records.
2025-06-24 01:01:12,819 [INFO] Fetching units for 07058A01109007 (5005/5131)
2025-06-24 01:01:28,645 [INFO] Fetching units for 07058A01109008 (5006/5131)
2025-06-24 01:01:44,462 [INFO] Fetching units for 07058A01109009 (5007/5131)
2025-06-24 01:02:00,293 [INFO] Fetching units for 07058A01109010 (5008/5131)
2025-06-24 01:02:16,210 [INFO] Fetching units for 07058A01109011 (5009/5131)
2025-06-24 01:02:32,057 [INFO] Fetching units for 07058A01109012 (5010/5131)
2025-06-24 01:02:47,939 [INFO] Fetching units for 07058A01109013 (5011/5131)
2025-06-24 01:03:03,793 [INFO] Fetching units for 07058A01109014 (5012/5131)
2025-06-24 01:03:19,711 [INFO] Fetching units for 07058A01109015 (5013/5131)
2025-06-24 01:03:35,699 [INFO] Fetching units for 07058A01109197 (5014/5131)
2025-06-24 01:03:51,592 [INFO] Inserted 10 unit records.
2025-06-24 01:03:51,597 [INFO] Fetching units for 07058A01109506 (5015/5131)
2025-06-24 01:04:07,346 [INFO] Fetching units for 07058A01209001 (5016/5131)
2025-06-24 01:04:23,263 [INFO] Fetching units for 07058A01209002 (5017/5131)
2025-06-24 01:04:39,058 [INFO] Fetching units for 07058A01209003 (5018/5131)
2025-06-24 01:04:54,856 [INFO] Fetching units for 07058A01209004 (5019/5131)
2025-06-24 01:05:10,717 [INFO] Fetching units for 07058A01209005 (5020/5131)
2025-06-24 01:05:26,634 [INFO] Fetching units for 07058A01209006 (5021/5131)
2025-06-24 01:05:42,425 [INFO] Fetching units for 07058A01209007 (5022/5131)
2025-06-24 01:05:58,219 [INFO] Fetching units for 07058A01209008 (5023/5131)
2025-06-24 01:06:14,016 [INFO] Fetching units for 07058A01309002 (5024/5131)
2025-06-24 01:06:30,023 [INFO] Inserted 10 unit records.
2025-06-24 01:06:30,023 [INFO] Fetching units for 07058A01309003 (5025/5131)
2025-06-24 01:06:45,924 [INFO] Fetching units for 07058A01309004 (5026/5131)
2025-06-24 01:07:01,725 [INFO] Fetching units for 07058A01309005 (5027/5131)
2025-06-24 01:07:17,489 [INFO] Fetching units for 07058A01309006 (5028/5131)
2025-06-24 01:07:33,409 [INFO] Fetching units for 07058A01309007 (5029/5131)
2025-06-24 01:07:49,286 [INFO] Fetching units for 07058A01309008 (5030/5131)
2025-06-24 01:08:05,154 [INFO] Fetching units for 07058A01309009 (5031/5131)
2025-06-24 01:08:20,927 [INFO] Fetching units for 07058A01309010 (5032/5131)
2025-06-24 01:08:36,848 [INFO] Fetching units for 07058A01309011 (5033/5131)
2025-06-24 01:08:52,639 [INFO] Fetching units for 07058A01309012 (5034/5131)
2025-06-24 01:09:08,623 [INFO] Inserted 10 unit records.
2025-06-24 01:09:08,623 [INFO] Fetching units for 07058A01309013 (5035/5131)
2025-06-24 01:09:24,429 [INFO] Fetching units for 07058A01309014 (5036/5131)
2025-06-24 01:09:40,362 [INFO] Fetching units for 07058A01309015 (5037/5131)
2025-06-24 01:09:56,198 [INFO] Fetching units for 07058A01309145 (5038/5131)
2025-06-24 01:10:12,000 [INFO] Fetching units for 07058A01409001 (5039/5131)
2025-06-24 01:10:27,952 [INFO] Fetching units for 07058A01409002 (5040/5131)
2025-06-24 01:10:44,045 [INFO] Fetching units for 07058A01409003 (5041/5131)
2025-06-24 01:10:59,886 [INFO] Fetching units for 07058A01409004 (5042/5131)
2025-06-24 01:11:15,716 [INFO] Fetching units for 07058A01409005 (5043/5131)
2025-06-24 01:11:31,472 [INFO] Fetching units for 07058A01409006 (5044/5131)
2025-06-24 01:11:47,346 [INFO] Inserted 10 unit records.
2025-06-24 01:11:47,346 [INFO] Fetching units for 07058A01409007 (5045/5131)
2025-06-24 01:12:03,150 [INFO] Fetching units for 07058A01409008 (5046/5131)
2025-06-24 01:12:18,949 [INFO] Fetching units for 07058A01409009 (5047/5131)
2025-06-24 01:12:34,735 [INFO] Fetching units for 07058A01409010 (5048/5131)
2025-06-24 01:12:50,604 [INFO] Fetching units for 07058A01409011 (5049/5131)
2025-06-24 01:13:06,357 [INFO] Fetching units for 07058A01409012 (5050/5131)
2025-06-24 01:13:22,214 [INFO] Fetching units for 07058A01409013 (5051/5131)
2025-06-24 01:13:37,980 [INFO] Fetching units for 07058A01409014 (5052/5131)
2025-06-24 01:13:53,855 [INFO] Fetching units for 07058A01409232 (5053/5131)
2025-06-24 01:14:09,649 [INFO] Fetching units for 07058A01509001 (5054/5131)
2025-06-24 01:14:25,460 [INFO] Inserted 10 unit records.
2025-06-24 01:14:25,460 [INFO] Fetching units for 07058A01509002 (5055/5131)
2025-06-24 01:14:41,232 [INFO] Fetching units for 07058A01509003 (5056/5131)
2025-06-24 01:14:57,136 [INFO] Fetching units for 07058A01509004 (5057/5131)
2025-06-24 01:15:12,906 [INFO] Fetching units for 07058A01509005 (5058/5131)
2025-06-24 01:15:28,672 [INFO] Fetching units for 07058A01509006 (5059/5131)
2025-06-24 01:15:44,414 [INFO] Fetching units for 07058A01509007 (5060/5131)
2025-06-24 01:16:00,355 [INFO] Fetching units for 07058A01509134 (5061/5131)
2025-06-24 01:16:16,153 [INFO] Fetching units for 07058A01609001 (5062/5131)
2025-06-24 01:16:32,091 [INFO] Fetching units for 07058A01609002 (5063/5131)
2025-06-24 01:16:47,977 [INFO] Fetching units for 07058A01609003 (5064/5131)
2025-06-24 01:17:03,868 [INFO] Inserted 10 unit records.
2025-06-24 01:17:03,868 [INFO] Fetching units for 07058A01609004 (5065/5131)
2025-06-24 01:17:19,669 [INFO] Fetching units for 07058A01609005 (5066/5131)
2025-06-24 01:17:35,505 [INFO] Fetching units for 07058A01609006 (5067/5131)
2025-06-24 01:17:51,325 [INFO] Fetching units for 07058A01609007 (5068/5131)
2025-06-24 01:18:07,226 [INFO] Fetching units for 07058A01609008 (5069/5131)
2025-06-24 01:18:23,006 [INFO] Fetching units for 07058A01609009 (5070/5131)
2025-06-24 01:18:38,753 [INFO] Fetching units for 07058A01609010 (5071/5131)
2025-06-24 01:18:54,590 [INFO] Fetching units for 07058A01609011 (5072/5131)
2025-06-24 01:19:10,445 [INFO] Fetching units for 07058A01609191 (5073/5131)
2025-06-24 01:19:26,262 [INFO] Fetching units for 07058A01709001 (5074/5131)
2025-06-24 01:19:42,137 [INFO] Inserted 10 unit records.
2025-06-24 01:19:42,137 [INFO] Fetching units for 07058A01709002 (5075/5131)
2025-06-24 01:19:57,947 [INFO] Fetching units for 07058A01709003 (5076/5131)
2025-06-24 01:20:13,888 [INFO] Fetching units for 07058A01709005 (5077/5131)
2025-06-24 01:20:29,762 [INFO] Fetching units for 07058A01709006 (5078/5131)
2025-06-24 01:20:45,581 [INFO] Fetching units for 07058A01709007 (5079/5131)
2025-06-24 01:21:01,354 [INFO] Fetching units for 07058A01709008 (5080/5131)
2025-06-24 01:21:17,240 [INFO] Fetching units for 07058A01709009 (5081/5131)
2025-06-24 01:21:33,125 [INFO] Fetching units for 07058A01709010 (5082/5131)
2025-06-24 01:21:48,876 [INFO] Fetching units for 07058A01709011 (5083/5131)
2025-06-24 01:22:05,166 [INFO] Fetching units for 07058A01709012 (5084/5131)
2025-06-24 01:22:21,072 [INFO] Inserted 10 unit records.
2025-06-24 01:22:21,072 [INFO] Fetching units for 07058A01709013 (5085/5131)
2025-06-24 01:22:36,925 [INFO] Fetching units for 07058A01709014 (5086/5131)
2025-06-24 01:22:52,680 [INFO] Fetching units for 07058A01709174 (5087/5131)
2025-06-24 01:23:08,460 [INFO] Fetching units for 07058A01709175 (5088/5131)
2025-06-24 01:23:24,288 [INFO] Fetching units for 07058A01709176 (5089/5131)
2025-06-24 01:23:40,039 [INFO] Fetching units for 07058A01809001 (5090/5131)
2025-06-24 01:23:55,827 [INFO] Fetching units for 07058A01809002 (5091/5131)
2025-06-24 01:24:11,598 [INFO] Fetching units for 07058A01809003 (5092/5131)
2025-06-24 01:24:27,449 [INFO] Fetching units for 07058A01809004 (5093/5131)
2025-06-24 01:24:43,223 [INFO] Fetching units for 07058A01809005 (5094/5131)
2025-06-24 01:24:59,058 [INFO] Inserted 10 unit records.
2025-06-24 01:24:59,058 [INFO] Fetching units for 07058A01809006 (5095/5131)
2025-06-24 01:25:14,808 [INFO] Fetching units for 07058A01809008 (5096/5131)
2025-06-24 01:25:30,758 [INFO] Fetching units for 07058A01909001 (5097/5131)
2025-06-24 01:25:46,559 [INFO] Fetching units for 07058A01909002 (5098/5131)
2025-06-24 01:26:02,433 [INFO] Fetching units for 07058A01909003 (5099/5131)
2025-06-24 01:26:18,256 [INFO] Fetching units for 07058A01909004 (5100/5131)
2025-06-24 01:26:34,237 [INFO] Fetching units for 07058A01909261 (5101/5131)
2025-06-24 01:26:50,057 [INFO] Fetching units for 07058A01909262 (5102/5131)
2025-06-24 01:27:05,872 [INFO] Fetching units for 07058A02009001 (5103/5131)
2025-06-24 01:27:21,689 [INFO] Fetching units for 07058A02009002 (5104/5131)
2025-06-24 01:27:37,575 [INFO] Inserted 10 unit records.
2025-06-24 01:27:37,575 [INFO] Fetching units for 07058A02009003 (5105/5131)
2025-06-24 01:27:53,356 [INFO] Fetching units for 07058A02009004 (5106/5131)
2025-06-24 01:28:09,122 [INFO] Fetching units for 07058A02009005 (5107/5131)
2025-06-24 01:28:24,884 [INFO] Fetching units for 07058A02009006 (5108/5131)
2025-06-24 01:28:40,795 [INFO] Fetching units for 07058A02009016 (5109/5131)
2025-06-24 01:28:56,524 [INFO] Fetching units for 07058A02109001 (5110/5131)
2025-06-24 01:29:12,340 [INFO] Fetching units for 07058A02109002 (5111/5131)
2025-06-24 01:29:28,131 [INFO] Fetching units for 07058A02109003 (5112/5131)
2025-06-24 01:29:44,000 [INFO] Fetching units for 07058A02109004 (5113/5131)
2025-06-24 01:29:59,893 [INFO] Fetching units for 07058A02109005 (5114/5131)
2025-06-24 01:30:15,818 [INFO] Inserted 10 unit records.
2025-06-24 01:30:15,818 [INFO] Fetching units for 07058A02109006 (5115/5131)
2025-06-24 01:30:31,559 [INFO] Fetching units for 07058A02109007 (5116/5131)
2025-06-24 01:30:47,450 [INFO] Fetching units for 07058A02109008 (5117/5131)
2025-06-24 01:31:03,204 [INFO] Fetching units for 07058A02109009 (5118/5131)
2025-06-24 01:31:18,931 [INFO] Fetching units for 07058A02109146 (5119/5131)
2025-06-24 01:31:34,903 [INFO] Fetching units for 07058A02109147 (5120/5131)
2025-06-24 01:31:50,841 [INFO] Fetching units for 07058A02109148 (5121/5131)
2025-06-24 01:32:06,657 [INFO] Fetching units for 07058A02109149 (5122/5131)
2025-06-24 01:32:22,608 [INFO] Fetching units for 07058A02209001 (5123/5131)
2025-06-24 01:32:38,396 [INFO] Fetching units for 07058A02209002 (5124/5131)
2025-06-24 01:32:54,318 [INFO] Inserted 10 unit records.
2025-06-24 01:32:54,318 [INFO] Fetching units for 07058A02309001 (5125/5131)
2025-06-24 01:33:10,071 [INFO] Fetching units for 07058A02309002 (5126/5131)
2025-06-24 01:33:25,856 [INFO] Fetching units for 07058A02309003 (5127/5131)
2025-06-24 01:33:41,577 [INFO] Fetching units for 07058A02309004 (5128/5131)
2025-06-24 01:33:57,543 [INFO] Fetching units for 07058A02309148 (5129/5131)
2025-06-24 01:34:13,354 [INFO] Fetching units for 07058A02309149 (5130/5131)
2025-06-24 01:34:29,124 [INFO] Fetching units for 07058A02309150 (5131/5131)
2025-06-24 01:34:44,906 [INFO] Inserted final 7 unit records for SELVA.
2025-06-24 01:34:46,003 [INFO] Created 7 records
2025-06-24 01:34:46,004 [INFO] Exported 7 unit records with geometry.
2025-06-24 10:02:41,260 [INFO] Processing municipality: SELVA (07058)
2025-06-24 10:02:48,613 [INFO] Created 0 records
2025-06-24 10:02:48,613 [INFO] Inserted 0 new parcels for SELVA.
2025-06-24 10:02:48,847 [INFO] Fetching units for 001200400DE90A (1/16)
2025-06-24 10:03:41,704 [INFO] Fetching units for 001300700DE90A (2/16)
2025-06-24 10:04:34,431 [INFO] Fetching units for 002303300DE90A (3/16)
2025-06-24 10:05:27,159 [INFO] Fetching units for 002400200DE90C (4/16)
2025-06-24 10:06:20,417 [INFO] Fetching units for 07058A00200031 (5/16)
2025-06-24 10:07:13,469 [INFO] Fetching units for 07058A00200056 (6/16)
2025-06-24 10:08:06,206 [INFO] Fetching units for 07058A00900013 (7/16)
2025-06-24 10:09:12,854 [INFO] Fetching units for 07058A00900123 (8/16)
2025-06-24 10:10:05,901 [INFO] Fetching units for 07058A00900199 (9/16)
2025-06-24 10:10:59,470 [INFO] Fetching units for 07058A01800057 (10/16)
2025-06-24 10:11:15,823 [INFO] Fetching units for 1726908DE9012N (11/16)
2025-06-24 10:11:31,789 [INFO] Fetching units for 1726917DE9012N (12/16)
2025-06-24 10:11:48,148 [INFO] Fetching units for 1806407DE9010N (13/16)
2025-06-24 10:12:04,657 [INFO] Inserted 16 unit records.
2025-06-24 10:12:04,657 [INFO] Fetching units for 1808103DE9010N (14/16)
2025-06-24 10:12:06,016 [INFO] \U0001f3d7\ufe0f Found 3 building(s) for parcel 1808103DE9010N
2025-06-24 10:12:21,019 [INFO] Fetching units for 1808208DE9010N (15/16)
2025-06-24 10:12:22,195 [INFO] \U0001f3d7\ufe0f Found 3 building(s) for parcel 1808208DE9010N
2025-06-24 10:12:37,208 [INFO] Fetching units for 1926242DE9012N (16/16)
2025-06-24 10:13:30,139 [INFO] Inserted final 2 unit records for SELVA.
2025-06-24 10:13:31,013 [INFO] Created 2 records
2025-06-24 10:13:31,013 [INFO] Exported 2 unit records with geometry.
2025-06-24 10:13:31,013 [INFO] \U0001f9f1 Final batch: preparing 6 building records for SELVA
2025-06-24 10:13:31,028 [INFO] Inserted final 6 building records for SELVA.
2025-06-24 10:21:33,308 [INFO] Processing municipality: SELVA (07058)
2025-06-24 10:21:53,341 [INFO] Created 0 records
2025-06-24 10:21:53,341 [INFO] Inserted 0 new parcels for SELVA.
2025-06-24 10:21:53,579 [INFO] Fetching units for 000100100DD99E (1/5131)
2025-06-24 10:21:55,024 [INFO] \U0001f3d7\ufe0f Found 3 building(s) for parcel 000100100DD99E
2025-06-24 10:22:10,045 [INFO] Fetching units for 000100100DE90A (2/5131)
2025-06-24 10:22:11,103 [INFO] \U0001f3d7\ufe0f Found 1 building(s) for parcel 000100100DE90A
2025-06-24 10:22:26,137 [INFO] Fetching units for 000100100DE90B (3/5131)
2025-06-24 10:22:27,278 [INFO] \U0001f3d7\ufe0f Found 3 building(s) for parcel 000100100DE90B
2025-06-24 10:22:42,279 [INFO] Fetching units for 000100200DE90A (4/5131)
2025-06-24 10:22:43,457 [INFO] \U0001f3d7\ufe0f Found 1 building(s) for parcel 000100200DE90A
2025-06-24 10:22:58,466 [INFO] Fetching units for 000100200DE90B (5/5131)
2025-06-24 10:22:59,637 [INFO] \U0001f3d7\ufe0f Found 1 building(s) for parcel 000100200DE90B
2025-06-24 10:23:14,644 [INFO] Fetching units for 000100300DD99G (6/5131)
2025-06-24 10:23:16,020 [INFO] \U0001f3d7\ufe0f Found 5 building(s) for parcel 000100300DD99G
2025-06-24 10:23:31,030 [INFO] \U0001f9f1 Prepared 14 building records for insertion.
2025-06-24 10:23:31,161 [INFO] Inserted 14 building records.
2025-06-24 10:23:31,161 [INFO] Fetching units for 000100300DE90B (7/5131)
2025-06-24 10:23:32,302 [INFO] \U0001f3d7\ufe0f Found 5 building(s) for parcel 000100300DE90B
2025-06-24 10:23:47,356 [INFO] Fetching units for 000100400DD99G (8/5131)
2025-06-24 10:23:48,482 [INFO] \U0001f3d7\ufe0f Found 1 building(s) for parcel 000100400DD99G
2025-06-24 10:24:03,490 [INFO] Fetching units for 000100400DE90B (9/5131)
2025-06-24 10:24:04,862 [INFO] \U0001f3d7\ufe0f Found 2 building(s) for parcel 000100400DE90B
2025-06-24 10:24:19,868 [INFO] Fetching units for 000100500DD99G (10/5131)
2025-06-24 10:24:21,048 [INFO] \U0001f3d7\ufe0f Found 3 building(s) for parcel 000100500DD99G
2025-06-24 10:24:36,053 [INFO] \U0001f9f1 Prepared 11 building records for insertion.
2025-06-24 10:24:36,084 [INFO] Inserted 11 building records.
2025-06-24 10:24:36,084 [INFO] Fetching units for 000100600DE99G (11/5131)
2025-06-24 10:24:37,118 [INFO] \U0001f3d7\ufe0f Found 1 building(s) for parcel 000100600DE99G
2025-06-24 10:24:52,131 [INFO] Fetching units for 000100700DE90B (12/5131)
2025-06-24 10:24:53,252 [INFO] \U0001f3d7\ufe0f Found 4 building(s) for parcel 000100700DE90B
2025-06-24 10:25:08,267 [INFO] Fetching units for 000100800DE90B (13/5131)
2025-06-24 10:25:09,483 [INFO] \U0001f3d7\ufe0f Found 4 building(s) for parcel 000100800DE90B
2025-06-24 10:25:24,499 [INFO] Fetching units for 000100800DE99G (14/5131)
2025-06-24 10:25:25,659 [INFO] \U0001f3d7\ufe0f Found 4 building(s) for parcel 000100800DE99G
2025-06-24 10:25:40,672 [INFO] \U0001f9f1 Prepared 13 building records for insertion.
2025-06-24 10:25:40,695 [INFO] Inserted 13 building records.
2025-06-24 10:25:40,695 [INFO] Fetching units for 000101100DD99G (15/5131)
2025-06-24 10:25:41,736 [INFO] \U0001f3d7\ufe0f Found 4 building(s) for parcel 000101100DD99G
2025-06-24 10:25:56,745 [INFO] Fetching units for 000150300DD99E (16/5131)
2025-06-24 10:25:57,913 [INFO] \U0001f3d7\ufe0f Found 2 building(s) for parcel 000150300DD99E
2025-06-24 10:26:12,925 [INFO] Fetching units for 000200100DD99G (17/5131)
2025-06-24 10:26:14,306 [INFO] \U0001f3d7\ufe0f Found 5 building(s) for parcel 000200100DD99G
2025-06-24 10:26:29,318 [INFO] \U0001f9f1 Prepared 11 building records for insertion.
2025-06-24 10:26:29,340 [INFO] Inserted 11 building records.
2025-06-24 10:26:29,340 [INFO] Fetching units for 000200100DE90A (18/5131)
2025-06-24 10:26:30,471 [INFO] \U0001f3d7\ufe0f Found 3 building(s) for parcel 000200100DE90A
2025-06-24 10:26:45,486 [INFO] Fetching units for 000200200DD99G (19/5131)
2025-06-24 10:26:46,862 [INFO] \U0001f3d7\ufe0f Found 2 building(s) for parcel 000200200DD99G
2025-06-24 10:27:01,867 [INFO] Fetching units for 000200200DE90A (20/5131)
2025-06-24 10:27:03,045 [INFO] \U0001f3d7\ufe0f Found 5 building(s) for parcel 000200200DE90A
2025-06-24 10:27:18,062 [INFO] \U0001f9f1 Prepared 10 building records for insertion.
2025-06-24 10:27:18,089 [INFO] Inserted 10 building records.
2025-06-24 10:27:18,094 [INFO] Fetching units for 000200300DE90A (21/5131)
2025-06-24 10:27:19,630 [INFO] \U0001f3d7\ufe0f Found 4 building(s) for parcel 000200300DE90A
2025-06-24 10:27:34,634 [INFO] Fetching units for 000200400DD99G (22/5131)
2025-06-24 10:27:35,712 [INFO] \U0001f3d7\ufe0f Found 1 building(s) for parcel 000200400DD99G
2025-06-24 10:27:50,728 [INFO] Fetching units for 000200400DE90A (23/5131)
2025-06-24 10:27:52,083 [INFO] \U0001f3d7\ufe0f Found 2 building(s) for parcel 000200400DE90A
2025-06-24 10:28:07,095 [INFO] Fetching units for 000200500DD99G (24/5131)
2025-06-24 10:28:08,171 [INFO] \U0001f3d7\ufe0f Found 6 building(s) for parcel 000200500DD99G
2025-06-24 10:28:23,182 [INFO] \U0001f9f1 Prepared 13 building records for insertion.
2025-06-24 10:28:23,301 [INFO] Inserted 13 building records.
2025-06-24 10:28:23,301 [INFO] Fetching units for 000200600DD99G (25/5131)
2025-06-24 10:28:24,650 [INFO] \U0001f3d7\ufe0f Found 4 building(s) for parcel 000200600DD99G
2025-06-24 10:28:39,695 [INFO] Fetching units for 000200800DD99G (26/5131)
2025-06-24 10:28:40,936 [INFO] \U0001f3d7\ufe0f Found 2 building(s) for parcel 000200800DD99G
2025-06-24 10:28:55,947 [INFO] Fetching units for 000200800DE90A (27/5131)
2025-06-24 10:28:56,909 [INFO] \U0001f3d7\ufe0f Found 1 building(s) for parcel 000200800DE90A
2025-06-24 10:29:11,918 [INFO] Fetching units for 000200900DD99G (28/5131)
2025-06-24 10:29:12,986 [INFO] \U0001f3d7\ufe0f Found 4 building(s) for parcel 000200900DD99G
2025-06-24 10:29:27,994 [INFO] \U0001f9f1 Prepared 11 building records for insertion.
2025-06-24 10:29:28,021 [INFO] Inserted 11 building records.
2025-06-24 10:29:28,021 [INFO] Fetching units for 000201000DD99G (29/5131)
2025-06-24 10:29:29,365 [INFO] \U0001f3d7\ufe0f Found 4 building(s) for parcel 000201000DD99G
2025-06-24 10:29:44,367 [INFO] Fetching units for 000201100DD99G (30/5131)
2025-06-24 10:29:45,444 [INFO] \U0001f3d7\ufe0f Found 4 building(s) for parcel 000201100DD99G
2025-06-24 10:30:00,457 [INFO] Fetching units for 000201200DD99G (31/5131)
2025-06-24 10:30:01,630 [INFO] \U0001f3d7\ufe0f Found 1 building(s) for parcel 000201200DD99G
2025-06-24 10:30:16,631 [INFO] Fetching units for 000201200DE90A (32/5131)
2025-06-24 10:30:18,341 [INFO] \U0001f3d7\ufe0f Found 2 building(s) for parcel 000201200DE90A
2025-06-24 10:30:33,347 [INFO] \U0001f9f1 Prepared 11 building records for insertion.
2025-06-24 10:30:33,366 [INFO] Inserted 11 building records.
2025-06-24 10:30:33,370 [INFO] Fetching units for 000201300DE90A (33/5131)
2025-06-24 10:30:34,713 [INFO] \U0001f3d7\ufe0f Found 2 building(s) for parcel 000201300DE90A
2025-06-24 10:30:49,728 [INFO] Fetching units for 000201400DD99G (34/5131)
2025-06-24 10:30:50,778 [INFO] \U0001f3d7\ufe0f Found 2 building(s) for parcel 000201400DD99G
2025-06-24 10:31:05,785 [INFO] Fetching units for 000201500DD99G (35/5131)
2025-06-24 10:31:07,207 [INFO] \U0001f3d7\ufe0f Found 4 building(s) for parcel 000201500DD99G
2025-06-24 10:31:22,232 [INFO] Fetching units for 000201500DE90A (36/5131)
2025-06-24 10:31:23,444 [INFO] \U0001f3d7\ufe0f Found 3 building(s) for parcel 000201500DE90A
2025-06-24 10:31:38,458 [INFO] \U0001f9f1 Prepared 11 building records for insertion.
2025-06-24 10:31:38,479 [INFO] Inserted 11 building records.
2025-06-24 10:31:38,479 [INFO] Fetching units for 000201600DE90A (37/5131)
2025-06-24 10:31:39,934 [INFO] \U0001f3d7\ufe0f Found 3 building(s) for parcel 000201600DE90A
2025-06-24 10:31:54,938 [INFO] Fetching units for 000201700DD99G (38/5131)
2025-06-24 10:31:56,006 [INFO] \U0001f3d7\ufe0f Found 1 building(s) for parcel 000201700DD99G
2025-06-24 10:32:11,018 [INFO] Fetching units for 000201900DD99G (39/5131)
2025-06-24 10:32:12,091 [INFO] \U0001f3d7\ufe0f Found 1 building(s) for parcel 000201900DD99G
2025-06-24 10:32:27,099 [INFO] Fetching units for 000202300DD99G (40/5131)
2025-06-24 10:32:28,155 [INFO] \U0001f3d7\ufe0f Found 1 building(s) for parcel 000202300DD99G
2025-06-24 10:32:43,157 [INFO] Fetching units for 000202400DD99G (41/5131)
2025-06-24 10:32:44,655 [INFO] \U0001f3d7\ufe0f Found 4 building(s) for parcel 000202400DD99G
2025-06-24 10:32:59,674 [INFO] \U0001f9f1 Prepared 10 building records for insertion.
2025-06-24 10:32:59,696 [INFO] Inserted 10 building records.
2025-06-24 10:32:59,696 [INFO] Fetching units for 000300100DD99G (42/5131)
2025-06-24 10:33:01,285 [INFO] \U0001f3d7\ufe0f Found 2 building(s) for parcel 000300100DD99G
2025-06-24 10:33:16,298 [INFO] Fetching units for 000300100DE90A (43/5131)
2025-06-24 10:33:17,627 [INFO] \U0001f3d7\ufe0f Found 5 building(s) for parcel 000300100DE90A
2025-06-24 10:33:32,633 [INFO] Fetching units for 000300200DE90A (44/5131)
2025-06-24 10:33:33,708 [INFO] \U0001f3d7\ufe0f Found 4 building(s) for parcel 000300200DE90A
2025-06-24 10:33:48,714 [INFO] \U0001f9f1 Prepared 11 building records for insertion.
2025-06-24 10:33:48,747 [INFO] Inserted 11 building records.
2025-06-24 10:33:48,747 [INFO] Fetching units for 000300300DD99G (45/5131)
2025-06-24 10:33:50,079 [INFO] \U0001f3d7\ufe0f Found 1 building(s) for parcel 000300300DD99G
2025-06-24 10:34:05,092 [INFO] Fetching units for 000300300DE90A (46/5131)
2025-06-24 10:34:06,359 [INFO] \U0001f3d7\ufe0f Found 6 building(s) for parcel 000300300DE90A
2025-06-24 10:34:21,381 [INFO] Fetching units for 000300500DD99G (47/5131)
2025-06-24 10:34:22,438 [INFO] \U0001f3d7\ufe0f Found 1 building(s) for parcel 000300500DD99G
2025-06-24 10:34:37,438 [INFO] Fetching units for 000300600DD99G (48/5131)
2025-06-24 10:34:38,621 [INFO] \U0001f3d7\ufe0f Found 2 building(s) for parcel 000300600DD99G
2025-06-24 10:34:53,628 [INFO] \U0001f9f1 Prepared 10 building records for insertion.
2025-06-24 10:34:53,644 [INFO] Inserted 10 building records.
2025-06-24 10:34:53,644 [INFO] Fetching units for 000300600DE90A (49/5131)
2025-06-24 10:35:02,374 [INFO] \U0001f3d7\ufe0f Found 2 building(s) for parcel 000300600DE90A
2025-06-24 10:35:17,389 [INFO] Fetching units for 000300700DE90A (50/5131)
2025-06-24 10:35:18,554 [INFO] \U0001f3d7\ufe0f Found 6 building(s) for parcel 000300700DE90A
2025-06-24 10:35:33,558 [INFO] Fetching units for 000300800DD99G (51/5131)
2025-06-24 10:35:34,938 [INFO] \U0001f3d7\ufe0f Found 2 building(s) for parcel 000300800DD99G
2025-06-24 10:35:49,952 [INFO] \U0001f9f1 Prepared 10 building records for insertion.
2025-06-24 10:35:49,972 [INFO] Inserted 10 building records.
2025-06-24 10:35:49,972 [INFO] Fetching units for 000300900DD99G (52/5131)
2025-06-24 10:35:51,120 [INFO] \U0001f3d7\ufe0f Found 5 building(s) for parcel 000300900DD99G
2025-06-24 10:36:06,132 [INFO] Fetching units for 000300900DE90A (53/5131)
2025-06-24 10:36:07,403 [INFO] \U0001f3d7\ufe0f Found 1 building(s) for parcel 000300900DE90A
2025-06-24 10:36:22,413 [INFO] Fetching units for 000301000DD99G (54/5131)
2025-06-24 10:36:23,471 [INFO] \U0001f3d7\ufe0f Found 2 building(s) for parcel 000301000DD99G
2025-06-24 10:36:38,495 [INFO] Fetching units for 000301100DE90A (55/5131)
2025-06-24 10:36:39,757 [INFO] \U0001f3d7\ufe0f Found 6 building(s) for parcel 000301100DE90A
2025-06-24 10:36:54,762 [INFO] \U0001f9f1 Prepared 14 building records for insertion.
2025-06-24 10:36:54,790 [INFO] Inserted 14 building records.
2025-06-24 10:36:54,790 [INFO] Fetching units for 000301200DE90A (56/5131)
2025-06-24 10:36:55,935 [INFO] \U0001f3d7\ufe0f Found 3 building(s) for parcel 000301200DE90A
2025-06-24 10:37:10,935 [INFO] Fetching units for 000301300DE90A (57/5131)
2025-06-24 10:37:12,522 [INFO] \U0001f3d7\ufe0f Found 3 building(s) for parcel 000301300DE90A
2025-06-24 10:37:27,535 [INFO] Fetching units for 000301400DD99G (58/5131)
2025-06-24 10:37:28,696 [INFO] \U0001f3d7\ufe0f Found 1 building(s) for parcel 000301400DD99G
2025-06-24 10:37:43,706 [INFO] Fetching units for 000301400DE90A (59/5131)
2025-06-24 10:37:44,778 [INFO] \U0001f3d7\ufe0f Found 1 building(s) for parcel 000301400DE90A
2025-06-24 10:37:59,794 [INFO] Fetching units for 000301600DD99G (60/5131)
2025-06-24 10:38:01,166 [INFO] \U0001f3d7\ufe0f Found 5 building(s) for parcel 000301600DD99G
2025-06-24 10:38:16,335 [INFO] \U0001f9f1 Prepared 13 building records for insertion.
2025-06-24 10:38:16,489 [INFO] Inserted 13 building records.
2025-06-24 10:38:16,489 [INFO] Fetching units for 000301600DE90A (61/5131)
2025-06-24 10:38:19,188 [INFO] \U0001f3d7\ufe0f Found 5 building(s) for parcel 000301600DE90A
2025-06-24 10:38:34,198 [INFO] Fetching units for 000301700DD99G (62/5131)
2025-06-24 10:38:35,469 [INFO] \U0001f3d7\ufe0f Found 4 building(s) for parcel 000301700DD99G
2025-06-24 10:38:50,471 [INFO] Fetching units for 000302000DD99G (63/5131)
2025-06-24 10:38:51,631 [INFO] \U0001f3d7\ufe0f Found 2 building(s) for parcel 000302000DD99G
2025-06-24 10:39:06,640 [INFO] \U0001f9f1 Prepared 11 building records for insertion.
2025-06-24 10:39:06,677 [INFO] Inserted 11 building records.
2025-06-24 10:39:06,677 [INFO] Fetching units for 000302100DD99G (64/5131)
2025-06-24 10:39:07,832 [INFO] \U0001f3d7\ufe0f Found 3 building(s) for parcel 000302100DD99G
2025-06-24 10:39:22,832 [INFO] Fetching units for 000302300DD99G (65/5131)
2025-06-24 10:39:24,110 [INFO] \U0001f3d7\ufe0f Found 8 building(s) for parcel 000302300DD99G
2025-06-24 10:39:39,117 [INFO] \U0001f9f1 Prepared 11 building records for insertion.
2025-06-24 10:39:39,136 [INFO] Inserted 11 building records.
2025-06-24 10:39:39,136 [INFO] Fetching units for 000302800DD99G (66/5131)
2025-06-24 10:39:40,279 [INFO] \U0001f3d7\ufe0f Found 1 building(s) for parcel 000302800DD99G
2025-06-24 10:39:55,293 [INFO] Fetching units for 000302900DD99G (67/5131)
2025-06-24 10:39:56,570 [INFO] \U0001f3d7\ufe0f Found 1 building(s) for parcel 000302900DD99G
2025-06-24 10:40:11,571 [INFO] Fetching units for 000303100DD99G (68/5131)
2025-06-24 10:40:12,572 [INFO] \U0001f3d7\ufe0f Found 2 building(s) for parcel 000303100DD99G
2025-06-24 10:40:27,589 [INFO] Fetching units for 000303200DD99G (69/5131)
2025-06-24 10:40:28,586 [INFO] \U0001f3d7\ufe0f Found 1 building(s) for parcel 000303200DD99G
2025-06-24 10:40:43,587 [INFO] Fetching units for 000303300DD99G (70/5131)
2025-06-24 10:40:45,211 [INFO] \U0001f3d7\ufe0f Found 4 building(s) for parcel 000303300DD99G
2025-06-24 10:41:00,224 [INFO] Fetching units for 000303400DD99G (71/5131)
2025-06-24 10:41:01,387 [INFO] \U0001f3d7\ufe0f Found 6 building(s) for parcel 000303400DD99G
2025-06-24 10:41:16,388 [INFO] \U0001f9f1 Prepared 15 building records for insertion.
2025-06-24 10:41:16,404 [INFO] Inserted 15 building records.
2025-06-24 10:41:16,404 [INFO] Fetching units for 000303600DD99G (72/5131)
2025-06-24 10:41:17,370 [INFO] \U0001f3d7\ufe0f Found 1 building(s) for parcel 000303600DD99G
2025-06-24 10:41:32,375 [INFO] Fetching units for 000303700DD99G (73/5131)
2025-06-24 10:41:33,746 [INFO] \U0001f3d7\ufe0f Found 2 building(s) for parcel 000303700DD99G
2025-06-24 10:41:48,749 [INFO] Fetching units for 000303800DD99G (74/5131)
2025-06-24 10:41:49,925 [INFO] \U0001f3d7\ufe0f Found 1 building(s) for parcel 000303800DD99G
2025-06-24 10:42:04,933 [INFO] Fetching units for 000304100DD99G (75/5131)
2025-06-24 10:42:06,204 [INFO] \U0001f3d7\ufe0f Found 5 building(s) for parcel 000304100DD99G
2025-06-24 10:42:21,213 [INFO] Fetching units for 000304200DD99G (76/5131)
2025-06-24 10:42:22,476 [INFO] \U0001f3d7\ufe0f Found 4 building(s) for parcel 000304200DD99G
2025-06-24 10:42:37,501 [INFO] \U0001f9f1 Prepared 13 building records for insertion.
2025-06-24 10:42:37,518 [INFO] Inserted 13 building records.
2025-06-24 10:42:37,518 [INFO] Fetching units for 000304300DD99G (77/5131)
2025-06-24 10:42:38,808 [INFO] \U0001f3d7\ufe0f Found 1 building(s) for parcel 000304300DD99G
2025-06-24 10:42:53,827 [INFO] Fetching units for 000304400DD99G (78/5131)
2025-06-24 10:42:54,950 [INFO] \U0001f3d7\ufe0f Found 4 building(s) for parcel 000304400DD99G
2025-06-24 10:43:09,957 [INFO] Fetching units for 000304500DD99G (79/5131)
2025-06-24 10:43:11,125 [INFO] \U0001f3d7\ufe0f Found 4 building(s) for parcel 000304500DD99G
2025-06-24 10:43:26,135 [INFO] Fetching units for 000304600DD99G (80/5131)
2025-06-24 10:43:27,173 [INFO] \U0001f3d7\ufe0f Found 3 building(s) for parcel 000304600DD99G
2025-06-24 10:43:42,182 [INFO] \U0001f9f1 Prepared 12 building records for insertion.
2025-06-24 10:43:42,199 [INFO] Inserted 12 building records.
2025-06-24 10:43:42,199 [INFO] Fetching units for 000304900DD99G (81/5131)
2025-06-24 10:43:43,175 [INFO] \U0001f3d7\ufe0f Found 2 building(s) for parcel 000304900DD99G
2025-06-24 10:43:58,186 [INFO] Fetching units for 000305100DD99G (82/5131)
2025-06-24 10:43:59,212 [INFO] \U0001f3d7\ufe0f Found 2 building(s) for parcel 000305100DD99G
2025-06-24 10:44:14,227 [INFO] Fetching units for 000400100DD89F (83/5131)
2025-06-24 10:44:15,385 [INFO] \U0001f3d7\ufe0f Found 4 building(s) for parcel 000400100DD89F
2025-06-24 10:44:30,389 [INFO] Fetching units for 000400100DD99G (84/5131)
2025-06-24 10:44:31,283 [INFO] \U0001f3d7\ufe0f Found 1 building(s) for parcel 000400100DD99G
2025-06-24 10:45:21,995 [INFO] Fetching units for 000400100DE90E (85/5131)
2025-06-24 10:45:23,255 [INFO] \U0001f3d7\ufe0f Found 2 building(s) for parcel 000400100DE90E
2025-06-24 10:45:38,327 [INFO] \U0001f9f1 Prepared 11 building records for insertion.
2025-06-24 10:45:39,375 [INFO] Inserted 11 building records.
2025-06-24 10:45:39,375 [INFO] Fetching units for 000400300DD99G (86/5131)
2025-06-24 10:45:41,125 [INFO] \U0001f3d7\ufe0f Found 1 building(s) for parcel 000400300DD99G
2025-06-24 10:45:56,146 [INFO] Fetching units for 000400400DE90A (87/5131)
2025-06-24 10:45:57,219 [INFO] \U0001f3d7\ufe0f Found 2 building(s) for parcel 000400400DE90A
2025-06-24 10:46:12,231 [INFO] Fetching units for 000400500DE90A (88/5131)
2025-06-24 10:46:13,491 [INFO] \U0001f3d7\ufe0f Found 4 building(s) for parcel 000400500DE90A
2025-06-24 10:46:28,511 [INFO] Fetching units for 000400600DD99G (89/5131)
2025-06-24 10:46:29,523 [INFO] \U0001f3d7\ufe0f Found 1 building(s) for parcel 000400600DD99G
2025-06-24 10:46:44,549 [INFO] Fetching units for 000400700DD99G (90/5131)
2025-06-24 10:46:45,940 [INFO] \U0001f3d7\ufe0f Found 7 building(s) for parcel 000400700DD99G
2025-06-24 10:47:00,954 [INFO] \U0001f9f1 Prepared 15 building records for insertion.
2025-06-24 10:47:01,352 [INFO] Inserted 15 building records.
2025-06-24 10:47:01,355 [INFO] Fetching units for 000400900DD99G (91/5131)
2025-06-24 10:47:02,731 [INFO] \U0001f3d7\ufe0f Found 1 building(s) for parcel 000400900DD99G
2025-06-24 10:47:17,735 [INFO] Fetching units for 000401100DD99G (92/5131)
2025-06-24 10:47:19,339 [INFO] \U0001f3d7\ufe0f Found 2 building(s) for parcel 000401100DD99G
2025-06-24 10:47:34,359 [INFO] Fetching units for 000401300DD99G (93/5131)
2025-06-24 10:47:35,675 [INFO] \U0001f3d7\ufe0f Found 1 building(s) for parcel 000401300DD99G
2025-06-24 10:47:50,706 [INFO] Fetching units for 000401700DD99G (94/5131)
2025-06-24 10:47:51,963 [INFO] \U0001f3d7\ufe0f Found 2 building(s) for parcel 000401700DD99G
2025-06-24 10:48:06,991 [INFO] Fetching units for 000401800DD99G (95/5131)
2025-06-24 10:48:08,048 [INFO] \U0001f3d7\ufe0f Found 1 building(s) for parcel 000401800DD99G
2025-06-24 10:48:23,061 [INFO] Fetching units for 000401900DD99G (96/5131)
2025-06-24 10:48:24,109 [INFO] \U0001f3d7\ufe0f Found 2 building(s) for parcel 000401900DD99G
2025-06-24 10:48:39,125 [INFO] Fetching units for 000402000DD99G (97/5131)
2025-06-24 10:48:40,570 [INFO] \U0001f3d7\ufe0f Found 5 building(s) for parcel 000402000DD99G
2025-06-24 10:48:55,574 [INFO] \U0001f9f1 Prepared 14 building records for insertion.
2025-06-24 10:48:55,989 [INFO] Inserted 14 building records.
2025-06-24 10:48:55,989 [INFO] Fetching units for 000402400DD99G (98/5131)
2025-06-24 10:48:57,036 [INFO] \U0001f3d7\ufe0f Found 1 building(s) for parcel 000402400DD99G
2025-06-24 10:49:12,042 [INFO] Fetching units for 000500100DE90A (99/5131)
2025-06-24 10:49:12,935 [INFO] \U0001f3d7\ufe0f Found 4 building(s) for parcel 000500100DE90A
2025-06-24 10:49:27,946 [INFO] Fetching units for 000500200DD99G (100/5131)
2025-06-24 10:49:29,288 [INFO] \U0001f3d7\ufe0f Found 2 building(s) for parcel 000500200DD99G
2025-06-24 10:49:44,303 [INFO] Fetching units for 000500300DD99G (101/5131)
2025-06-24 10:49:45,654 [INFO] \U0001f3d7\ufe0f Found 2 building(s) for parcel 000500300DD99G
2025-06-24 10:50:00,664 [INFO] Fetching units for 000500300DE90A (102/5131)
2025-06-24 10:50:01,687 [INFO] \U0001f3d7\ufe0f Found 3 building(s) for parcel 000500300DE90A
2025-06-24 10:50:16,691 [INFO] \U0001f9f1 Prepared 12 building records for insertion.
2025-06-24 10:50:16,735 [INFO] Inserted 12 building records.
2025-06-24 10:50:16,735 [INFO] Fetching units for 000500400DD99G (103/5131)
2025-06-24 10:50:17,883 [INFO] \U0001f3d7\ufe0f Found 2 building(s) for parcel 000500400DD99G
2025-06-24 10:50:32,888 [INFO] Fetching units for 000500500DE90A (104/5131)
2025-06-24 10:50:34,035 [INFO] \U0001f3d7\ufe0f Found 5 building(s) for parcel 000500500DE90A
2025-06-24 10:50:49,048 [INFO] Fetching units for 000500700DE90A (105/5131)
2025-06-24 10:50:50,370 [INFO] \U0001f3d7\ufe0f Found 1 building(s) for parcel 000500700DE90A
2025-06-24 10:51:05,375 [INFO] Fetching units for 000500800DE90A (106/5131)
2025-06-24 10:51:06,663 [INFO] \U0001f3d7\ufe0f Found 4 building(s) for parcel 000500800DE90A
2025-06-24 10:51:21,677 [INFO] \U0001f9f1 Prepared 12 building records for insertion.
2025-06-24 10:51:21,707 [INFO] Inserted 12 building records.
2025-06-24 10:51:21,707 [INFO] Fetching units for 000501100DE90A (107/5131)
2025-06-24 10:51:22,817 [INFO] \U0001f3d7\ufe0f Found 1 building(s) for parcel 000501100DE90A
2025-06-24 10:51:37,832 [INFO] Fetching units for 000501200DE90A (108/5131)
2025-06-24 10:51:38,933 [INFO] \U0001f3d7\ufe0f Found 4 building(s) for parcel 000501200DE90A
2025-06-24 10:51:53,983 [INFO] Fetching units for 000501400DE90A (109/5131)
2025-06-24 10:51:55,231 [INFO] \U0001f3d7\ufe0f Found 1 building(s) for parcel 000501400DE90A
2025-06-24 10:52:10,239 [INFO] Fetching units for 000501600DE90A (110/5131)
2025-06-24 10:52:11,241 [INFO] \U0001f3d7\ufe0f Found 8 building(s) for parcel 000501600DE90A
2025-06-24 10:52:26,253 [INFO] \U0001f9f1 Prepared 14 building records for insertion.
2025-06-24 10:52:26,278 [INFO] Inserted 14 building records.
2025-06-24 10:52:26,278 [INFO] Fetching units for 000501800DE90A (111/5131)
2025-06-24 10:52:27,331 [INFO] \U0001f3d7\ufe0f Found 4 building(s) for parcel 000501800DE90A
2025-06-24 10:52:42,349 [INFO] Fetching units for 000501900DE90A (112/5131)
2025-06-24 10:52:43,297 [INFO] \U0001f3d7\ufe0f Found 2 building(s) for parcel 000501900DE90A
2025-06-24 10:52:58,307 [INFO] Fetching units for 000502000DE90A (113/5131)
2025-06-24 10:52:59,766 [INFO] \U0001f3d7\ufe0f Found 5 building(s) for parcel 000502000DE90A
2025-06-24 10:53:14,772 [INFO] \U0001f9f1 Prepared 11 building records for insertion.
2025-06-24 10:53:14,788 [INFO] Inserted 11 building records.
2025-06-24 10:53:14,788 [INFO] Fetching units for 000600100DD99G (114/5131)
2025-06-24 10:53:16,018 [INFO] \U0001f3d7\ufe0f Found 1 building(s) for parcel 000600100DD99G
2025-06-24 10:53:31,028 [INFO] Fetching units for 000600100DE90A (115/5131)
2025-06-24 10:53:32,134 [INFO] \U0001f3d7\ufe0f Found 1 building(s) for parcel 000600100DE90A
2025-06-24 10:53:47,146 [INFO] Fetching units for 000600100DE90B (116/5131)
2025-06-24 10:53:48,270 [INFO] \U0001f3d7\ufe0f Found 2 building(s) for parcel 000600100DE90B
2025-06-24 10:54:03,277 [INFO] Fetching units for 000600100DE99G (117/5131)
2025-06-24 10:54:05,567 [INFO] \U0001f3d7\ufe0f Found 2 building(s) for parcel 000600100DE99G
2025-06-24 10:54:20,576 [INFO] Fetching units for 000600200DE90A (118/5131)
2025-06-24 10:54:21,640 [INFO] \U0001f3d7\ufe0f Found 1 building(s) for parcel 000600200DE90A
2025-06-24 10:54:36,654 [INFO] Fetching units for 000600400DE90B (119/5131)
2025-06-24 10:54:38,121 [INFO] \U0001f3d7\ufe0f Found 1 building(s) for parcel 000600400DE90B
2025-06-24 10:54:53,125 [INFO] Fetching units for 000600500DE90B (120/5131)
2025-06-24 10:54:54,706 [INFO] \U0001f3d7\ufe0f Found 2 building(s) for parcel 000600500DE90B
2025-06-24 10:55:09,733 [INFO] \U0001f9f1 Prepared 10 building records for insertion.
2025-06-24 10:55:09,766 [INFO] Inserted 10 building records.
2025-06-24 10:55:09,766 [INFO] Fetching units for 000600600DE90B (121/5131)
2025-06-24 10:55:11,656 [INFO] \U0001f3d7\ufe0f Found 4 building(s) for parcel 000600600DE90B
2025-06-24 10:55:26,665 [INFO] Fetching units for 000600800DE90B (122/5131)
2025-06-24 10:55:27,889 [INFO] \U0001f3d7\ufe0f Found 1 building(s) for parcel 000600800DE90B
2025-06-24 10:55:42,890 [INFO] Fetching units for 000601000DE90B (123/5131)
2025-06-24 10:55:43,859 [INFO] \U0001f3d7\ufe0f Found 1 building(s) for parcel 000601000DE90B
2025-06-24 10:55:58,868 [INFO] Fetching units for 000601200DE90B (124/5131)
2025-06-24 10:56:00,096 [INFO] \U0001f3d7\ufe0f Found 3 building(s) for parcel 000601200DE90B
2025-06-24 10:56:15,104 [INFO] Fetching units for 000700100DD99G (125/5131)
2025-06-24 10:56:16,106 [INFO] \U0001f3d7\ufe0f Found 1 building(s) for parcel 000700100DD99G
2025-06-24 10:56:31,110 [INFO] \U0001f9f1 Prepared 10 building records for insertion.
2025-06-24 10:56:31,125 [INFO] Inserted 10 building records.
2025-06-24 10:56:31,125 [INFO] Fetching units for 000700100DE90A (126/5131)
2025-06-24 10:56:32,524 [INFO] \U0001f3d7\ufe0f Found 8 building(s) for parcel 000700100DE90A
2025-06-24 10:56:47,529 [INFO] Fetching units for 000700200DE90A (127/5131)
2025-06-24 10:56:48,496 [INFO] \U0001f3d7\ufe0f Found 2 building(s) for parcel 000700200DE90A
2025-06-24 10:57:03,504 [INFO] \U0001f9f1 Prepared 10 building records for insertion.
2025-06-24 10:57:03,520 [INFO] Inserted 10 building records.
2025-06-24 10:57:03,520 [INFO] Fetching units for 000700300DE90A (128/5131)
2025-06-24 10:57:04,490 [INFO] \U0001f3d7\ufe0f Found 2 building(s) for parcel 000700300DE90A
2025-06-24 10:57:19,490 [INFO] Fetching units for 000700400DD99G (129/5131)
2025-06-24 10:57:20,543 [INFO] \U0001f3d7\ufe0f Found 1 building(s) for parcel 000700400DD99G
2025-06-24 10:57:35,573 [INFO] Fetching units for 000700500DD99G (130/5131)
2025-06-24 10:57:36,914 [INFO] \U0001f3d7\ufe0f Found 2 building(s) for parcel 000700500DD99G
2025-06-24 10:57:51,932 [INFO] Fetching units for 000700500DE90A (131/5131)
2025-06-24 10:57:52,995 [INFO] \U0001f3d7\ufe0f Found 2 building(s) for parcel 000700500DE90A
2025-06-24 10:58:08,000 [INFO] Fetching units for 000700700DD99G (132/5131)
2025-06-24 10:58:09,174 [INFO] \U0001f3d7\ufe0f Found 3 building(s) for parcel 000700700DD99G
2025-06-24 10:59:24,722 [INFO] \U0001f9f1 Prepared 10 building records for insertion.
2025-06-24 10:59:24,757 [INFO] Inserted 10 building records.
2025-06-24 10:59:24,757 [INFO] Fetching units for 000700700DE90A (133/5131)
2025-06-24 10:59:25,974 [INFO] \U0001f3d7\ufe0f Found 1 building(s) for parcel 000700700DE90A
2025-06-24 10:59:40,984 [INFO] Fetching units for 000700800DE90A (134/5131)
2025-06-24 10:59:41,951 [INFO] \U0001f3d7\ufe0f Found 2 building(s) for parcel 000700800DE90A
2025-06-24 10:59:56,957 [INFO] Fetching units for 000701100DD99G (135/5131)
2025-06-24 10:59:58,119 [INFO] \U0001f3d7\ufe0f Found 4 building(s) for parcel 000701100DD99G
2025-06-24 11:00:13,133 [INFO] Fetching units for 000701100DE90A (136/5131)
2025-06-24 11:00:14,924 [INFO] \U0001f3d7\ufe0f Found 6 building(s) for parcel 000701100DE90A
2025-06-24 11:00:29,931 [INFO] \U0001f9f1 Prepared 13 building records for insertion.
2025-06-24 11:00:30,101 [INFO] Inserted 13 building records.
2025-06-24 11:00:30,101 [INFO] Fetching units for 000701200DD99G (137/5131)
2025-06-24 11:00:31,723 [INFO] \U0001f3d7\ufe0f Found 2 building(s) for parcel 000701200DD99G
2025-06-24 11:00:46,731 [INFO] Fetching units for 000701200DE90A (138/5131)
2025-06-24 11:00:48,204 [INFO] \U0001f3d7\ufe0f Found 5 building(s) for parcel 000701200DE90A
2025-06-24 11:01:03,211 [INFO] Fetching units for 000701300DD99G (139/5131)
2025-06-24 11:01:04,382 [INFO] \U0001f3d7\ufe0f Found 1 building(s) for parcel 000701300DD99G
2025-06-24 11:01:19,395 [INFO] Fetching units for 000701400DD99G (140/5131)
2025-06-24 11:01:20,665 [INFO] \U0001f3d7\ufe0f Found 1 building(s) for parcel 000701400DD99G
2025-06-24 11:01:35,681 [INFO] Fetching units for 000701700DE90A (141/5131)
2025-06-24 11:01:36,932 [INFO] \U0001f3d7\ufe0f Found 2 building(s) for parcel 000701700DE90A
2025-06-24 11:01:51,958 [INFO] \U0001f9f1 Prepared 11 building records for insertion.
2025-06-24 11:01:51,976 [INFO] Inserted 11 building records.
2025-06-24 11:01:51,976 [INFO] Fetching units for 000701900DE90A (142/5131)
2025-06-24 11:01:53,330 [INFO] \U0001f3d7\ufe0f Found 4 building(s) for parcel 000701900DE90A
2025-06-24 11:02:08,339 [INFO] Fetching units for 000702000DE90A (143/5131)
2025-06-24 11:02:09,714 [INFO] \U0001f3d7\ufe0f Found 5 building(s) for parcel 000702000DE90A
2025-06-24 11:02:24,733 [INFO] Fetching units for 000702200DD99G (144/5131)
2025-06-24 11:02:25,790 [INFO] \U0001f3d7\ufe0f Found 7 building(s) for parcel 000702200DD99G
2025-06-24 11:02:40,794 [INFO] \U0001f9f1 Prepared 16 building records for insertion.
2025-06-24 11:02:40,841 [INFO] Inserted 16 building records.
2025-06-24 11:02:40,841 [INFO] Fetching units for 000703300DD99G (145/5131)
2025-06-24 11:02:42,062 [INFO] \U0001f3d7\ufe0f Found 3 building(s) for parcel 000703300DD99G
2025-06-24 11:02:57,073 [INFO] Fetching units for 000800100DD99G (146/5131)
2025-06-24 11:02:58,245 [INFO] \U0001f3d7\ufe0f Found 1 building(s) for parcel 000800100DD99G
2025-06-24 11:03:13,257 [INFO] Fetching units for 000800100DE90A (147/5131)
2025-06-24 11:03:14,221 [INFO] \U0001f3d7\ufe0f Found 1 building(s) for parcel 000800100DE90A
2025-06-24 11:03:29,223 [INFO] Fetching units for 000800300DE90A (148/5131)
2025-06-24 11:03:30,499 [INFO] \U0001f3d7\ufe0f Found 1 building(s) for parcel 000800300DE90A
2025-06-24 11:03:45,506 [INFO] Fetching units for 000800500DE90A (149/5131)
2025-06-24 11:03:46,792 [INFO] \U0001f3d7\ufe0f Found 1 building(s) for parcel 000800500DE90A
2025-06-24 11:05:13,453 [INFO] Fetching units for 000800600DD99G (150/5131)
2025-06-24 11:05:14,585 [INFO] \U0001f3d7\ufe0f Found 1 building(s) for parcel 000800600DD99G
2025-06-24 11:05:29,654 [INFO] Fetching units for 000800700DD99G (151/5131)
2025-06-24 11:05:30,952 [INFO] \U0001f3d7\ufe0f Found 1 building(s) for parcel 000800700DD99G
2025-06-24 11:05:45,983 [INFO] Fetching units for 000800800DE90A (152/5131)
2025-06-24 11:05:47,001 [INFO] \U0001f3d7\ufe0f Found 1 building(s) for parcel 000800800DE90A
2025-06-24 11:06:02,019 [INFO] \U0001f9f1 Prepared 10 building records for insertion.
2025-06-24 11:06:02,449 [INFO] Inserted 10 building records.
2025-06-24 11:06:02,449 [INFO] Fetching units for 000800900DD99G (153/5131)
2025-06-24 11:06:03,590 [INFO] \U0001f3d7\ufe0f Found 2 building(s) for parcel 000800900DD99G
2025-06-24 11:06:18,599 [INFO] Fetching units for 000801100DE90A (154/5131)
2025-06-24 11:06:19,984 [INFO] \U0001f3d7\ufe0f Found 6 building(s) for parcel 000801100DE90A
2025-06-24 11:06:34,998 [INFO] Fetching units for 000801200DD99G (155/5131)
2025-06-24 11:06:36,260 [INFO] \U0001f3d7\ufe0f Found 2 building(s) for parcel 000801200DD99G
2025-06-24 11:06:51,265 [INFO] \U0001f9f1 Prepared 10 building records for insertion.
2025-06-24 11:06:51,326 [INFO] Inserted 10 building records.
2025-06-24 11:06:51,326 [INFO] Fetching units for 000801200DE90A (156/5131)
2025-06-24 11:06:52,353 [INFO] \U0001f3d7\ufe0f Found 4 building(s) for parcel 000801200DE90A
2025-06-24 11:07:07,372 [INFO] Fetching units for 000801300DD99G (157/5131)
2025-06-24 11:07:08,216 [INFO] \U0001f3d7\ufe0f Found 1 building(s) for parcel 000801300DD99G
2025-06-24 11:07:23,237 [INFO] Fetching units for 000801400DE90A (158/5131)
2025-06-24 11:07:24,387 [INFO] \U0001f3d7\ufe0f Found 5 building(s) for parcel 000801400DE90A
2025-06-24 11:07:39,389 [INFO] \U0001f9f1 Prepared 10 building records for insertion.
2025-06-24 11:07:39,420 [INFO] Inserted 10 building records.
2025-06-24 11:07:39,420 [INFO] Fetching units for 000801500DD99G (159/5131)
2025-06-24 11:07:40,568 [INFO] \U0001f3d7\ufe0f Found 1 building(s) for parcel 000801500DD99G
2025-06-24 11:07:55,570 [INFO] Fetching units for 000801600DD99G (160/5131)
2025-06-24 11:07:56,754 [INFO] \U0001f3d7\ufe0f Found 2 building(s) for parcel 000801600DD99G
2025-06-24 11:08:11,759 [INFO] Fetching units for 000801600DE90A (161/5131)
2025-06-24 11:08:12,755 [INFO] \U0001f3d7\ufe0f Found 1 building(s) for parcel 000801600DE90A
2025-06-24 11:08:27,761 [INFO] Fetching units for 000801700DD99G (162/5131)
2025-06-24 11:08:29,217 [INFO] \U0001f3d7\ufe0f Found 3 building(s) for parcel 000801700DD99G
2025-06-24 11:08:44,229 [INFO] Fetching units for 000801800DE90A (163/5131)
2025-06-24 11:08:45,385 [INFO] \U0001f3d7\ufe0f Found 3 building(s) for parcel 000801800DE90A
